-- MySQL dump 10.13  Distrib 8.0.43, for Linux (x86_64)
--
-- Host: localhost    Database: aviv
-- ------------------------------------------------------
-- Server version	8.0.43

/*!40101 SET @OLD_CHARACTER_SET_CLIENT=@@CHARACTER_SET_CLIENT */;
/*!40101 SET @OLD_CHARACTER_SET_RESULTS=@@CHARACTER_SET_RESULTS */;
/*!40101 SET @OLD_COLLATION_CONNECTION=@@COLLATION_CONNECTION */;
/*!50503 SET NAMES utf8mb4 */;
/*!40103 SET @OLD_TIME_ZONE=@@TIME_ZONE */;
/*!40103 SET TIME_ZONE='+00:00' */;
/*!40014 SET @OLD_UNIQUE_CHECKS=@@UNIQUE_CHECKS, UNIQUE_CHECKS=0 */;
/*!40014 SET @OLD_FOREIGN_KEY_CHECKS=@@FOREIGN_KEY_CHECKS, FOREIGN_KEY_CHECKS=0 */;
/*!40101 SET @OLD_SQL_MODE=@@SQL_MODE, SQL_MODE='NO_AUTO_VALUE_ON_ZERO' */;
/*!40111 SET @OLD_SQL_NOTES=@@SQL_NOTES, SQL_NOTES=0 */;

--
-- Current Database: `aviv`
--

CREATE DATABASE /*!32312 IF NOT EXISTS*/ `aviv` /*!40100 DEFAULT CHARACTER SET utf8mb4 COLLATE utf8mb4_0900_ai_ci */ /*!80016 DEFAULT ENCRYPTION='N' */;

USE `aviv`;

--
-- Table structure for table `ad_plans`
--

DROP TABLE IF EXISTS `ad_plans`;
/*!40101 SET @saved_cs_client     = @@character_set_client */;
/*!50503 SET character_set_client = utf8mb4 */;
CREATE TABLE `ad_plans` (
  `id` bigint unsigned NOT NULL AUTO_INCREMENT,
  `name` varchar(60) NOT NULL,
  `description` text,
  `view_quota` int NOT NULL,
  `price` decimal(10,2) NOT NULL DEFAULT '0.00',
  `status` enum('active','inactive') NOT NULL DEFAULT 'active',
  `sort_order` int NOT NULL DEFAULT '0',
  `created_at` timestamp NOT NULL DEFAULT CURRENT_TIMESTAMP,
  PRIMARY KEY (`id`)
) ENGINE=InnoDB AUTO_INCREMENT=5 DEFAULT CHARSET=utf8mb4 COLLATE=utf8mb4_0900_ai_ci;
/*!40101 SET character_set_client = @saved_cs_client */;

--
-- Dumping data for table `ad_plans`
--

LOCK TABLES `ad_plans` WRITE;
/*!40000 ALTER TABLE `ad_plans` DISABLE KEYS */;
INSERT INTO `ad_plans` VALUES (1,'Inicial','Pacote com 500 visualizaes de banner.',500,5.00,'active',1,'2025-09-04 23:11:23'),(2,'Intermedirio','Pacote com 1000 visualizaes de banner.',1000,10.00,'active',2,'2025-09-04 23:11:23'),(3,'Expert','Pacote com 5000 visualizaes de banner.',5000,20.00,'active',3,'2025-09-04 23:11:23'),(4,'Ultimate','Pacote com 20000 visualizaes de banner.',20000,50.00,'active',4,'2025-09-04 23:11:23');
/*!40000 ALTER TABLE `ad_plans` ENABLE KEYS */;
UNLOCK TABLES;

--
-- Table structure for table `affiliate_clicks`
--

DROP TABLE IF EXISTS `affiliate_clicks`;
/*!40101 SET @saved_cs_client     = @@character_set_client */;
/*!50503 SET character_set_client = utf8mb4 */;
CREATE TABLE `affiliate_clicks` (
  `id` bigint unsigned NOT NULL AUTO_INCREMENT,
  `link_id` bigint unsigned NOT NULL,
  `ip` varchar(45) DEFAULT NULL,
  `ua` varchar(255) DEFAULT NULL,
  `created_at` timestamp NOT NULL DEFAULT CURRENT_TIMESTAMP,
  PRIMARY KEY (`id`),
  KEY `fk_click_link` (`link_id`),
  CONSTRAINT `fk_click_link` FOREIGN KEY (`link_id`) REFERENCES `affiliate_links` (`id`)
) ENGINE=InnoDB AUTO_INCREMENT=10 DEFAULT CHARSET=utf8mb4 COLLATE=utf8mb4_0900_ai_ci;
/*!40101 SET character_set_client = @saved_cs_client */;

--
-- Dumping data for table `affiliate_clicks`
--

LOCK TABLES `affiliate_clicks` WRITE;
/*!40000 ALTER TABLE `affiliate_clicks` DISABLE KEYS */;
INSERT INTO `affiliate_clicks` VALUES (1,3,'172.20.0.1','Mozilla/5.0 (Windows NT 10.0; Win64; x64) AppleWebKit/537.36 (KHTML, like Gecko) Chrome/139.0.0.0 Safari/537.36','2025-09-04 14:38:22'),(2,3,'172.20.0.1','Mozilla/5.0 (Windows NT 10.0; Win64; x64) AppleWebKit/537.36 (KHTML, like Gecko) Chrome/139.0.0.0 Safari/537.36','2025-09-04 14:38:35'),(3,3,'172.20.0.1','Mozilla/5.0 (Windows NT 10.0; Win64; x64) AppleWebKit/537.36 (KHTML, like Gecko) Chrome/139.0.0.0 Safari/537.36','2025-09-04 14:42:01'),(4,3,'172.20.0.1','Mozilla/5.0 (Windows NT 10.0; Win64; x64) AppleWebKit/537.36 (KHTML, like Gecko) Chrome/139.0.0.0 Safari/537.36','2025-09-04 14:59:18'),(5,3,'172.20.0.1','Mozilla/5.0 (Windows NT 10.0; Win64; x64) AppleWebKit/537.36 (KHTML, like Gecko) Chrome/139.0.0.0 Safari/537.36','2025-09-04 15:01:10'),(6,3,'172.20.0.1','Mozilla/5.0 (Windows NT 10.0; Win64; x64) AppleWebKit/537.36 (KHTML, like Gecko) Chrome/139.0.0.0 Safari/537.36','2025-09-04 15:10:46'),(7,3,'172.20.0.1','Mozilla/5.0 (Windows NT 10.0; Win64; x64) AppleWebKit/537.36 (KHTML, like Gecko) Chrome/139.0.0.0 Safari/537.36','2025-09-04 16:26:52'),(8,3,'172.20.0.1','Mozilla/5.0 (Windows NT 10.0; Win64; x64) AppleWebKit/537.36 (KHTML, like Gecko) Chrome/139.0.0.0 Safari/537.36 Edg/139.0.0.0','2025-09-04 16:50:20'),(9,3,'172.20.0.1','Mozilla/5.0 (Windows NT 10.0; Win64; x64) AppleWebKit/537.36 (KHTML, like Gecko) Chrome/139.0.0.0 Safari/537.36','2025-09-04 16:58:58');
/*!40000 ALTER TABLE `affiliate_clicks` ENABLE KEYS */;
UNLOCK TABLES;

--
-- Table structure for table `affiliate_conversions`
--

DROP TABLE IF EXISTS `affiliate_conversions`;
/*!40101 SET @saved_cs_client     = @@character_set_client */;
/*!50503 SET character_set_client = utf8mb4 */;
CREATE TABLE `affiliate_conversions` (
  `id` bigint unsigned NOT NULL AUTO_INCREMENT,
  `link_id` bigint unsigned NOT NULL,
  `user_id` bigint unsigned DEFAULT NULL,
  `subscription_id` bigint unsigned DEFAULT NULL,
  `amount` decimal(10,2) NOT NULL,
  `commission` decimal(10,2) NOT NULL,
  `status` enum('pending','approved','rejected') NOT NULL DEFAULT 'pending',
  `created_at` timestamp NOT NULL DEFAULT CURRENT_TIMESTAMP,
  PRIMARY KEY (`id`),
  KEY `fk_conv_link` (`link_id`),
  CONSTRAINT `fk_conv_link` FOREIGN KEY (`link_id`) REFERENCES `affiliate_links` (`id`)
) ENGINE=InnoDB AUTO_INCREMENT=6 DEFAULT CHARSET=utf8mb4 COLLATE=utf8mb4_0900_ai_ci;
/*!40101 SET character_set_client = @saved_cs_client */;

--
-- Dumping data for table `affiliate_conversions`
--

LOCK TABLES `affiliate_conversions` WRITE;
/*!40000 ALTER TABLE `affiliate_conversions` DISABLE KEYS */;
INSERT INTO `affiliate_conversions` VALUES (1,3,8,NULL,0.00,0.00,'pending','2025-09-04 14:39:17'),(2,3,9,NULL,0.00,0.00,'pending','2025-09-04 15:11:41'),(3,3,10,NULL,0.00,0.00,'pending','2025-09-04 16:27:41'),(4,3,11,NULL,0.00,0.00,'pending','2025-09-04 16:51:07'),(5,3,12,52,39.90,7.98,'approved','2025-09-04 16:59:40');
/*!40000 ALTER TABLE `affiliate_conversions` ENABLE KEYS */;
UNLOCK TABLES;

--
-- Table structure for table `affiliate_links`
--

DROP TABLE IF EXISTS `affiliate_links`;
/*!40101 SET @saved_cs_client     = @@character_set_client */;
/*!50503 SET character_set_client = utf8mb4 */;
CREATE TABLE `affiliate_links` (
  `id` bigint unsigned NOT NULL AUTO_INCREMENT,
  `user_id` bigint unsigned NOT NULL,
  `code` varchar(24) NOT NULL,
  `created_at` timestamp NOT NULL DEFAULT CURRENT_TIMESTAMP,
  PRIMARY KEY (`id`),
  UNIQUE KEY `code` (`code`),
  KEY `fk_aff_user` (`user_id`),
  CONSTRAINT `fk_aff_user` FOREIGN KEY (`user_id`) REFERENCES `users` (`id`)
) ENGINE=InnoDB AUTO_INCREMENT=4 DEFAULT CHARSET=utf8mb4 COLLATE=utf8mb4_0900_ai_ci;
/*!40101 SET character_set_client = @saved_cs_client */;

--
-- Dumping data for table `affiliate_links`
--

LOCK TABLES `affiliate_links` WRITE;
/*!40000 ALTER TABLE `affiliate_links` DISABLE KEYS */;
INSERT INTO `affiliate_links` VALUES (1,1,'us1','2025-09-04 00:16:53'),(2,6,'u4o6','2025-09-04 00:45:35'),(3,7,'u5g7','2025-09-04 00:55:39');
/*!40000 ALTER TABLE `affiliate_links` ENABLE KEYS */;
UNLOCK TABLES;

--
-- Table structure for table `affiliate_payouts`
--

DROP TABLE IF EXISTS `affiliate_payouts`;
/*!40101 SET @saved_cs_client     = @@character_set_client */;
/*!50503 SET character_set_client = utf8mb4 */;
CREATE TABLE `affiliate_payouts` (
  `id` bigint unsigned NOT NULL AUTO_INCREMENT,
  `affiliate_user_id` bigint unsigned NOT NULL,
  `amount` decimal(10,2) NOT NULL,
  `status` enum('requested','approved','paid','rejected') NOT NULL DEFAULT 'requested',
  `pix_type` enum('cpf','cnpj','email','phone','evp') DEFAULT NULL,
  `pix_key` varchar(160) DEFAULT NULL,
  `notes` varchar(255) DEFAULT NULL,
  `created_at` timestamp NOT NULL DEFAULT CURRENT_TIMESTAMP,
  `processed_at` datetime DEFAULT NULL,
  PRIMARY KEY (`id`),
  KEY `idx_payout_affiliate` (`affiliate_user_id`),
  CONSTRAINT `fk_payout_user` FOREIGN KEY (`affiliate_user_id`) REFERENCES `users` (`id`)
) ENGINE=InnoDB DEFAULT CHARSET=utf8mb4 COLLATE=utf8mb4_0900_ai_ci;
/*!40101 SET character_set_client = @saved_cs_client */;

--
-- Dumping data for table `affiliate_payouts`
--

LOCK TABLES `affiliate_payouts` WRITE;
/*!40000 ALTER TABLE `affiliate_payouts` DISABLE KEYS */;
/*!40000 ALTER TABLE `affiliate_payouts` ENABLE KEYS */;
UNLOCK TABLES;

--
-- Table structure for table `benefit_plans`
--

DROP TABLE IF EXISTS `benefit_plans`;
/*!40101 SET @saved_cs_client     = @@character_set_client */;
/*!50503 SET character_set_client = utf8mb4 */;
CREATE TABLE `benefit_plans` (
  `benefit_id` int unsigned NOT NULL,
  `plan_id` varchar(50) NOT NULL,
  PRIMARY KEY (`benefit_id`,`plan_id`),
  CONSTRAINT `fk_bp_benefit` FOREIGN KEY (`benefit_id`) REFERENCES `benefits` (`id`) ON DELETE CASCADE
) ENGINE=InnoDB DEFAULT CHARSET=utf8mb4 COLLATE=utf8mb4_0900_ai_ci;
/*!40101 SET character_set_client = @saved_cs_client */;

--
-- Dumping data for table `benefit_plans`
--

LOCK TABLES `benefit_plans` WRITE;
/*!40000 ALTER TABLE `benefit_plans` DISABLE KEYS */;
INSERT INTO `benefit_plans` VALUES (2,'Blaster'),(2,'plus'),(2,'start'),(2,'ultimate'),(3,'Blaster'),(3,'plus'),(3,'start'),(3,'ultimate'),(4,'Blaster'),(4,'plus'),(4,'start'),(4,'ultimate'),(5,'Blaster'),(5,'Free'),(5,'plus'),(5,'start'),(5,'ultimate');
/*!40000 ALTER TABLE `benefit_plans` ENABLE KEYS */;
UNLOCK TABLES;

--
-- Table structure for table `benefits`
--

DROP TABLE IF EXISTS `benefits`;
/*!40101 SET @saved_cs_client     = @@character_set_client */;
/*!50503 SET character_set_client = utf8mb4 */;
CREATE TABLE `benefits` (
  `id` int unsigned NOT NULL AUTO_INCREMENT,
  `title` varchar(120) NOT NULL,
  `partner` varchar(120) DEFAULT NULL,
  `type` enum('coupon','link','service') NOT NULL DEFAULT 'coupon',
  `specialty` varchar(80) DEFAULT NULL,
  `code` varchar(80) DEFAULT NULL,
  `link` varchar(255) DEFAULT NULL,
  `valid_until` date DEFAULT NULL,
  `image_url` varchar(255) DEFAULT NULL,
  `description` text,
  `url` varchar(255) DEFAULT NULL,
  `discount` varchar(50) DEFAULT NULL,
  `terms` text,
  `active` tinyint(1) NOT NULL DEFAULT '1',
  `created_at` datetime NOT NULL DEFAULT CURRENT_TIMESTAMP,
  `updated_at` datetime DEFAULT NULL ON UPDATE CURRENT_TIMESTAMP,
  PRIMARY KEY (`id`),
  KEY `idx_active` (`active`)
) ENGINE=InnoDB AUTO_INCREMENT=8 DEFAULT CHARSET=utf8mb4 COLLATE=utf8mb4_0900_ai_ci;
/*!40101 SET character_set_client = @saved_cs_client */;

--
-- Dumping data for table `benefits`
--

LOCK TABLES `benefits` WRITE;
/*!40000 ALTER TABLE `benefits` DISABLE KEYS */;
INSERT INTO `benefits` VALUES (2,'Benefício','Parceiro X','link',NULL,'','americanas.com',NULL,NULL,'Descrição do benefício tip link','https://exemplo.com','10% OFF',NULL,1,'2025-08-24 18:58:04','2025-08-25 15:48:34'),(3,'15 off','Loja ED','coupon',NULL,'#2929299292','americanas.com','2025-08-26',NULL,'Descrição Cupom',NULL,NULL,NULL,1,'2025-08-24 19:25:51','2025-08-25 15:48:53'),(4,'teste','Loja teste','coupon',NULL,'213123231','americanas.com','2025-08-27','https://s2-ge.glbimg.com/bAtit1sZLQwoVPIKIdZB-iJmcdc=/0x0:4282x2409/1080x608/smart/filters:max_age(3600)/https://i.s3.glbimg.com/v1/AUTH_bc8228b6673f488aa253bbcb03c80ec5/internal_photos/bs/2025/O/f/Q7ECBzTICTYKvmR381bA/gettyimages-2231169939.jpg','teste',NULL,NULL,NULL,1,'2025-08-24 21:50:41','2025-08-25 15:49:03'),(5,'Clinica NeuroCirurgia','Clinica NeuroCirurgia','service','Neurocirurgião','','google.com','2025-09-30','https://cdn.prod.website-files.com/647e410aa35e6ce70fed96cd/64ef9adf5324aff351d311a9_afya-educacao-medica-neurocirurgia.jpg','NeuroCirurgia Descrição',NULL,NULL,NULL,1,'2025-09-03 13:02:09',NULL),(6,'15 OFF','FIsioTAP','coupon','Fisioterapia','987239879','yahoo.com','2025-09-17','https://portal.pucrs.br/wp-content/uploads/2024/10/Fisioterapia-na-PUCRS-Foto-Laisa-Mendes-1.jpg','Fisioterapia com 15OFF',NULL,'15% OFF','Apresentar cupom na entrada',0,'2025-09-04 21:14:57',NULL),(7,'30%OFF de teste','','coupon','Odontologia','AVIV-I084WOLR','','2025-09-10','https://portal.pucrs.br/wp-content/uploads/2024/08/odontologia_diegofurtado.jpg','Testando',NULL,'','',0,'2025-09-05 19:29:44',NULL);
/*!40000 ALTER TABLE `benefits` ENABLE KEYS */;
UNLOCK TABLES;

--
-- Table structure for table `coupons`
--

DROP TABLE IF EXISTS `coupons`;
/*!40101 SET @saved_cs_client     = @@character_set_client */;
/*!50503 SET character_set_client = utf8mb4 */;
CREATE TABLE `coupons` (
  `id` bigint unsigned NOT NULL AUTO_INCREMENT,
  `code` varchar(40) NOT NULL,
  `user_id` bigint unsigned NOT NULL,
  `benefit_id` int unsigned NOT NULL,
  `status` enum('issued','used','revoked') NOT NULL DEFAULT 'issued',
  `created_at` timestamp NOT NULL DEFAULT CURRENT_TIMESTAMP,
  `used_at` datetime DEFAULT NULL,
  PRIMARY KEY (`id`),
  UNIQUE KEY `code` (`code`),
  KEY `idx_coupon_user` (`user_id`),
  KEY `fk_cpn_benef` (`benefit_id`),
  CONSTRAINT `fk_cpn_benef` FOREIGN KEY (`benefit_id`) REFERENCES `benefits` (`id`) ON DELETE CASCADE,
  CONSTRAINT `fk_cpn_user` FOREIGN KEY (`user_id`) REFERENCES `users` (`id`)
) ENGINE=InnoDB AUTO_INCREMENT=3 DEFAULT CHARSET=utf8mb4 COLLATE=utf8mb4_0900_ai_ci;
/*!40101 SET character_set_client = @saved_cs_client */;

--
-- Dumping data for table `coupons`
--

LOCK TABLES `coupons` WRITE;
/*!40000 ALTER TABLE `coupons` DISABLE KEYS */;
INSERT INTO `coupons` VALUES (1,'AVIV-C34B5D-1E6860',1,2,'issued','2025-08-25 17:47:19',NULL),(2,'AVIV-224BB2-1352D8',1,3,'issued','2025-08-25 17:47:22',NULL);
/*!40000 ALTER TABLE `coupons` ENABLE KEYS */;
UNLOCK TABLES;

--
-- Table structure for table `invoices`
--

DROP TABLE IF EXISTS `invoices`;
/*!40101 SET @saved_cs_client     = @@character_set_client */;
/*!50503 SET character_set_client = utf8mb4 */;
CREATE TABLE `invoices` (
  `id` bigint unsigned NOT NULL AUTO_INCREMENT,
  `subscription_id` bigint unsigned NOT NULL,
  `asaas_invoice_id` varchar(64) DEFAULT NULL,
  `value` decimal(10,2) NOT NULL,
  `status` enum('pending','paid','overdue','canceled') NOT NULL DEFAULT 'pending',
  `due_date` date DEFAULT NULL,
  `paid_at` datetime DEFAULT NULL,
  `raw` json DEFAULT NULL,
  `created_at` timestamp NOT NULL DEFAULT CURRENT_TIMESTAMP,
  PRIMARY KEY (`id`),
  KEY `idx_inv_sub` (`subscription_id`),
  CONSTRAINT `fk_inv_sub` FOREIGN KEY (`subscription_id`) REFERENCES `subscriptions` (`id`)
) ENGINE=InnoDB AUTO_INCREMENT=65 DEFAULT CHARSET=utf8mb4 COLLATE=utf8mb4_0900_ai_ci;
/*!40101 SET character_set_client = @saved_cs_client */;

--
-- Dumping data for table `invoices`
--

LOCK TABLES `invoices` WRITE;
/*!40000 ALTER TABLE `invoices` DISABLE KEYS */;
INSERT INTO `invoices` VALUES (1,8,'pay_azh5d9oz3d7d95as',39.90,'pending','2025-08-27',NULL,'{\"id\": \"pay_azh5d9oz3d7d95as\", \"fine\": {\"type\": \"FIXED\", \"value\": 0}, \"value\": 39.9, \"escrow\": null, \"object\": \"payment\", \"status\": \"PENDING\", \"deleted\": false, \"dueDate\": \"2025-08-27\", \"refunds\": null, \"customer\": \"cus_000006965903\", \"discount\": {\"type\": \"FIXED\", \"value\": 0, \"limitDate\": null, \"dueDateLimitDays\": 0}, \"interest\": {\"type\": \"PERCENTAGE\", \"value\": 0}, \"netValue\": 38.91, \"creditDate\": null, \"invoiceUrl\": \"https://sandbox.asaas.com/i/azh5d9oz3d7d95as\", \"anticipable\": false, \"anticipated\": false, \"bankSlipUrl\": \"https://sandbox.asaas.com/b/pdf/azh5d9oz3d7d95as\", \"billingType\": \"BOLETO\", \"dateCreated\": \"2025-08-26\", \"description\": null, \"nossoNumero\": \"11293582\", \"paymentDate\": null, \"paymentLink\": null, \"subscription\": \"sub_jg51aa2v8avfa0g2\", \"interestValue\": null, \"invoiceNumber\": \"11121323\", \"originalValue\": null, \"postalService\": false, \"pixTransaction\": null, \"checkoutSession\": null, \"originalDueDate\": \"2025-08-27\", \"clientPaymentDate\": null, \"externalReference\": null, \"installmentNumber\": null, \"estimatedCreditDate\": null, \"canBePaidAfterDueDate\": true, \"lastInvoiceViewedDate\": null, \"transactionReceiptUrl\": null, \"lastBankSlipViewedDate\": null}','2025-08-26 20:20:53'),(2,9,'pay_413hqn4b6m4t3wp1',39.90,'canceled','2025-08-27',NULL,'{\"id\": \"pay_413hqn4b6m4t3wp1\", \"fine\": {\"type\": \"FIXED\", \"value\": 0}, \"value\": 39.9, \"escrow\": null, \"object\": \"payment\", \"status\": \"PENDING\", \"deleted\": false, \"dueDate\": \"2025-08-27\", \"refunds\": null, \"customer\": \"cus_000006966083\", \"discount\": {\"type\": \"FIXED\", \"value\": 0, \"limitDate\": null, \"dueDateLimitDays\": 0}, \"interest\": {\"type\": \"PERCENTAGE\", \"value\": 0}, \"netValue\": 38.91, \"creditDate\": null, \"invoiceUrl\": \"https://sandbox.asaas.com/i/413hqn4b6m4t3wp1\", \"anticipable\": false, \"anticipated\": false, \"bankSlipUrl\": \"https://sandbox.asaas.com/b/pdf/413hqn4b6m4t3wp1\", \"billingType\": \"BOLETO\", \"dateCreated\": \"2025-08-26\", \"description\": null, \"nossoNumero\": \"11293720\", \"paymentDate\": null, \"paymentLink\": null, \"subscription\": \"sub_w8aqe6npwmid2zrs\", \"interestValue\": null, \"invoiceNumber\": \"11121754\", \"originalValue\": null, \"postalService\": false, \"pixTransaction\": null, \"checkoutSession\": null, \"originalDueDate\": \"2025-08-27\", \"clientPaymentDate\": null, \"externalReference\": null, \"installmentNumber\": null, \"estimatedCreditDate\": null, \"canBePaidAfterDueDate\": true, \"lastInvoiceViewedDate\": null, \"transactionReceiptUrl\": null, \"lastBankSlipViewedDate\": null}','2025-08-26 21:22:18'),(3,10,'pay_a8g83st6swo1mrl1',90.00,'canceled','2025-08-27',NULL,'{\"id\": \"pay_a8g83st6swo1mrl1\", \"fine\": {\"type\": \"FIXED\", \"value\": 0}, \"value\": 90, \"escrow\": null, \"object\": \"payment\", \"status\": \"PENDING\", \"deleted\": false, \"dueDate\": \"2025-08-27\", \"refunds\": null, \"customer\": \"cus_000006966083\", \"discount\": {\"type\": \"FIXED\", \"value\": 0, \"limitDate\": null, \"dueDateLimitDays\": 0}, \"interest\": {\"type\": \"PERCENTAGE\", \"value\": 0}, \"netValue\": 89.01, \"creditDate\": null, \"invoiceUrl\": \"https://sandbox.asaas.com/i/a8g83st6swo1mrl1\", \"anticipable\": false, \"anticipated\": false, \"bankSlipUrl\": \"https://sandbox.asaas.com/b/pdf/a8g83st6swo1mrl1\", \"billingType\": \"BOLETO\", \"dateCreated\": \"2025-08-26\", \"description\": null, \"nossoNumero\": \"11293742\", \"paymentDate\": null, \"paymentLink\": null, \"subscription\": \"sub_76dve7k9nm1mkvmj\", \"interestValue\": null, \"invoiceNumber\": \"11121897\", \"originalValue\": null, \"postalService\": false, \"pixTransaction\": null, \"checkoutSession\": null, \"originalDueDate\": \"2025-08-27\", \"clientPaymentDate\": null, \"externalReference\": null, \"installmentNumber\": null, \"estimatedCreditDate\": null, \"canBePaidAfterDueDate\": true, \"lastInvoiceViewedDate\": null, \"transactionReceiptUrl\": null, \"lastBankSlipViewedDate\": null}','2025-08-26 21:45:35'),(4,11,'pay_n51b009bfyxtjowp',39.90,'canceled','2025-08-27',NULL,'{\"id\": \"pay_n51b009bfyxtjowp\", \"fine\": {\"type\": \"FIXED\", \"value\": 0}, \"value\": 39.9, \"escrow\": null, \"object\": \"payment\", \"status\": \"PENDING\", \"deleted\": false, \"dueDate\": \"2025-08-27\", \"refunds\": null, \"customer\": \"cus_000006966083\", \"discount\": {\"type\": \"FIXED\", \"value\": 0, \"limitDate\": null, \"dueDateLimitDays\": 0}, \"interest\": {\"type\": \"PERCENTAGE\", \"value\": 0}, \"netValue\": 38.91, \"creditDate\": null, \"invoiceUrl\": \"https://sandbox.asaas.com/i/n51b009bfyxtjowp\", \"anticipable\": false, \"anticipated\": false, \"bankSlipUrl\": \"https://sandbox.asaas.com/b/pdf/n51b009bfyxtjowp\", \"billingType\": \"BOLETO\", \"dateCreated\": \"2025-08-26\", \"description\": null, \"nossoNumero\": \"11293762\", \"paymentDate\": null, \"paymentLink\": null, \"subscription\": \"sub_1d0o52wyhev7ywe8\", \"interestValue\": null, \"invoiceNumber\": \"11121968\", \"originalValue\": null, \"postalService\": false, \"pixTransaction\": null, \"checkoutSession\": null, \"originalDueDate\": \"2025-08-27\", \"clientPaymentDate\": null, \"externalReference\": null, \"installmentNumber\": null, \"estimatedCreditDate\": null, \"canBePaidAfterDueDate\": true, \"lastInvoiceViewedDate\": null, \"transactionReceiptUrl\": null, \"lastBankSlipViewedDate\": null}','2025-08-26 22:02:07'),(5,12,'pay_pkbppmylcvpfd4v7',39.00,'canceled','2025-08-27',NULL,'{\"id\": \"pay_pkbppmylcvpfd4v7\", \"fine\": {\"type\": \"FIXED\", \"value\": 0}, \"value\": 39, \"escrow\": null, \"object\": \"payment\", \"status\": \"PENDING\", \"deleted\": false, \"dueDate\": \"2025-08-27\", \"refunds\": null, \"customer\": \"cus_000006966083\", \"discount\": {\"type\": \"FIXED\", \"value\": 0, \"limitDate\": null, \"dueDateLimitDays\": 0}, \"interest\": {\"type\": \"PERCENTAGE\", \"value\": 0}, \"netValue\": 38.01, \"creditDate\": null, \"invoiceUrl\": \"https://sandbox.asaas.com/i/pkbppmylcvpfd4v7\", \"anticipable\": false, \"anticipated\": false, \"bankSlipUrl\": \"https://sandbox.asaas.com/b/pdf/pkbppmylcvpfd4v7\", \"billingType\": \"BOLETO\", \"dateCreated\": \"2025-08-26\", \"description\": null, \"nossoNumero\": \"11293767\", \"paymentDate\": null, \"paymentLink\": null, \"subscription\": \"sub_5yya1srpt3mjskfr\", \"interestValue\": null, \"invoiceNumber\": \"11122005\", \"originalValue\": null, \"postalService\": false, \"pixTransaction\": null, \"checkoutSession\": null, \"originalDueDate\": \"2025-08-27\", \"clientPaymentDate\": null, \"externalReference\": null, \"installmentNumber\": null, \"estimatedCreditDate\": null, \"canBePaidAfterDueDate\": true, \"lastInvoiceViewedDate\": null, \"transactionReceiptUrl\": null, \"lastBankSlipViewedDate\": null}','2025-08-26 22:14:55'),(6,13,'pay_ezqrou54hk37tbzv',19.00,'canceled','2025-08-27',NULL,'{\"id\": \"pay_ezqrou54hk37tbzv\", \"fine\": {\"type\": \"FIXED\", \"value\": 0}, \"value\": 19, \"escrow\": null, \"object\": \"payment\", \"status\": \"PENDING\", \"deleted\": false, \"dueDate\": \"2025-08-27\", \"refunds\": null, \"customer\": \"cus_000006966083\", \"discount\": {\"type\": \"FIXED\", \"value\": 0, \"limitDate\": null, \"dueDateLimitDays\": 0}, \"interest\": {\"type\": \"PERCENTAGE\", \"value\": 0}, \"netValue\": 18.01, \"creditDate\": null, \"invoiceUrl\": \"https://sandbox.asaas.com/i/ezqrou54hk37tbzv\", \"anticipable\": false, \"anticipated\": false, \"bankSlipUrl\": \"https://sandbox.asaas.com/b/pdf/ezqrou54hk37tbzv\", \"billingType\": \"BOLETO\", \"dateCreated\": \"2025-08-26\", \"description\": null, \"nossoNumero\": \"11293768\", \"paymentDate\": null, \"paymentLink\": null, \"subscription\": \"sub_y8wu8v3f8yljnrmd\", \"interestValue\": null, \"invoiceNumber\": \"11122010\", \"originalValue\": null, \"postalService\": false, \"pixTransaction\": null, \"checkoutSession\": null, \"originalDueDate\": \"2025-08-27\", \"clientPaymentDate\": null, \"externalReference\": null, \"installmentNumber\": null, \"estimatedCreditDate\": null, \"canBePaidAfterDueDate\": true, \"lastInvoiceViewedDate\": null, \"transactionReceiptUrl\": null, \"lastBankSlipViewedDate\": null}','2025-08-26 22:15:32'),(7,14,'pay_ybot5r0x8lzfc187',39.00,'canceled','2025-08-27',NULL,'{\"id\": \"pay_ybot5r0x8lzfc187\", \"fine\": {\"type\": \"FIXED\", \"value\": 0}, \"value\": 39, \"escrow\": null, \"object\": \"payment\", \"status\": \"PENDING\", \"deleted\": false, \"dueDate\": \"2025-08-27\", \"refunds\": null, \"customer\": \"cus_000006966083\", \"discount\": {\"type\": \"FIXED\", \"value\": 0, \"limitDate\": null, \"dueDateLimitDays\": 0}, \"interest\": {\"type\": \"PERCENTAGE\", \"value\": 0}, \"netValue\": 38.01, \"creditDate\": null, \"invoiceUrl\": \"https://sandbox.asaas.com/i/ybot5r0x8lzfc187\", \"anticipable\": false, \"anticipated\": false, \"bankSlipUrl\": \"https://sandbox.asaas.com/b/pdf/ybot5r0x8lzfc187\", \"billingType\": \"BOLETO\", \"dateCreated\": \"2025-08-26\", \"description\": null, \"nossoNumero\": \"11293769\", \"paymentDate\": null, \"paymentLink\": null, \"subscription\": \"sub_xz9lah4aolcuqd6m\", \"interestValue\": null, \"invoiceNumber\": \"11122012\", \"originalValue\": null, \"postalService\": false, \"pixTransaction\": null, \"checkoutSession\": null, \"originalDueDate\": \"2025-08-27\", \"clientPaymentDate\": null, \"externalReference\": null, \"installmentNumber\": null, \"estimatedCreditDate\": null, \"canBePaidAfterDueDate\": true, \"lastInvoiceViewedDate\": null, \"transactionReceiptUrl\": null, \"lastBankSlipViewedDate\": null}','2025-08-26 22:15:41'),(8,15,'pay_jwn07hvdadc5d0q1',39.90,'canceled','2025-08-27',NULL,'{\"id\": \"pay_jwn07hvdadc5d0q1\", \"fine\": {\"type\": \"FIXED\", \"value\": 0}, \"value\": 39.9, \"escrow\": null, \"object\": \"payment\", \"status\": \"PENDING\", \"deleted\": false, \"dueDate\": \"2025-08-27\", \"refunds\": null, \"customer\": \"cus_000006966083\", \"discount\": {\"type\": \"FIXED\", \"value\": 0, \"limitDate\": null, \"dueDateLimitDays\": 0}, \"interest\": {\"type\": \"PERCENTAGE\", \"value\": 0}, \"netValue\": 38.91, \"creditDate\": null, \"invoiceUrl\": \"https://sandbox.asaas.com/i/jwn07hvdadc5d0q1\", \"anticipable\": false, \"anticipated\": false, \"bankSlipUrl\": \"https://sandbox.asaas.com/b/pdf/jwn07hvdadc5d0q1\", \"billingType\": \"BOLETO\", \"dateCreated\": \"2025-08-26\", \"description\": null, \"nossoNumero\": \"11293795\", \"paymentDate\": null, \"paymentLink\": null, \"subscription\": \"sub_jezfmvh7ovdyu11l\", \"interestValue\": null, \"invoiceNumber\": \"11122043\", \"originalValue\": null, \"postalService\": false, \"pixTransaction\": null, \"checkoutSession\": null, \"originalDueDate\": \"2025-08-27\", \"clientPaymentDate\": null, \"externalReference\": null, \"installmentNumber\": null, \"estimatedCreditDate\": null, \"canBePaidAfterDueDate\": true, \"lastInvoiceViewedDate\": null, \"transactionReceiptUrl\": null, \"lastBankSlipViewedDate\": null}','2025-08-26 22:18:13'),(9,16,'pay_vggaqy6h14ig9xlc',90.00,'canceled','2025-08-27',NULL,'{\"id\": \"pay_vggaqy6h14ig9xlc\", \"fine\": {\"type\": \"FIXED\", \"value\": 0}, \"value\": 90, \"escrow\": null, \"object\": \"payment\", \"status\": \"PENDING\", \"deleted\": false, \"dueDate\": \"2025-08-27\", \"refunds\": null, \"customer\": \"cus_000006966083\", \"discount\": {\"type\": \"FIXED\", \"value\": 0, \"limitDate\": null, \"dueDateLimitDays\": 0}, \"interest\": {\"type\": \"PERCENTAGE\", \"value\": 0}, \"netValue\": 89.01, \"creditDate\": null, \"invoiceUrl\": \"https://sandbox.asaas.com/i/vggaqy6h14ig9xlc\", \"anticipable\": false, \"anticipated\": false, \"bankSlipUrl\": \"https://sandbox.asaas.com/b/pdf/vggaqy6h14ig9xlc\", \"billingType\": \"BOLETO\", \"dateCreated\": \"2025-08-26\", \"description\": null, \"nossoNumero\": \"11293796\", \"paymentDate\": null, \"paymentLink\": null, \"subscription\": \"sub_fnfhw7s54yrlck11\", \"interestValue\": null, \"invoiceNumber\": \"11122044\", \"originalValue\": null, \"postalService\": false, \"pixTransaction\": null, \"checkoutSession\": null, \"originalDueDate\": \"2025-08-27\", \"clientPaymentDate\": null, \"externalReference\": null, \"installmentNumber\": null, \"estimatedCreditDate\": null, \"canBePaidAfterDueDate\": true, \"lastInvoiceViewedDate\": null, \"transactionReceiptUrl\": null, \"lastBankSlipViewedDate\": null}','2025-08-26 22:18:21'),(10,17,'pay_1jrct3wkx18ekabm',39.90,'canceled','2025-08-27',NULL,'{\"id\": \"pay_1jrct3wkx18ekabm\", \"fine\": {\"type\": \"FIXED\", \"value\": 0}, \"value\": 39.9, \"escrow\": null, \"object\": \"payment\", \"status\": \"PENDING\", \"deleted\": false, \"dueDate\": \"2025-08-27\", \"refunds\": null, \"customer\": \"cus_000006966083\", \"discount\": {\"type\": \"FIXED\", \"value\": 0, \"limitDate\": null, \"dueDateLimitDays\": 0}, \"interest\": {\"type\": \"PERCENTAGE\", \"value\": 0}, \"netValue\": 38.91, \"creditDate\": null, \"invoiceUrl\": \"https://sandbox.asaas.com/i/1jrct3wkx18ekabm\", \"anticipable\": false, \"anticipated\": false, \"bankSlipUrl\": \"https://sandbox.asaas.com/b/pdf/1jrct3wkx18ekabm\", \"billingType\": \"BOLETO\", \"dateCreated\": \"2025-08-26\", \"description\": null, \"nossoNumero\": \"11293797\", \"paymentDate\": null, \"paymentLink\": null, \"subscription\": \"sub_4a1rw7yi03ti69kx\", \"interestValue\": null, \"invoiceNumber\": \"11122047\", \"originalValue\": null, \"postalService\": false, \"pixTransaction\": null, \"checkoutSession\": null, \"originalDueDate\": \"2025-08-27\", \"clientPaymentDate\": null, \"externalReference\": null, \"installmentNumber\": null, \"estimatedCreditDate\": null, \"canBePaidAfterDueDate\": true, \"lastInvoiceViewedDate\": null, \"transactionReceiptUrl\": null, \"lastBankSlipViewedDate\": null}','2025-08-26 22:18:28'),(11,18,'pay_5236dgtr93oiwu6w',39.00,'canceled','2025-08-27',NULL,'{\"id\": \"pay_5236dgtr93oiwu6w\", \"fine\": {\"type\": \"FIXED\", \"value\": 0}, \"value\": 39, \"escrow\": null, \"object\": \"payment\", \"status\": \"PENDING\", \"deleted\": false, \"dueDate\": \"2025-08-27\", \"refunds\": null, \"customer\": \"cus_000006966083\", \"discount\": {\"type\": \"FIXED\", \"value\": 0, \"limitDate\": null, \"dueDateLimitDays\": 0}, \"interest\": {\"type\": \"PERCENTAGE\", \"value\": 0}, \"netValue\": 38.01, \"creditDate\": null, \"invoiceUrl\": \"https://sandbox.asaas.com/i/5236dgtr93oiwu6w\", \"anticipable\": false, \"anticipated\": false, \"bankSlipUrl\": \"https://sandbox.asaas.com/b/pdf/5236dgtr93oiwu6w\", \"billingType\": \"BOLETO\", \"dateCreated\": \"2025-08-26\", \"description\": null, \"nossoNumero\": \"11293798\", \"paymentDate\": null, \"paymentLink\": null, \"subscription\": \"sub_stdpa40ltwfvstwb\", \"interestValue\": null, \"invoiceNumber\": \"11122048\", \"originalValue\": null, \"postalService\": false, \"pixTransaction\": null, \"checkoutSession\": null, \"originalDueDate\": \"2025-08-27\", \"clientPaymentDate\": null, \"externalReference\": null, \"installmentNumber\": null, \"estimatedCreditDate\": null, \"canBePaidAfterDueDate\": true, \"lastInvoiceViewedDate\": null, \"transactionReceiptUrl\": null, \"lastBankSlipViewedDate\": null}','2025-08-26 22:18:35'),(12,19,'pay_x1916bc4cwt4sqkg',39.90,'canceled','2025-08-27',NULL,'{\"id\": \"pay_x1916bc4cwt4sqkg\", \"fine\": {\"type\": \"FIXED\", \"value\": 0}, \"value\": 39.9, \"escrow\": null, \"object\": \"payment\", \"status\": \"PENDING\", \"deleted\": false, \"dueDate\": \"2025-08-27\", \"refunds\": null, \"customer\": \"cus_000006966083\", \"discount\": {\"type\": \"FIXED\", \"value\": 0, \"limitDate\": null, \"dueDateLimitDays\": 0}, \"interest\": {\"type\": \"PERCENTAGE\", \"value\": 0}, \"netValue\": 38.91, \"creditDate\": null, \"invoiceUrl\": \"https://sandbox.asaas.com/i/x1916bc4cwt4sqkg\", \"anticipable\": false, \"anticipated\": false, \"bankSlipUrl\": \"https://sandbox.asaas.com/b/pdf/x1916bc4cwt4sqkg\", \"billingType\": \"BOLETO\", \"dateCreated\": \"2025-08-26\", \"description\": null, \"nossoNumero\": \"11293967\", \"paymentDate\": null, \"paymentLink\": null, \"subscription\": \"sub_dim0v3t4rc8wr9dh\", \"interestValue\": null, \"invoiceNumber\": \"11122549\", \"originalValue\": null, \"postalService\": false, \"pixTransaction\": null, \"checkoutSession\": null, \"originalDueDate\": \"2025-08-27\", \"clientPaymentDate\": null, \"externalReference\": null, \"installmentNumber\": null, \"estimatedCreditDate\": null, \"canBePaidAfterDueDate\": true, \"lastInvoiceViewedDate\": null, \"transactionReceiptUrl\": null, \"lastBankSlipViewedDate\": null}','2025-08-26 23:19:32'),(13,20,'pay_stbl5i32c861ne73',19.00,'canceled','2025-08-28',NULL,'{\"id\": \"pay_stbl5i32c861ne73\", \"fine\": {\"type\": \"FIXED\", \"value\": 0}, \"value\": 19, \"escrow\": null, \"object\": \"payment\", \"status\": \"PENDING\", \"deleted\": false, \"dueDate\": \"2025-08-28\", \"refunds\": null, \"customer\": \"cus_000006966366\", \"discount\": {\"type\": \"FIXED\", \"value\": 0, \"limitDate\": null, \"dueDateLimitDays\": 0}, \"interest\": {\"type\": \"PERCENTAGE\", \"value\": 0}, \"netValue\": 18.01, \"creditDate\": null, \"invoiceUrl\": \"https://sandbox.asaas.com/i/stbl5i32c861ne73\", \"anticipable\": false, \"anticipated\": false, \"bankSlipUrl\": \"https://sandbox.asaas.com/b/pdf/stbl5i32c861ne73\", \"billingType\": \"BOLETO\", \"dateCreated\": \"2025-08-26\", \"description\": null, \"nossoNumero\": \"11294060\", \"paymentDate\": null, \"paymentLink\": null, \"subscription\": \"sub_7wb7yhair0to3l4c\", \"interestValue\": null, \"invoiceNumber\": \"11122943\", \"originalValue\": null, \"postalService\": false, \"pixTransaction\": null, \"checkoutSession\": null, \"originalDueDate\": \"2025-08-28\", \"clientPaymentDate\": null, \"externalReference\": null, \"installmentNumber\": null, \"estimatedCreditDate\": null, \"canBePaidAfterDueDate\": true, \"lastInvoiceViewedDate\": null, \"transactionReceiptUrl\": null, \"lastBankSlipViewedDate\": null}','2025-08-27 00:06:09'),(14,21,'pay_t1s4ykfm76axs96d',39.90,'canceled','2025-08-28',NULL,'{\"id\": \"pay_t1s4ykfm76axs96d\", \"fine\": {\"type\": \"FIXED\", \"value\": 0}, \"value\": 39.9, \"escrow\": null, \"object\": \"payment\", \"status\": \"PENDING\", \"deleted\": false, \"dueDate\": \"2025-08-28\", \"refunds\": null, \"customer\": \"cus_000006966366\", \"discount\": {\"type\": \"FIXED\", \"value\": 0, \"limitDate\": null, \"dueDateLimitDays\": 0}, \"interest\": {\"type\": \"PERCENTAGE\", \"value\": 0}, \"netValue\": 38.91, \"creditDate\": null, \"invoiceUrl\": \"https://sandbox.asaas.com/i/t1s4ykfm76axs96d\", \"anticipable\": false, \"anticipated\": false, \"bankSlipUrl\": \"https://sandbox.asaas.com/b/pdf/t1s4ykfm76axs96d\", \"billingType\": \"BOLETO\", \"dateCreated\": \"2025-08-26\", \"description\": null, \"nossoNumero\": \"11294062\", \"paymentDate\": null, \"paymentLink\": null, \"subscription\": \"sub_jdj9squ7er3m4cgt\", \"interestValue\": null, \"invoiceNumber\": \"11122975\", \"originalValue\": null, \"postalService\": false, \"pixTransaction\": null, \"checkoutSession\": null, \"originalDueDate\": \"2025-08-28\", \"clientPaymentDate\": null, \"externalReference\": null, \"installmentNumber\": null, \"estimatedCreditDate\": null, \"canBePaidAfterDueDate\": true, \"lastInvoiceViewedDate\": null, \"transactionReceiptUrl\": null, \"lastBankSlipViewedDate\": null}','2025-08-27 00:06:25'),(15,22,'pay_v8zkispxqewhf3e1',39.90,'canceled','2025-08-28',NULL,'{\"id\": \"pay_v8zkispxqewhf3e1\", \"fine\": {\"type\": \"FIXED\", \"value\": 0}, \"value\": 39.9, \"escrow\": null, \"object\": \"payment\", \"status\": \"PENDING\", \"deleted\": false, \"dueDate\": \"2025-08-28\", \"refunds\": null, \"customer\": \"cus_000006966366\", \"discount\": {\"type\": \"FIXED\", \"value\": 0, \"limitDate\": null, \"dueDateLimitDays\": 0}, \"interest\": {\"type\": \"PERCENTAGE\", \"value\": 0}, \"netValue\": 38.91, \"creditDate\": null, \"invoiceUrl\": \"https://sandbox.asaas.com/i/v8zkispxqewhf3e1\", \"anticipable\": false, \"anticipated\": false, \"bankSlipUrl\": \"https://sandbox.asaas.com/b/pdf/v8zkispxqewhf3e1\", \"billingType\": \"BOLETO\", \"dateCreated\": \"2025-08-26\", \"description\": null, \"nossoNumero\": \"11294063\", \"paymentDate\": null, \"paymentLink\": null, \"subscription\": \"sub_pyjqu98vfvxmbnne\", \"interestValue\": null, \"invoiceNumber\": \"11122981\", \"originalValue\": null, \"postalService\": false, \"pixTransaction\": null, \"checkoutSession\": null, \"originalDueDate\": \"2025-08-28\", \"clientPaymentDate\": null, \"externalReference\": null, \"installmentNumber\": null, \"estimatedCreditDate\": null, \"canBePaidAfterDueDate\": true, \"lastInvoiceViewedDate\": null, \"transactionReceiptUrl\": null, \"lastBankSlipViewedDate\": null}','2025-08-27 00:06:35'),(16,23,'pay_5omhlieu93dzuxwp',19.00,'canceled','2025-08-28',NULL,'{\"id\": \"pay_5omhlieu93dzuxwp\", \"fine\": {\"type\": \"FIXED\", \"value\": 0}, \"value\": 19, \"escrow\": null, \"object\": \"payment\", \"status\": \"PENDING\", \"deleted\": false, \"dueDate\": \"2025-08-28\", \"refunds\": null, \"customer\": \"cus_000006966387\", \"discount\": {\"type\": \"FIXED\", \"value\": 0, \"limitDate\": null, \"dueDateLimitDays\": 0}, \"interest\": {\"type\": \"PERCENTAGE\", \"value\": 0}, \"netValue\": 18.01, \"creditDate\": null, \"invoiceUrl\": \"https://sandbox.asaas.com/i/5omhlieu93dzuxwp\", \"anticipable\": false, \"anticipated\": false, \"bankSlipUrl\": \"https://sandbox.asaas.com/b/pdf/5omhlieu93dzuxwp\", \"billingType\": \"BOLETO\", \"dateCreated\": \"2025-08-26\", \"description\": null, \"nossoNumero\": \"11294081\", \"paymentDate\": null, \"paymentLink\": null, \"subscription\": \"sub_gesfuvki4j65a6d8\", \"interestValue\": null, \"invoiceNumber\": \"11123025\", \"originalValue\": null, \"postalService\": false, \"pixTransaction\": null, \"checkoutSession\": null, \"originalDueDate\": \"2025-08-28\", \"clientPaymentDate\": null, \"externalReference\": null, \"installmentNumber\": null, \"estimatedCreditDate\": null, \"canBePaidAfterDueDate\": true, \"lastInvoiceViewedDate\": null, \"transactionReceiptUrl\": null, \"lastBankSlipViewedDate\": null}','2025-08-27 00:19:37'),(17,24,'pay_o216p7517m7o78l7',39.90,'canceled','2025-08-28',NULL,'{\"id\": \"pay_o216p7517m7o78l7\", \"fine\": {\"type\": \"FIXED\", \"value\": 0}, \"value\": 39.9, \"escrow\": null, \"object\": \"payment\", \"status\": \"PENDING\", \"deleted\": false, \"dueDate\": \"2025-08-28\", \"refunds\": null, \"customer\": \"cus_000006966387\", \"discount\": {\"type\": \"FIXED\", \"value\": 0, \"limitDate\": null, \"dueDateLimitDays\": 0}, \"interest\": {\"type\": \"PERCENTAGE\", \"value\": 0}, \"netValue\": 38.91, \"creditDate\": null, \"invoiceUrl\": \"https://sandbox.asaas.com/i/o216p7517m7o78l7\", \"anticipable\": false, \"anticipated\": false, \"bankSlipUrl\": \"https://sandbox.asaas.com/b/pdf/o216p7517m7o78l7\", \"billingType\": \"BOLETO\", \"dateCreated\": \"2025-08-26\", \"description\": null, \"nossoNumero\": \"11294140\", \"paymentDate\": null, \"paymentLink\": null, \"subscription\": \"sub_2hxod9j6dqmdpfex\", \"interestValue\": null, \"invoiceNumber\": \"11123099\", \"originalValue\": null, \"postalService\": false, \"pixTransaction\": null, \"checkoutSession\": null, \"originalDueDate\": \"2025-08-28\", \"clientPaymentDate\": null, \"externalReference\": null, \"installmentNumber\": null, \"estimatedCreditDate\": null, \"canBePaidAfterDueDate\": true, \"lastInvoiceViewedDate\": null, \"transactionReceiptUrl\": null, \"lastBankSlipViewedDate\": null}','2025-08-27 00:28:21'),(18,25,'pay_hzuj2gcvzyql812s',39.90,'canceled','2025-08-28',NULL,'{\"id\": \"pay_hzuj2gcvzyql812s\", \"fine\": {\"type\": \"FIXED\", \"value\": 0}, \"value\": 39.9, \"escrow\": null, \"object\": \"payment\", \"status\": \"PENDING\", \"deleted\": false, \"dueDate\": \"2025-08-28\", \"refunds\": null, \"customer\": \"cus_000006966387\", \"discount\": {\"type\": \"FIXED\", \"value\": 0, \"limitDate\": null, \"dueDateLimitDays\": 0}, \"interest\": {\"type\": \"PERCENTAGE\", \"value\": 0}, \"netValue\": 38.91, \"creditDate\": null, \"invoiceUrl\": \"https://sandbox.asaas.com/i/hzuj2gcvzyql812s\", \"anticipable\": false, \"anticipated\": false, \"bankSlipUrl\": \"https://sandbox.asaas.com/b/pdf/hzuj2gcvzyql812s\", \"billingType\": \"BOLETO\", \"dateCreated\": \"2025-08-26\", \"description\": null, \"nossoNumero\": \"11294197\", \"paymentDate\": null, \"paymentLink\": null, \"subscription\": \"sub_8x7ltdszfzlcnsl3\", \"interestValue\": null, \"invoiceNumber\": \"11123190\", \"originalValue\": null, \"postalService\": false, \"pixTransaction\": null, \"checkoutSession\": null, \"originalDueDate\": \"2025-08-28\", \"clientPaymentDate\": null, \"externalReference\": null, \"installmentNumber\": null, \"estimatedCreditDate\": null, \"canBePaidAfterDueDate\": true, \"lastInvoiceViewedDate\": null, \"transactionReceiptUrl\": null, \"lastBankSlipViewedDate\": null}','2025-08-27 00:40:19'),(19,26,'pay_0nv89j7lblx1upwa',39.90,'canceled','2025-08-28',NULL,'{\"id\": \"pay_0nv89j7lblx1upwa\", \"fine\": {\"type\": \"FIXED\", \"value\": 0}, \"value\": 39.9, \"escrow\": null, \"object\": \"payment\", \"status\": \"PENDING\", \"deleted\": false, \"dueDate\": \"2025-08-28\", \"refunds\": null, \"customer\": \"cus_000006966387\", \"discount\": {\"type\": \"FIXED\", \"value\": 0, \"limitDate\": null, \"dueDateLimitDays\": 0}, \"interest\": {\"type\": \"PERCENTAGE\", \"value\": 0}, \"netValue\": 38.91, \"creditDate\": null, \"invoiceUrl\": \"https://sandbox.asaas.com/i/0nv89j7lblx1upwa\", \"anticipable\": false, \"anticipated\": false, \"bankSlipUrl\": \"https://sandbox.asaas.com/b/pdf/0nv89j7lblx1upwa\", \"billingType\": \"BOLETO\", \"dateCreated\": \"2025-08-26\", \"description\": null, \"nossoNumero\": \"11294321\", \"paymentDate\": null, \"paymentLink\": null, \"subscription\": \"sub_vffzo65nz504n248\", \"interestValue\": null, \"invoiceNumber\": \"11123601\", \"originalValue\": null, \"postalService\": false, \"pixTransaction\": null, \"checkoutSession\": null, \"originalDueDate\": \"2025-08-28\", \"clientPaymentDate\": null, \"externalReference\": null, \"installmentNumber\": null, \"estimatedCreditDate\": null, \"canBePaidAfterDueDate\": true, \"lastInvoiceViewedDate\": null, \"transactionReceiptUrl\": null, \"lastBankSlipViewedDate\": null}','2025-08-27 01:14:33'),(20,27,'pay_mu2sffal95j96kkk',39.90,'canceled','2025-08-28',NULL,'{\"id\": \"pay_mu2sffal95j96kkk\", \"fine\": {\"type\": \"FIXED\", \"value\": 0}, \"value\": 39.9, \"escrow\": null, \"object\": \"payment\", \"status\": \"PENDING\", \"deleted\": false, \"dueDate\": \"2025-08-28\", \"refunds\": null, \"customer\": \"cus_000006966387\", \"discount\": {\"type\": \"FIXED\", \"value\": 0, \"limitDate\": null, \"dueDateLimitDays\": 0}, \"interest\": {\"type\": \"PERCENTAGE\", \"value\": 0}, \"netValue\": 38.91, \"creditDate\": null, \"invoiceUrl\": \"https://sandbox.asaas.com/i/mu2sffal95j96kkk\", \"anticipable\": false, \"anticipated\": false, \"bankSlipUrl\": \"https://sandbox.asaas.com/b/pdf/mu2sffal95j96kkk\", \"billingType\": \"BOLETO\", \"dateCreated\": \"2025-08-26\", \"description\": null, \"nossoNumero\": \"11294362\", \"paymentDate\": null, \"paymentLink\": null, \"subscription\": \"sub_1gn75qo22d2doh1u\", \"interestValue\": null, \"invoiceNumber\": \"11123808\", \"originalValue\": null, \"postalService\": false, \"pixTransaction\": null, \"checkoutSession\": null, \"originalDueDate\": \"2025-08-28\", \"clientPaymentDate\": null, \"externalReference\": null, \"installmentNumber\": null, \"estimatedCreditDate\": null, \"canBePaidAfterDueDate\": true, \"lastInvoiceViewedDate\": null, \"transactionReceiptUrl\": null, \"lastBankSlipViewedDate\": null}','2025-08-27 01:36:57'),(21,28,'pay_2umk593pysvquykd',39.90,'canceled','2025-08-28',NULL,'{\"id\": \"pay_2umk593pysvquykd\", \"fine\": {\"type\": \"FIXED\", \"value\": 0}, \"value\": 39.9, \"escrow\": null, \"object\": \"payment\", \"status\": \"PENDING\", \"deleted\": false, \"dueDate\": \"2025-08-28\", \"refunds\": null, \"customer\": \"cus_000006966387\", \"discount\": {\"type\": \"FIXED\", \"value\": 0, \"limitDate\": null, \"dueDateLimitDays\": 0}, \"interest\": {\"type\": \"PERCENTAGE\", \"value\": 0}, \"netValue\": 38.91, \"creditDate\": null, \"invoiceUrl\": \"https://sandbox.asaas.com/i/2umk593pysvquykd\", \"anticipable\": false, \"anticipated\": false, \"bankSlipUrl\": \"https://sandbox.asaas.com/b/pdf/2umk593pysvquykd\", \"billingType\": \"BOLETO\", \"dateCreated\": \"2025-08-26\", \"description\": null, \"nossoNumero\": \"11294382\", \"paymentDate\": null, \"paymentLink\": null, \"subscription\": \"sub_48tatq7jho0969u8\", \"interestValue\": null, \"invoiceNumber\": \"11123842\", \"originalValue\": null, \"postalService\": false, \"pixTransaction\": null, \"checkoutSession\": null, \"originalDueDate\": \"2025-08-28\", \"clientPaymentDate\": null, \"externalReference\": null, \"installmentNumber\": null, \"estimatedCreditDate\": null, \"canBePaidAfterDueDate\": true, \"lastInvoiceViewedDate\": null, \"transactionReceiptUrl\": null, \"lastBankSlipViewedDate\": null}','2025-08-27 01:48:10'),(22,29,'pay_53jfhwhhkjpwgx8j',39.00,'canceled','2025-08-28',NULL,'{\"id\": \"pay_53jfhwhhkjpwgx8j\", \"fine\": {\"type\": \"FIXED\", \"value\": 0}, \"value\": 39, \"escrow\": null, \"object\": \"payment\", \"status\": \"PENDING\", \"deleted\": false, \"dueDate\": \"2025-08-28\", \"refunds\": null, \"customer\": \"cus_000006966387\", \"discount\": {\"type\": \"FIXED\", \"value\": 0, \"limitDate\": null, \"dueDateLimitDays\": 0}, \"interest\": {\"type\": \"PERCENTAGE\", \"value\": 0}, \"netValue\": 38.01, \"creditDate\": null, \"invoiceUrl\": \"https://sandbox.asaas.com/i/53jfhwhhkjpwgx8j\", \"anticipable\": false, \"anticipated\": false, \"bankSlipUrl\": \"https://sandbox.asaas.com/b/pdf/53jfhwhhkjpwgx8j\", \"billingType\": \"BOLETO\", \"dateCreated\": \"2025-08-26\", \"description\": null, \"nossoNumero\": \"11294390\", \"paymentDate\": null, \"paymentLink\": null, \"subscription\": \"sub_oj7reiut2zzofzz1\", \"interestValue\": null, \"invoiceNumber\": \"11123858\", \"originalValue\": null, \"postalService\": false, \"pixTransaction\": null, \"checkoutSession\": null, \"originalDueDate\": \"2025-08-28\", \"clientPaymentDate\": null, \"externalReference\": null, \"installmentNumber\": null, \"estimatedCreditDate\": null, \"canBePaidAfterDueDate\": true, \"lastInvoiceViewedDate\": null, \"transactionReceiptUrl\": null, \"lastBankSlipViewedDate\": null}','2025-08-27 01:51:29'),(23,30,'pay_jls9cnl8tvfuafjk',39.90,'paid','2025-08-28','2025-08-26 00:00:00','{\"id\": \"pay_jls9cnl8tvfuafjk\", \"fine\": {\"type\": \"FIXED\", \"value\": 0}, \"value\": 39.9, \"escrow\": null, \"object\": \"payment\", \"status\": \"RECEIVED\", \"deleted\": false, \"dueDate\": \"2025-08-28\", \"refunds\": null, \"customer\": \"cus_000006966387\", \"discount\": {\"type\": \"FIXED\", \"value\": 0, \"limitDate\": null, \"dueDateLimitDays\": 0}, \"interest\": {\"type\": \"PERCENTAGE\", \"value\": 0}, \"netValue\": 38.91, \"creditDate\": \"2025-08-26\", \"invoiceUrl\": \"https://sandbox.asaas.com/i/jls9cnl8tvfuafjk\", \"anticipable\": false, \"anticipated\": false, \"bankSlipUrl\": \"https://sandbox.asaas.com/b/pdf/jls9cnl8tvfuafjk\", \"billingType\": \"BOLETO\", \"dateCreated\": \"2025-08-26\", \"description\": null, \"nossoNumero\": \"11294415\", \"paymentDate\": \"2025-08-26\", \"paymentLink\": null, \"subscription\": \"sub_m37otvjawtmxk9dz\", \"confirmedDate\": \"2025-08-26\", \"interestValue\": null, \"invoiceNumber\": \"11124099\", \"originalValue\": null, \"postalService\": false, \"pixTransaction\": null, \"checkoutSession\": null, \"originalDueDate\": \"2025-08-28\", \"clientPaymentDate\": \"2025-08-26\", \"externalReference\": null, \"installmentNumber\": null, \"estimatedCreditDate\": \"2025-08-26\", \"canBePaidAfterDueDate\": true, \"lastInvoiceViewedDate\": null, \"transactionReceiptUrl\": \"https://sandbox.asaas.com/comprovantes/h/UEFZTUVOVF9SRUNFSVZFRDpwYXlfamxzOWNubDh0dmZ1YWZqaw%3D%3D\", \"lastBankSlipViewedDate\": null}','2025-08-27 02:02:43'),(24,31,'pay_fxko0m4sejjzw6xz',39.90,'paid','2025-08-28','2025-08-26 00:00:00','{\"id\": \"pay_fxko0m4sejjzw6xz\", \"fine\": {\"type\": \"FIXED\", \"value\": 0}, \"value\": 39.9, \"escrow\": null, \"object\": \"payment\", \"status\": \"RECEIVED\", \"deleted\": false, \"dueDate\": \"2025-08-28\", \"refunds\": null, \"customer\": \"cus_000006966387\", \"discount\": {\"type\": \"FIXED\", \"value\": 0, \"limitDate\": null, \"dueDateLimitDays\": 0}, \"interest\": {\"type\": \"PERCENTAGE\", \"value\": 0}, \"netValue\": 38.91, \"creditDate\": \"2025-08-26\", \"invoiceUrl\": \"https://sandbox.asaas.com/i/fxko0m4sejjzw6xz\", \"anticipable\": false, \"anticipated\": false, \"bankSlipUrl\": \"https://sandbox.asaas.com/b/pdf/fxko0m4sejjzw6xz\", \"billingType\": \"BOLETO\", \"dateCreated\": \"2025-08-26\", \"description\": null, \"nossoNumero\": \"11294423\", \"paymentDate\": \"2025-08-26\", \"paymentLink\": null, \"subscription\": \"sub_bkfv6nk32zy2iv68\", \"confirmedDate\": \"2025-08-26\", \"interestValue\": null, \"invoiceNumber\": \"11124114\", \"originalValue\": null, \"postalService\": false, \"pixTransaction\": null, \"checkoutSession\": null, \"originalDueDate\": \"2025-08-28\", \"clientPaymentDate\": \"2025-08-26\", \"externalReference\": null, \"installmentNumber\": null, \"estimatedCreditDate\": \"2025-08-26\", \"canBePaidAfterDueDate\": true, \"lastInvoiceViewedDate\": null, \"transactionReceiptUrl\": \"https://sandbox.asaas.com/comprovantes/h/UEFZTUVOVF9SRUNFSVZFRDpwYXlfZnhrbzBtNHNlamp6dzZ4eg%3D%3D\", \"lastBankSlipViewedDate\": null}','2025-08-27 02:05:14'),(25,32,'pay_m3l0dbr06zykmnqs',39.90,'paid','2025-08-28','2025-08-26 00:00:00','{\"id\": \"pay_m3l0dbr06zykmnqs\", \"fine\": {\"type\": \"FIXED\", \"value\": 0}, \"value\": 39.9, \"escrow\": null, \"object\": \"payment\", \"status\": \"RECEIVED\", \"deleted\": false, \"dueDate\": \"2025-08-28\", \"refunds\": null, \"customer\": \"cus_000006966387\", \"discount\": {\"type\": \"FIXED\", \"value\": 0, \"limitDate\": null, \"dueDateLimitDays\": 0}, \"interest\": {\"type\": \"PERCENTAGE\", \"value\": 0}, \"netValue\": 38.91, \"creditDate\": \"2025-08-26\", \"invoiceUrl\": \"https://sandbox.asaas.com/i/m3l0dbr06zykmnqs\", \"anticipable\": false, \"anticipated\": false, \"bankSlipUrl\": \"https://sandbox.asaas.com/b/pdf/m3l0dbr06zykmnqs\", \"billingType\": \"BOLETO\", \"dateCreated\": \"2025-08-26\", \"description\": null, \"nossoNumero\": \"11294430\", \"paymentDate\": \"2025-08-26\", \"paymentLink\": null, \"subscription\": \"sub_67szm169bttn99wo\", \"confirmedDate\": \"2025-08-26\", \"interestValue\": null, \"invoiceNumber\": \"11124131\", \"originalValue\": null, \"postalService\": false, \"pixTransaction\": null, \"checkoutSession\": null, \"originalDueDate\": \"2025-08-28\", \"clientPaymentDate\": \"2025-08-26\", \"externalReference\": null, \"installmentNumber\": null, \"estimatedCreditDate\": \"2025-08-26\", \"canBePaidAfterDueDate\": true, \"lastInvoiceViewedDate\": null, \"transactionReceiptUrl\": \"https://sandbox.asaas.com/comprovantes/h/UEFZTUVOVF9SRUNFSVZFRDpwYXlfbTNsMGRicjA2enlrbW5xcw%3D%3D\", \"lastBankSlipViewedDate\": null}','2025-08-27 02:12:02'),(26,33,'pay_wvemcb2i9dfmegyo',90.00,'canceled','2025-08-28',NULL,'{\"id\": \"pay_wvemcb2i9dfmegyo\", \"fine\": {\"type\": \"FIXED\", \"value\": 0}, \"value\": 90, \"escrow\": null, \"object\": \"payment\", \"status\": \"PENDING\", \"deleted\": true, \"dueDate\": \"2025-08-28\", \"refunds\": null, \"customer\": \"cus_000006966387\", \"discount\": {\"type\": \"FIXED\", \"value\": 0, \"limitDate\": null, \"dueDateLimitDays\": 0}, \"interest\": {\"type\": \"PERCENTAGE\", \"value\": 0}, \"netValue\": 89.01, \"creditDate\": null, \"invoiceUrl\": \"https://sandbox.asaas.com/i/wvemcb2i9dfmegyo\", \"anticipable\": false, \"anticipated\": false, \"bankSlipUrl\": \"https://sandbox.asaas.com/b/pdf/wvemcb2i9dfmegyo\", \"billingType\": \"BOLETO\", \"dateCreated\": \"2025-08-26\", \"description\": null, \"nossoNumero\": \"11294486\", \"paymentDate\": null, \"paymentLink\": null, \"subscription\": \"sub_grpg69iludfrtd6w\", \"interestValue\": null, \"invoiceNumber\": \"11124463\", \"originalValue\": null, \"postalService\": false, \"pixTransaction\": null, \"checkoutSession\": null, \"originalDueDate\": \"2025-08-28\", \"clientPaymentDate\": null, \"externalReference\": null, \"installmentNumber\": null, \"estimatedCreditDate\": null, \"canBePaidAfterDueDate\": true, \"lastInvoiceViewedDate\": null, \"transactionReceiptUrl\": \"https://sandbox.asaas.com/comprovantes/h/UEFZTUVOVF9ERUxFVEVEOnBheV93dmVtY2IyaTlkZm1lZ3lv\", \"lastBankSlipViewedDate\": null}','2025-08-27 02:49:03'),(27,34,'pay_g2zrs1gknrvp5hap',90.00,'paid','2025-08-28','2025-08-26 00:00:00','{\"id\": \"pay_g2zrs1gknrvp5hap\", \"fine\": {\"type\": \"FIXED\", \"value\": 0}, \"value\": 90, \"escrow\": null, \"object\": \"payment\", \"status\": \"RECEIVED\", \"deleted\": false, \"dueDate\": \"2025-08-28\", \"refunds\": null, \"customer\": \"cus_000006966387\", \"discount\": {\"type\": \"FIXED\", \"value\": 0, \"limitDate\": null, \"dueDateLimitDays\": 0}, \"interest\": {\"type\": \"PERCENTAGE\", \"value\": 0}, \"netValue\": 89.01, \"creditDate\": \"2025-08-26\", \"invoiceUrl\": \"https://sandbox.asaas.com/i/g2zrs1gknrvp5hap\", \"anticipable\": false, \"anticipated\": false, \"bankSlipUrl\": \"https://sandbox.asaas.com/b/pdf/g2zrs1gknrvp5hap\", \"billingType\": \"BOLETO\", \"dateCreated\": \"2025-08-26\", \"description\": null, \"nossoNumero\": \"11294492\", \"paymentDate\": \"2025-08-26\", \"paymentLink\": null, \"subscription\": \"sub_z2aye2fr8efvfue5\", \"confirmedDate\": \"2025-08-26\", \"interestValue\": null, \"invoiceNumber\": \"11124481\", \"originalValue\": null, \"postalService\": false, \"pixTransaction\": null, \"checkoutSession\": null, \"originalDueDate\": \"2025-08-28\", \"clientPaymentDate\": \"2025-08-26\", \"externalReference\": null, \"installmentNumber\": null, \"estimatedCreditDate\": \"2025-08-26\", \"canBePaidAfterDueDate\": true, \"lastInvoiceViewedDate\": null, \"transactionReceiptUrl\": \"https://sandbox.asaas.com/comprovantes/h/UEFZTUVOVF9SRUNFSVZFRDpwYXlfZzJ6cnMxZ2tucnZwNWhhcA%3D%3D\", \"lastBankSlipViewedDate\": null}','2025-08-27 02:50:47'),(28,29,'pay_76xbhfx1ag5rkoc6',39.00,'canceled','2025-09-28',NULL,'{\"id\": \"pay_76xbhfx1ag5rkoc6\", \"fine\": {\"type\": \"FIXED\", \"value\": 0}, \"value\": 39, \"escrow\": null, \"object\": \"payment\", \"status\": \"PENDING\", \"deleted\": true, \"dueDate\": \"2025-09-28\", \"refunds\": null, \"customer\": \"cus_000006966387\", \"discount\": {\"type\": \"FIXED\", \"value\": 0, \"limitDate\": null, \"dueDateLimitDays\": 0}, \"interest\": {\"type\": \"PERCENTAGE\", \"value\": 0}, \"netValue\": 38.01, \"creditDate\": null, \"invoiceUrl\": \"https://sandbox.asaas.com/i/76xbhfx1ag5rkoc6\", \"anticipable\": false, \"anticipated\": false, \"bankSlipUrl\": \"https://sandbox.asaas.com/b/pdf/76xbhfx1ag5rkoc6\", \"billingType\": \"BOLETO\", \"dateCreated\": \"2025-08-26\", \"description\": null, \"nossoNumero\": \"11294500\", \"paymentDate\": null, \"paymentLink\": null, \"subscription\": \"sub_oj7reiut2zzofzz1\", \"interestValue\": null, \"invoiceNumber\": \"11124504\", \"originalValue\": null, \"postalService\": false, \"pixTransaction\": null, \"checkoutSession\": null, \"originalDueDate\": \"2025-09-28\", \"clientPaymentDate\": null, \"externalReference\": null, \"installmentNumber\": null, \"estimatedCreditDate\": null, \"canBePaidAfterDueDate\": true, \"lastInvoiceViewedDate\": null, \"transactionReceiptUrl\": \"https://sandbox.asaas.com/comprovantes/h/UEFZTUVOVF9ERUxFVEVEOnBheV83NnhiaGZ4MWFnNXJrb2M2\", \"lastBankSlipViewedDate\": null}','2025-08-27 02:54:58'),(29,35,'pay_grb9ecct76qjw6ap',39.90,'paid','2025-08-28','2025-08-27 00:00:00','{\"id\": \"pay_grb9ecct76qjw6ap\", \"fine\": {\"type\": \"FIXED\", \"value\": 0}, \"value\": 39.9, \"escrow\": null, \"object\": \"payment\", \"status\": \"RECEIVED\", \"deleted\": false, \"dueDate\": \"2025-08-28\", \"refunds\": null, \"customer\": \"cus_000006966387\", \"discount\": {\"type\": \"FIXED\", \"value\": 0, \"limitDate\": null, \"dueDateLimitDays\": 0}, \"interest\": {\"type\": \"PERCENTAGE\", \"value\": 0}, \"netValue\": 38.91, \"creditDate\": \"2025-08-27\", \"invoiceUrl\": \"https://sandbox.asaas.com/i/grb9ecct76qjw6ap\", \"anticipable\": false, \"anticipated\": false, \"bankSlipUrl\": \"https://sandbox.asaas.com/b/pdf/grb9ecct76qjw6ap\", \"billingType\": \"BOLETO\", \"dateCreated\": \"2025-08-27\", \"description\": null, \"nossoNumero\": \"11294505\", \"paymentDate\": \"2025-08-27\", \"paymentLink\": null, \"subscription\": \"sub_0fy0e3k251d6nv7a\", \"confirmedDate\": \"2025-08-27\", \"interestValue\": null, \"invoiceNumber\": \"11124532\", \"originalValue\": null, \"postalService\": false, \"pixTransaction\": null, \"checkoutSession\": null, \"originalDueDate\": \"2025-08-28\", \"clientPaymentDate\": \"2025-08-27\", \"externalReference\": null, \"installmentNumber\": null, \"estimatedCreditDate\": \"2025-08-27\", \"canBePaidAfterDueDate\": true, \"lastInvoiceViewedDate\": null, \"transactionReceiptUrl\": \"https://sandbox.asaas.com/comprovantes/h/UEFZTUVOVF9SRUNFSVZFRDpwYXlfZ3JiOWVjY3Q3NnFqdzZhcA%3D%3D\", \"lastBankSlipViewedDate\": null}','2025-08-27 03:00:02'),(30,36,'pay_k1gymgv87rkii6mt',19.00,'canceled','2025-08-28',NULL,'{\"id\": \"pay_k1gymgv87rkii6mt\", \"fine\": {\"type\": \"FIXED\", \"value\": 0}, \"value\": 19, \"escrow\": null, \"object\": \"payment\", \"status\": \"PENDING\", \"deleted\": true, \"dueDate\": \"2025-08-28\", \"refunds\": null, \"customer\": \"cus_000006966387\", \"discount\": {\"type\": \"FIXED\", \"value\": 0, \"limitDate\": null, \"dueDateLimitDays\": 0}, \"interest\": {\"type\": \"PERCENTAGE\", \"value\": 0}, \"netValue\": 18.01, \"creditDate\": null, \"invoiceUrl\": \"https://sandbox.asaas.com/i/k1gymgv87rkii6mt\", \"anticipable\": false, \"anticipated\": false, \"bankSlipUrl\": \"https://sandbox.asaas.com/b/pdf/k1gymgv87rkii6mt\", \"billingType\": \"BOLETO\", \"dateCreated\": \"2025-08-27\", \"description\": null, \"nossoNumero\": \"11294790\", \"paymentDate\": null, \"paymentLink\": null, \"subscription\": \"sub_cr0mzl8tlvsbq9fj\", \"interestValue\": null, \"invoiceNumber\": \"11126157\", \"originalValue\": null, \"postalService\": false, \"pixTransaction\": null, \"checkoutSession\": null, \"originalDueDate\": \"2025-08-28\", \"clientPaymentDate\": null, \"externalReference\": null, \"installmentNumber\": null, \"estimatedCreditDate\": null, \"canBePaidAfterDueDate\": true, \"lastInvoiceViewedDate\": null, \"transactionReceiptUrl\": \"https://sandbox.asaas.com/comprovantes/h/UEFZTUVOVF9ERUxFVEVEOnBheV9rMWd5bWd2ODdya2lpNm10\", \"lastBankSlipViewedDate\": null}','2025-08-27 03:05:39'),(31,37,'pay_kqa3wirrzaeb84q5',90.00,'canceled','2025-08-28',NULL,'{\"id\": \"pay_kqa3wirrzaeb84q5\", \"fine\": {\"type\": \"FIXED\", \"value\": 0}, \"value\": 90, \"escrow\": null, \"object\": \"payment\", \"status\": \"PENDING\", \"deleted\": true, \"dueDate\": \"2025-08-28\", \"refunds\": null, \"customer\": \"cus_000006966387\", \"discount\": {\"type\": \"FIXED\", \"value\": 0, \"limitDate\": null, \"dueDateLimitDays\": 0}, \"interest\": {\"type\": \"PERCENTAGE\", \"value\": 0}, \"netValue\": 89.01, \"creditDate\": null, \"invoiceUrl\": \"https://sandbox.asaas.com/i/kqa3wirrzaeb84q5\", \"anticipable\": false, \"anticipated\": false, \"bankSlipUrl\": \"https://sandbox.asaas.com/b/pdf/kqa3wirrzaeb84q5\", \"billingType\": \"BOLETO\", \"dateCreated\": \"2025-08-27\", \"description\": null, \"nossoNumero\": \"11294796\", \"paymentDate\": null, \"paymentLink\": null, \"subscription\": \"sub_ygvrn3twrvo72zkq\", \"interestValue\": null, \"invoiceNumber\": \"11126236\", \"originalValue\": null, \"postalService\": false, \"pixTransaction\": null, \"checkoutSession\": null, \"originalDueDate\": \"2025-08-28\", \"clientPaymentDate\": null, \"externalReference\": null, \"installmentNumber\": null, \"estimatedCreditDate\": null, \"canBePaidAfterDueDate\": true, \"lastInvoiceViewedDate\": null, \"transactionReceiptUrl\": \"https://sandbox.asaas.com/comprovantes/h/UEFZTUVOVF9ERUxFVEVEOnBheV9rcWEzd2lycnphZWI4NHE1\", \"lastBankSlipViewedDate\": null}','2025-08-27 03:05:53'),(32,30,'pay_m81tgvovpotaqgb2',39.90,'canceled','2025-09-28',NULL,'{\"id\": \"pay_m81tgvovpotaqgb2\", \"fine\": {\"type\": \"FIXED\", \"value\": 0}, \"value\": 39.9, \"escrow\": null, \"object\": \"payment\", \"status\": \"PENDING\", \"deleted\": true, \"dueDate\": \"2025-09-28\", \"refunds\": null, \"customer\": \"cus_000006966387\", \"discount\": {\"type\": \"FIXED\", \"value\": 0, \"limitDate\": null, \"dueDateLimitDays\": 0}, \"interest\": {\"type\": \"PERCENTAGE\", \"value\": 0}, \"netValue\": 38.91, \"creditDate\": null, \"invoiceUrl\": \"https://sandbox.asaas.com/i/m81tgvovpotaqgb2\", \"anticipable\": false, \"anticipated\": false, \"bankSlipUrl\": \"https://sandbox.asaas.com/b/pdf/m81tgvovpotaqgb2\", \"billingType\": \"BOLETO\", \"dateCreated\": \"2025-08-27\", \"description\": null, \"nossoNumero\": \"11295025\", \"paymentDate\": null, \"paymentLink\": null, \"subscription\": \"sub_m37otvjawtmxk9dz\", \"interestValue\": null, \"invoiceNumber\": \"11127006\", \"originalValue\": null, \"postalService\": false, \"pixTransaction\": null, \"checkoutSession\": null, \"originalDueDate\": \"2025-09-28\", \"clientPaymentDate\": null, \"externalReference\": null, \"installmentNumber\": null, \"estimatedCreditDate\": null, \"canBePaidAfterDueDate\": true, \"lastInvoiceViewedDate\": null, \"transactionReceiptUrl\": \"https://sandbox.asaas.com/comprovantes/h/UEFZTUVOVF9ERUxFVEVEOnBheV9tODF0Z3ZvdnBvdGFxZ2Iy\", \"lastBankSlipViewedDate\": null}','2025-08-27 03:08:21'),(33,31,'pay_q3xib9okthkbf5jx',39.90,'canceled','2025-09-28',NULL,'{\"id\": \"pay_q3xib9okthkbf5jx\", \"fine\": {\"type\": \"FIXED\", \"value\": 0}, \"value\": 39.9, \"escrow\": null, \"object\": \"payment\", \"status\": \"PENDING\", \"deleted\": true, \"dueDate\": \"2025-09-28\", \"refunds\": null, \"customer\": \"cus_000006966387\", \"discount\": {\"type\": \"FIXED\", \"value\": 0, \"limitDate\": null, \"dueDateLimitDays\": 0}, \"interest\": {\"type\": \"PERCENTAGE\", \"value\": 0}, \"netValue\": 38.91, \"creditDate\": null, \"invoiceUrl\": \"https://sandbox.asaas.com/i/q3xib9okthkbf5jx\", \"anticipable\": false, \"anticipated\": false, \"bankSlipUrl\": \"https://sandbox.asaas.com/b/pdf/q3xib9okthkbf5jx\", \"billingType\": \"BOLETO\", \"dateCreated\": \"2025-08-27\", \"description\": null, \"nossoNumero\": \"11295026\", \"paymentDate\": null, \"paymentLink\": null, \"subscription\": \"sub_bkfv6nk32zy2iv68\", \"interestValue\": null, \"invoiceNumber\": \"11127007\", \"originalValue\": null, \"postalService\": false, \"pixTransaction\": null, \"checkoutSession\": null, \"originalDueDate\": \"2025-09-28\", \"clientPaymentDate\": null, \"externalReference\": null, \"installmentNumber\": null, \"estimatedCreditDate\": null, \"canBePaidAfterDueDate\": true, \"lastInvoiceViewedDate\": null, \"transactionReceiptUrl\": \"https://sandbox.asaas.com/comprovantes/h/UEFZTUVOVF9ERUxFVEVEOnBheV9xM3hpYjlva3Roa2JmNWp4\", \"lastBankSlipViewedDate\": null}','2025-08-27 03:08:21'),(34,32,'pay_n4shp20ntvxun20g',39.90,'canceled','2025-09-28',NULL,'{\"id\": \"pay_n4shp20ntvxun20g\", \"fine\": {\"type\": \"FIXED\", \"value\": 0}, \"value\": 39.9, \"escrow\": null, \"object\": \"payment\", \"status\": \"PENDING\", \"deleted\": true, \"dueDate\": \"2025-09-28\", \"refunds\": null, \"customer\": \"cus_000006966387\", \"discount\": {\"type\": \"FIXED\", \"value\": 0, \"limitDate\": null, \"dueDateLimitDays\": 0}, \"interest\": {\"type\": \"PERCENTAGE\", \"value\": 0}, \"netValue\": 38.91, \"creditDate\": null, \"invoiceUrl\": \"https://sandbox.asaas.com/i/n4shp20ntvxun20g\", \"anticipable\": false, \"anticipated\": false, \"bankSlipUrl\": \"https://sandbox.asaas.com/b/pdf/n4shp20ntvxun20g\", \"billingType\": \"BOLETO\", \"dateCreated\": \"2025-08-27\", \"description\": null, \"nossoNumero\": \"11295036\", \"paymentDate\": null, \"paymentLink\": null, \"subscription\": \"sub_67szm169bttn99wo\", \"interestValue\": null, \"invoiceNumber\": \"11127026\", \"originalValue\": null, \"postalService\": false, \"pixTransaction\": null, \"checkoutSession\": null, \"originalDueDate\": \"2025-09-28\", \"clientPaymentDate\": null, \"externalReference\": null, \"installmentNumber\": null, \"estimatedCreditDate\": null, \"canBePaidAfterDueDate\": true, \"lastInvoiceViewedDate\": null, \"transactionReceiptUrl\": \"https://sandbox.asaas.com/comprovantes/h/UEFZTUVOVF9ERUxFVEVEOnBheV9uNHNocDIwbnR2eHVuMjBn\", \"lastBankSlipViewedDate\": null}','2025-08-27 03:14:57'),(35,38,'pay_f0fjfp12wb1urenu',90.00,'paid','2025-08-28','2025-08-27 00:00:00','{\"id\": \"pay_f0fjfp12wb1urenu\", \"fine\": {\"type\": \"FIXED\", \"value\": 0}, \"value\": 90, \"escrow\": null, \"object\": \"payment\", \"status\": \"RECEIVED\", \"deleted\": false, \"dueDate\": \"2025-08-28\", \"refunds\": null, \"customer\": \"cus_000006966387\", \"discount\": {\"type\": \"FIXED\", \"value\": 0, \"limitDate\": null, \"dueDateLimitDays\": 0}, \"interest\": {\"type\": \"PERCENTAGE\", \"value\": 0}, \"netValue\": 89.01, \"creditDate\": \"2025-08-27\", \"invoiceUrl\": \"https://sandbox.asaas.com/i/f0fjfp12wb1urenu\", \"anticipable\": false, \"anticipated\": false, \"bankSlipUrl\": \"https://sandbox.asaas.com/b/pdf/f0fjfp12wb1urenu\", \"billingType\": \"BOLETO\", \"dateCreated\": \"2025-08-27\", \"description\": null, \"nossoNumero\": \"11295038\", \"paymentDate\": \"2025-08-27\", \"paymentLink\": null, \"subscription\": \"sub_qif0lu19x18se0zp\", \"confirmedDate\": \"2025-08-27\", \"interestValue\": null, \"invoiceNumber\": \"11127029\", \"originalValue\": null, \"postalService\": false, \"pixTransaction\": null, \"checkoutSession\": null, \"originalDueDate\": \"2025-08-28\", \"clientPaymentDate\": \"2025-08-27\", \"externalReference\": null, \"installmentNumber\": null, \"estimatedCreditDate\": \"2025-08-27\", \"canBePaidAfterDueDate\": true, \"lastInvoiceViewedDate\": null, \"transactionReceiptUrl\": \"https://sandbox.asaas.com/comprovantes/h/UEFZTUVOVF9SRUNFSVZFRDpwYXlfZjBmamZwMTJ3YjF1cmVudQ%3D%3D\", \"lastBankSlipViewedDate\": null}','2025-08-27 03:16:59'),(36,39,'pay_6oulxw9z93631hh2',19.00,'paid','2025-08-28','2025-08-27 00:00:00','{\"id\": \"pay_6oulxw9z93631hh2\", \"fine\": {\"type\": \"FIXED\", \"value\": 0}, \"value\": 19, \"escrow\": null, \"object\": \"payment\", \"status\": \"RECEIVED\", \"deleted\": false, \"dueDate\": \"2025-08-28\", \"refunds\": null, \"customer\": \"cus_000006966387\", \"discount\": {\"type\": \"FIXED\", \"value\": 0, \"limitDate\": null, \"dueDateLimitDays\": 0}, \"interest\": {\"type\": \"PERCENTAGE\", \"value\": 0}, \"netValue\": 18.01, \"creditDate\": \"2025-08-27\", \"invoiceUrl\": \"https://sandbox.asaas.com/i/6oulxw9z93631hh2\", \"anticipable\": false, \"anticipated\": false, \"bankSlipUrl\": \"https://sandbox.asaas.com/b/pdf/6oulxw9z93631hh2\", \"billingType\": \"BOLETO\", \"dateCreated\": \"2025-08-27\", \"description\": null, \"nossoNumero\": \"11295049\", \"paymentDate\": \"2025-08-27\", \"paymentLink\": null, \"subscription\": \"sub_y6vq2xdsun2tum47\", \"confirmedDate\": \"2025-08-27\", \"interestValue\": null, \"invoiceNumber\": \"11127087\", \"originalValue\": null, \"postalService\": false, \"pixTransaction\": null, \"checkoutSession\": null, \"originalDueDate\": \"2025-08-28\", \"clientPaymentDate\": \"2025-08-27\", \"externalReference\": null, \"installmentNumber\": null, \"estimatedCreditDate\": \"2025-08-27\", \"canBePaidAfterDueDate\": true, \"lastInvoiceViewedDate\": null, \"transactionReceiptUrl\": \"https://sandbox.asaas.com/comprovantes/h/UEFZTUVOVF9SRUNFSVZFRDpwYXlfNm91bHh3OXo5MzYzMWhoMg%3D%3D\", \"lastBankSlipViewedDate\": null}','2025-08-27 03:28:28'),(37,40,'pay_6a5jpyk4qxl0jrj4',90.00,'paid','2025-08-28','2025-08-27 00:00:00','{\"id\": \"pay_6a5jpyk4qxl0jrj4\", \"fine\": {\"type\": \"FIXED\", \"value\": 0}, \"value\": 90, \"escrow\": null, \"object\": \"payment\", \"status\": \"RECEIVED\", \"deleted\": false, \"dueDate\": \"2025-08-28\", \"refunds\": null, \"customer\": \"cus_000006966387\", \"discount\": {\"type\": \"FIXED\", \"value\": 0, \"limitDate\": null, \"dueDateLimitDays\": 0}, \"interest\": {\"type\": \"PERCENTAGE\", \"value\": 0}, \"netValue\": 89.01, \"creditDate\": \"2025-08-27\", \"invoiceUrl\": \"https://sandbox.asaas.com/i/6a5jpyk4qxl0jrj4\", \"anticipable\": false, \"anticipated\": false, \"bankSlipUrl\": \"https://sandbox.asaas.com/b/pdf/6a5jpyk4qxl0jrj4\", \"billingType\": \"BOLETO\", \"dateCreated\": \"2025-08-27\", \"description\": null, \"nossoNumero\": \"11295051\", \"paymentDate\": \"2025-08-27\", \"paymentLink\": null, \"subscription\": \"sub_5nqj2eqh5twmg2bb\", \"confirmedDate\": \"2025-08-27\", \"interestValue\": null, \"invoiceNumber\": \"11127094\", \"originalValue\": null, \"postalService\": false, \"pixTransaction\": null, \"checkoutSession\": null, \"originalDueDate\": \"2025-08-28\", \"clientPaymentDate\": \"2025-08-27\", \"externalReference\": null, \"installmentNumber\": null, \"estimatedCreditDate\": \"2025-08-27\", \"canBePaidAfterDueDate\": true, \"lastInvoiceViewedDate\": null, \"transactionReceiptUrl\": \"https://sandbox.asaas.com/comprovantes/h/UEFZTUVOVF9SRUNFSVZFRDpwYXlfNmE1anB5azRxeGwwanJqNA%3D%3D\", \"lastBankSlipViewedDate\": null}','2025-08-27 03:29:13'),(38,33,'pay_dy0y8uby6uy1r321',90.00,'pending','2025-09-28',NULL,'{\"id\": \"pay_dy0y8uby6uy1r321\", \"fine\": {\"type\": \"FIXED\", \"value\": 0}, \"value\": 90, \"escrow\": null, \"object\": \"payment\", \"status\": \"PENDING\", \"deleted\": false, \"dueDate\": \"2025-09-28\", \"refunds\": null, \"customer\": \"cus_000006966387\", \"discount\": {\"type\": \"FIXED\", \"value\": 0, \"limitDate\": null, \"dueDateLimitDays\": 0}, \"interest\": {\"type\": \"PERCENTAGE\", \"value\": 0}, \"netValue\": 89.01, \"creditDate\": null, \"invoiceUrl\": \"https://sandbox.asaas.com/i/dy0y8uby6uy1r321\", \"anticipable\": false, \"anticipated\": false, \"bankSlipUrl\": \"https://sandbox.asaas.com/b/pdf/dy0y8uby6uy1r321\", \"billingType\": \"BOLETO\", \"dateCreated\": \"2025-08-27\", \"description\": null, \"nossoNumero\": \"11295243\", \"paymentDate\": null, \"paymentLink\": null, \"subscription\": \"sub_grpg69iludfrtd6w\", \"interestValue\": null, \"invoiceNumber\": \"11127339\", \"originalValue\": null, \"postalService\": false, \"pixTransaction\": null, \"checkoutSession\": null, \"originalDueDate\": \"2025-09-28\", \"clientPaymentDate\": null, \"externalReference\": null, \"installmentNumber\": null, \"estimatedCreditDate\": null, \"canBePaidAfterDueDate\": true, \"lastInvoiceViewedDate\": null, \"transactionReceiptUrl\": null, \"lastBankSlipViewedDate\": null}','2025-08-27 03:49:57'),(39,34,'pay_2cv3i5wtvcpxxdhq',90.00,'pending','2025-09-28',NULL,'{\"id\": \"pay_2cv3i5wtvcpxxdhq\", \"fine\": {\"type\": \"FIXED\", \"value\": 0}, \"value\": 90, \"escrow\": null, \"object\": \"payment\", \"status\": \"PENDING\", \"deleted\": false, \"dueDate\": \"2025-09-28\", \"refunds\": null, \"customer\": \"cus_000006966387\", \"discount\": {\"type\": \"FIXED\", \"value\": 0, \"limitDate\": null, \"dueDateLimitDays\": 0}, \"interest\": {\"type\": \"PERCENTAGE\", \"value\": 0}, \"netValue\": 89.01, \"creditDate\": null, \"invoiceUrl\": \"https://sandbox.asaas.com/i/2cv3i5wtvcpxxdhq\", \"anticipable\": false, \"anticipated\": false, \"bankSlipUrl\": \"https://sandbox.asaas.com/b/pdf/2cv3i5wtvcpxxdhq\", \"billingType\": \"BOLETO\", \"dateCreated\": \"2025-08-27\", \"description\": null, \"nossoNumero\": \"11295290\", \"paymentDate\": null, \"paymentLink\": null, \"subscription\": \"sub_z2aye2fr8efvfue5\", \"interestValue\": null, \"invoiceNumber\": \"11127391\", \"originalValue\": null, \"postalService\": false, \"pixTransaction\": null, \"checkoutSession\": null, \"originalDueDate\": \"2025-09-28\", \"clientPaymentDate\": null, \"externalReference\": null, \"installmentNumber\": null, \"estimatedCreditDate\": null, \"canBePaidAfterDueDate\": true, \"lastInvoiceViewedDate\": null, \"transactionReceiptUrl\": null, \"lastBankSlipViewedDate\": null}','2025-08-27 03:54:56'),(40,35,'pay_8athlvo6v9jdciqq',39.90,'pending','2025-09-28',NULL,'{\"id\": \"pay_8athlvo6v9jdciqq\", \"fine\": {\"type\": \"FIXED\", \"value\": 0}, \"value\": 39.9, \"escrow\": null, \"object\": \"payment\", \"status\": \"PENDING\", \"deleted\": false, \"dueDate\": \"2025-09-28\", \"refunds\": null, \"customer\": \"cus_000006966387\", \"discount\": {\"type\": \"FIXED\", \"value\": 0, \"limitDate\": null, \"dueDateLimitDays\": 0}, \"interest\": {\"type\": \"PERCENTAGE\", \"value\": 0}, \"netValue\": 38.91, \"creditDate\": null, \"invoiceUrl\": \"https://sandbox.asaas.com/i/8athlvo6v9jdciqq\", \"anticipable\": false, \"anticipated\": false, \"bankSlipUrl\": \"https://sandbox.asaas.com/b/pdf/8athlvo6v9jdciqq\", \"billingType\": \"BOLETO\", \"dateCreated\": \"2025-08-27\", \"description\": null, \"nossoNumero\": \"11295300\", \"paymentDate\": null, \"paymentLink\": null, \"subscription\": \"sub_0fy0e3k251d6nv7a\", \"interestValue\": null, \"invoiceNumber\": \"11127415\", \"originalValue\": null, \"postalService\": false, \"pixTransaction\": null, \"checkoutSession\": null, \"originalDueDate\": \"2025-09-28\", \"clientPaymentDate\": null, \"externalReference\": null, \"installmentNumber\": null, \"estimatedCreditDate\": null, \"canBePaidAfterDueDate\": true, \"lastInvoiceViewedDate\": null, \"transactionReceiptUrl\": null, \"lastBankSlipViewedDate\": null}','2025-08-27 04:04:57'),(41,41,'pay_rkqbfyioulpf91hd',19.00,'pending','2025-09-05',NULL,'{\"id\": \"pay_rkqbfyioulpf91hd\", \"fine\": {\"type\": \"FIXED\", \"value\": 0}, \"value\": 19, \"escrow\": null, \"object\": \"payment\", \"status\": \"PENDING\", \"deleted\": false, \"dueDate\": \"2025-09-05\", \"refunds\": null, \"customer\": \"cus_000006995636\", \"discount\": {\"type\": \"FIXED\", \"value\": 0, \"limitDate\": null, \"dueDateLimitDays\": 0}, \"interest\": {\"type\": \"PERCENTAGE\", \"value\": 0}, \"netValue\": 18.01, \"creditDate\": null, \"invoiceUrl\": \"https://sandbox.asaas.com/i/rkqbfyioulpf91hd\", \"anticipable\": false, \"anticipated\": false, \"bankSlipUrl\": \"https://sandbox.asaas.com/b/pdf/rkqbfyioulpf91hd\", \"billingType\": \"BOLETO\", \"dateCreated\": \"2025-09-04\", \"description\": null, \"nossoNumero\": \"11331136\", \"paymentDate\": null, \"paymentLink\": null, \"subscription\": \"sub_r4hj5fywhusywdwm\", \"interestValue\": null, \"invoiceNumber\": \"11218643\", \"originalValue\": null, \"postalService\": false, \"pixTransaction\": null, \"checkoutSession\": null, \"originalDueDate\": \"2025-09-05\", \"clientPaymentDate\": null, \"externalReference\": null, \"installmentNumber\": null, \"estimatedCreditDate\": null, \"canBePaidAfterDueDate\": true, \"lastInvoiceViewedDate\": null, \"transactionReceiptUrl\": null, \"lastBankSlipViewedDate\": null}','2025-09-04 14:40:39'),(42,42,'pay_udasyzlkvpptu2ql',19.00,'pending','2025-09-05',NULL,'{\"id\": \"pay_udasyzlkvpptu2ql\", \"fine\": {\"type\": \"FIXED\", \"value\": 0}, \"value\": 19, \"escrow\": null, \"object\": \"payment\", \"status\": \"PENDING\", \"deleted\": false, \"dueDate\": \"2025-09-05\", \"refunds\": null, \"customer\": \"cus_000006995743\", \"discount\": {\"type\": \"FIXED\", \"value\": 0, \"limitDate\": null, \"dueDateLimitDays\": 0}, \"interest\": {\"type\": \"PERCENTAGE\", \"value\": 0}, \"netValue\": 18.01, \"creditDate\": null, \"invoiceUrl\": \"https://sandbox.asaas.com/i/udasyzlkvpptu2ql\", \"anticipable\": false, \"anticipated\": false, \"bankSlipUrl\": \"https://sandbox.asaas.com/b/pdf/udasyzlkvpptu2ql\", \"billingType\": \"BOLETO\", \"dateCreated\": \"2025-09-04\", \"description\": null, \"nossoNumero\": \"11331215\", \"paymentDate\": null, \"paymentLink\": null, \"subscription\": \"sub_9isdvmdj1qywd1dg\", \"interestValue\": null, \"invoiceNumber\": \"11218978\", \"originalValue\": null, \"postalService\": false, \"pixTransaction\": null, \"checkoutSession\": null, \"originalDueDate\": \"2025-09-05\", \"clientPaymentDate\": null, \"externalReference\": null, \"installmentNumber\": null, \"estimatedCreditDate\": null, \"canBePaidAfterDueDate\": true, \"lastInvoiceViewedDate\": null, \"transactionReceiptUrl\": null, \"lastBankSlipViewedDate\": null}','2025-09-04 15:12:12'),(43,43,'pay_1ryohi36xg5vo0ye',19.00,'pending','2025-09-05',NULL,'{\"id\": \"pay_1ryohi36xg5vo0ye\", \"fine\": {\"type\": \"FIXED\", \"value\": 0}, \"value\": 19, \"escrow\": null, \"object\": \"payment\", \"status\": \"PENDING\", \"deleted\": false, \"dueDate\": \"2025-09-05\", \"refunds\": null, \"customer\": \"cus_000006995906\", \"discount\": {\"type\": \"FIXED\", \"value\": 0, \"limitDate\": null, \"dueDateLimitDays\": 0}, \"interest\": {\"type\": \"PERCENTAGE\", \"value\": 0}, \"netValue\": 18.01, \"creditDate\": null, \"invoiceUrl\": \"https://sandbox.asaas.com/i/1ryohi36xg5vo0ye\", \"anticipable\": false, \"anticipated\": false, \"bankSlipUrl\": \"https://sandbox.asaas.com/b/pdf/1ryohi36xg5vo0ye\", \"billingType\": \"BOLETO\", \"dateCreated\": \"2025-09-04\", \"description\": null, \"nossoNumero\": \"11331368\", \"paymentDate\": null, \"paymentLink\": null, \"subscription\": \"sub_f8j4lu2vcsphl2oo\", \"interestValue\": null, \"invoiceNumber\": \"11219457\", \"originalValue\": null, \"postalService\": false, \"pixTransaction\": null, \"checkoutSession\": null, \"originalDueDate\": \"2025-09-05\", \"clientPaymentDate\": null, \"externalReference\": null, \"installmentNumber\": null, \"estimatedCreditDate\": null, \"canBePaidAfterDueDate\": true, \"lastInvoiceViewedDate\": null, \"transactionReceiptUrl\": null, \"lastBankSlipViewedDate\": null}','2025-09-04 16:27:58'),(44,44,'pay_4tdbtbn0voupexa8',19.00,'canceled','2025-09-05',NULL,'{\"id\": \"pay_4tdbtbn0voupexa8\", \"fine\": {\"type\": \"FIXED\", \"value\": 0}, \"value\": 19, \"escrow\": null, \"object\": \"payment\", \"status\": \"PENDING\", \"deleted\": false, \"dueDate\": \"2025-09-05\", \"refunds\": null, \"customer\": \"cus_000006996552\", \"discount\": {\"type\": \"FIXED\", \"value\": 0, \"limitDate\": null, \"dueDateLimitDays\": 0}, \"interest\": {\"type\": \"PERCENTAGE\", \"value\": 0}, \"netValue\": 18.01, \"creditDate\": null, \"invoiceUrl\": \"https://sandbox.asaas.com/i/4tdbtbn0voupexa8\", \"anticipable\": false, \"anticipated\": false, \"bankSlipUrl\": \"https://sandbox.asaas.com/b/pdf/4tdbtbn0voupexa8\", \"billingType\": \"BOLETO\", \"dateCreated\": \"2025-09-04\", \"description\": null, \"nossoNumero\": \"11331812\", \"paymentDate\": null, \"paymentLink\": null, \"subscription\": \"sub_bhxdz3xhqsrzmpzd\", \"interestValue\": null, \"invoiceNumber\": \"11220923\", \"originalValue\": null, \"postalService\": false, \"pixTransaction\": null, \"checkoutSession\": null, \"originalDueDate\": \"2025-09-05\", \"clientPaymentDate\": null, \"externalReference\": null, \"installmentNumber\": null, \"estimatedCreditDate\": null, \"canBePaidAfterDueDate\": true, \"lastInvoiceViewedDate\": null, \"transactionReceiptUrl\": null, \"lastBankSlipViewedDate\": null}','2025-09-04 19:39:50'),(45,45,'pay_417ze3p3la8s4z4w',19.00,'canceled','2025-09-05',NULL,'{\"id\": \"pay_417ze3p3la8s4z4w\", \"fine\": {\"type\": \"FIXED\", \"value\": 0}, \"value\": 19, \"escrow\": null, \"object\": \"payment\", \"status\": \"PENDING\", \"deleted\": false, \"dueDate\": \"2025-09-05\", \"refunds\": null, \"customer\": \"cus_000006996552\", \"discount\": {\"type\": \"FIXED\", \"value\": 0, \"limitDate\": null, \"dueDateLimitDays\": 0}, \"interest\": {\"type\": \"PERCENTAGE\", \"value\": 0}, \"netValue\": 18.01, \"creditDate\": null, \"invoiceUrl\": \"https://sandbox.asaas.com/i/417ze3p3la8s4z4w\", \"anticipable\": false, \"anticipated\": false, \"bankSlipUrl\": \"https://sandbox.asaas.com/b/pdf/417ze3p3la8s4z4w\", \"billingType\": \"BOLETO\", \"dateCreated\": \"2025-09-04\", \"description\": null, \"nossoNumero\": \"11331857\", \"paymentDate\": null, \"paymentLink\": null, \"subscription\": \"sub_uv83yuov3zjpm9j2\", \"interestValue\": null, \"invoiceNumber\": \"11221037\", \"originalValue\": null, \"postalService\": false, \"pixTransaction\": null, \"checkoutSession\": null, \"originalDueDate\": \"2025-09-05\", \"clientPaymentDate\": null, \"externalReference\": null, \"installmentNumber\": null, \"estimatedCreditDate\": null, \"canBePaidAfterDueDate\": true, \"lastInvoiceViewedDate\": null, \"transactionReceiptUrl\": null, \"lastBankSlipViewedDate\": null}','2025-09-04 19:57:15'),(46,46,'pay_o438qv1l9uxmktw5',39.90,'canceled','2025-09-05',NULL,'{\"id\": \"pay_o438qv1l9uxmktw5\", \"fine\": {\"type\": \"FIXED\", \"value\": 0}, \"value\": 39.9, \"escrow\": null, \"object\": \"payment\", \"status\": \"PENDING\", \"deleted\": false, \"dueDate\": \"2025-09-05\", \"refunds\": null, \"customer\": \"cus_000006996552\", \"discount\": {\"type\": \"FIXED\", \"value\": 0, \"limitDate\": null, \"dueDateLimitDays\": 0}, \"interest\": {\"type\": \"PERCENTAGE\", \"value\": 0}, \"netValue\": 38.91, \"creditDate\": null, \"invoiceUrl\": \"https://sandbox.asaas.com/i/o438qv1l9uxmktw5\", \"anticipable\": false, \"anticipated\": false, \"bankSlipUrl\": \"https://sandbox.asaas.com/b/pdf/o438qv1l9uxmktw5\", \"billingType\": \"BOLETO\", \"dateCreated\": \"2025-09-04\", \"description\": null, \"nossoNumero\": \"11331895\", \"paymentDate\": null, \"paymentLink\": null, \"subscription\": \"sub_nmdmuaicl17ba6en\", \"interestValue\": null, \"invoiceNumber\": \"11221290\", \"originalValue\": null, \"postalService\": false, \"pixTransaction\": null, \"checkoutSession\": null, \"originalDueDate\": \"2025-09-05\", \"clientPaymentDate\": null, \"externalReference\": null, \"installmentNumber\": null, \"estimatedCreditDate\": null, \"canBePaidAfterDueDate\": true, \"lastInvoiceViewedDate\": null, \"transactionReceiptUrl\": null, \"lastBankSlipViewedDate\": null}','2025-09-04 20:20:38'),(47,47,'pay_7ra4urbhm096pw67',19.00,'canceled','2025-09-05',NULL,'{\"id\": \"pay_7ra4urbhm096pw67\", \"fine\": {\"type\": \"FIXED\", \"value\": 0}, \"value\": 19, \"escrow\": null, \"object\": \"payment\", \"status\": \"PENDING\", \"deleted\": false, \"dueDate\": \"2025-09-05\", \"refunds\": null, \"customer\": \"cus_000006996552\", \"discount\": {\"type\": \"FIXED\", \"value\": 0, \"limitDate\": null, \"dueDateLimitDays\": 0}, \"interest\": {\"type\": \"PERCENTAGE\", \"value\": 0}, \"netValue\": 18.01, \"creditDate\": null, \"invoiceUrl\": \"https://sandbox.asaas.com/i/7ra4urbhm096pw67\", \"anticipable\": false, \"anticipated\": false, \"bankSlipUrl\": \"https://sandbox.asaas.com/b/pdf/7ra4urbhm096pw67\", \"billingType\": \"BOLETO\", \"dateCreated\": \"2025-09-04\", \"description\": null, \"nossoNumero\": \"11331967\", \"paymentDate\": null, \"paymentLink\": null, \"subscription\": \"sub_c7spesw2z2iilveb\", \"interestValue\": null, \"invoiceNumber\": \"11221537\", \"originalValue\": null, \"postalService\": false, \"pixTransaction\": null, \"checkoutSession\": null, \"originalDueDate\": \"2025-09-05\", \"clientPaymentDate\": null, \"externalReference\": null, \"installmentNumber\": null, \"estimatedCreditDate\": null, \"canBePaidAfterDueDate\": true, \"lastInvoiceViewedDate\": null, \"transactionReceiptUrl\": null, \"lastBankSlipViewedDate\": null}','2025-09-04 20:40:12'),(48,48,'pay_0t4ezfif8p35tfm1',39.90,'canceled','2025-09-05',NULL,'{\"id\": \"pay_0t4ezfif8p35tfm1\", \"fine\": {\"type\": \"FIXED\", \"value\": 0}, \"value\": 39.9, \"escrow\": null, \"object\": \"payment\", \"status\": \"PENDING\", \"deleted\": false, \"dueDate\": \"2025-09-05\", \"refunds\": null, \"customer\": \"cus_000006996552\", \"discount\": {\"type\": \"FIXED\", \"value\": 0, \"limitDate\": null, \"dueDateLimitDays\": 0}, \"interest\": {\"type\": \"PERCENTAGE\", \"value\": 0}, \"netValue\": 38.91, \"creditDate\": null, \"invoiceUrl\": \"https://sandbox.asaas.com/i/0t4ezfif8p35tfm1\", \"anticipable\": false, \"anticipated\": false, \"bankSlipUrl\": \"https://sandbox.asaas.com/b/pdf/0t4ezfif8p35tfm1\", \"billingType\": \"BOLETO\", \"dateCreated\": \"2025-09-04\", \"description\": null, \"nossoNumero\": \"11331969\", \"paymentDate\": null, \"paymentLink\": null, \"subscription\": \"sub_vjossxhs4chjx94i\", \"interestValue\": null, \"invoiceNumber\": \"11221568\", \"originalValue\": null, \"postalService\": false, \"pixTransaction\": null, \"checkoutSession\": null, \"originalDueDate\": \"2025-09-05\", \"clientPaymentDate\": null, \"externalReference\": null, \"installmentNumber\": null, \"estimatedCreditDate\": null, \"canBePaidAfterDueDate\": true, \"lastInvoiceViewedDate\": null, \"transactionReceiptUrl\": null, \"lastBankSlipViewedDate\": null}','2025-09-04 20:42:11'),(49,49,'pay_t6n7gp85kpkz1f74',19.00,'canceled','2025-09-05',NULL,'{\"id\": \"pay_t6n7gp85kpkz1f74\", \"fine\": {\"type\": \"FIXED\", \"value\": 0}, \"value\": 19, \"escrow\": null, \"object\": \"payment\", \"status\": \"PENDING\", \"deleted\": false, \"dueDate\": \"2025-09-05\", \"refunds\": null, \"customer\": \"cus_000006996552\", \"discount\": {\"type\": \"FIXED\", \"value\": 0, \"limitDate\": null, \"dueDateLimitDays\": 0}, \"interest\": {\"type\": \"PERCENTAGE\", \"value\": 0}, \"netValue\": 18.01, \"creditDate\": null, \"invoiceUrl\": \"https://sandbox.asaas.com/i/t6n7gp85kpkz1f74\", \"anticipable\": false, \"anticipated\": false, \"bankSlipUrl\": \"https://sandbox.asaas.com/b/pdf/t6n7gp85kpkz1f74\", \"billingType\": \"BOLETO\", \"dateCreated\": \"2025-09-04\", \"description\": null, \"nossoNumero\": \"11331971\", \"paymentDate\": null, \"paymentLink\": null, \"subscription\": \"sub_8a2m6gdg9iiyn7nj\", \"interestValue\": null, \"invoiceNumber\": \"11221624\", \"originalValue\": null, \"postalService\": false, \"pixTransaction\": null, \"checkoutSession\": null, \"originalDueDate\": \"2025-09-05\", \"clientPaymentDate\": null, \"externalReference\": null, \"installmentNumber\": null, \"estimatedCreditDate\": null, \"canBePaidAfterDueDate\": true, \"lastInvoiceViewedDate\": null, \"transactionReceiptUrl\": null, \"lastBankSlipViewedDate\": null}','2025-09-04 20:43:23'),(50,50,'pay_gul7fj6vl6p8w3p1',39.90,'canceled','2025-09-05',NULL,'{\"id\": \"pay_gul7fj6vl6p8w3p1\", \"fine\": {\"type\": \"FIXED\", \"value\": 0}, \"value\": 39.9, \"escrow\": null, \"object\": \"payment\", \"status\": \"PENDING\", \"deleted\": false, \"dueDate\": \"2025-09-05\", \"refunds\": null, \"customer\": \"cus_000006996552\", \"discount\": {\"type\": \"FIXED\", \"value\": 0, \"limitDate\": null, \"dueDateLimitDays\": 0}, \"interest\": {\"type\": \"PERCENTAGE\", \"value\": 0}, \"netValue\": 38.91, \"creditDate\": null, \"invoiceUrl\": \"https://sandbox.asaas.com/i/gul7fj6vl6p8w3p1\", \"anticipable\": false, \"anticipated\": false, \"bankSlipUrl\": \"https://sandbox.asaas.com/b/pdf/gul7fj6vl6p8w3p1\", \"billingType\": \"BOLETO\", \"dateCreated\": \"2025-09-04\", \"description\": null, \"nossoNumero\": \"11331998\", \"paymentDate\": null, \"paymentLink\": null, \"subscription\": \"sub_9ldosxk0gxqg3ofv\", \"interestValue\": null, \"invoiceNumber\": \"11221726\", \"originalValue\": null, \"postalService\": false, \"pixTransaction\": null, \"checkoutSession\": null, \"originalDueDate\": \"2025-09-05\", \"clientPaymentDate\": null, \"externalReference\": null, \"installmentNumber\": null, \"estimatedCreditDate\": null, \"canBePaidAfterDueDate\": true, \"lastInvoiceViewedDate\": null, \"transactionReceiptUrl\": null, \"lastBankSlipViewedDate\": null}','2025-09-04 20:52:25'),(51,51,'pay_5x51wb9ew1iqrovd',19.00,'canceled','2025-09-05',NULL,'{\"id\": \"pay_5x51wb9ew1iqrovd\", \"fine\": {\"type\": \"FIXED\", \"value\": 0}, \"value\": 19, \"escrow\": null, \"object\": \"payment\", \"status\": \"PENDING\", \"deleted\": true, \"dueDate\": \"2025-09-05\", \"refunds\": null, \"customer\": \"cus_000006996552\", \"discount\": {\"type\": \"FIXED\", \"value\": 0, \"limitDate\": null, \"dueDateLimitDays\": 0}, \"interest\": {\"type\": \"PERCENTAGE\", \"value\": 0}, \"netValue\": 18.01, \"creditDate\": null, \"invoiceUrl\": \"https://sandbox.asaas.com/i/5x51wb9ew1iqrovd\", \"anticipable\": false, \"anticipated\": false, \"bankSlipUrl\": \"https://sandbox.asaas.com/b/pdf/5x51wb9ew1iqrovd\", \"billingType\": \"BOLETO\", \"dateCreated\": \"2025-09-04\", \"description\": null, \"nossoNumero\": \"11332030\", \"paymentDate\": null, \"paymentLink\": null, \"subscription\": \"sub_df1pbnvwpjc9uecd\", \"interestValue\": null, \"invoiceNumber\": \"11221872\", \"originalValue\": null, \"postalService\": false, \"pixTransaction\": null, \"checkoutSession\": null, \"originalDueDate\": \"2025-09-05\", \"clientPaymentDate\": null, \"externalReference\": null, \"installmentNumber\": null, \"estimatedCreditDate\": null, \"canBePaidAfterDueDate\": true, \"lastInvoiceViewedDate\": null, \"transactionReceiptUrl\": \"https://sandbox.asaas.com/comprovantes/h/UEFZTUVOVF9ERUxFVEVEOnBheV81eDUxd2I5ZXcxaXFyb3Zk\", \"lastBankSlipViewedDate\": null}','2025-09-04 21:08:18'),(52,52,'pay_aot5x8kcdclllvhy',39.90,'paid','2025-09-05','2025-09-04 00:00:00','{\"id\": \"pay_aot5x8kcdclllvhy\", \"fine\": {\"type\": \"FIXED\", \"value\": 0}, \"value\": 39.9, \"escrow\": null, \"object\": \"payment\", \"status\": \"RECEIVED\", \"deleted\": false, \"dueDate\": \"2025-09-05\", \"refunds\": null, \"customer\": \"cus_000006996552\", \"discount\": {\"type\": \"FIXED\", \"value\": 0, \"limitDate\": null, \"dueDateLimitDays\": 0}, \"interest\": {\"type\": \"PERCENTAGE\", \"value\": 0}, \"netValue\": 38.91, \"creditDate\": \"2025-09-04\", \"invoiceUrl\": \"https://sandbox.asaas.com/i/aot5x8kcdclllvhy\", \"anticipable\": false, \"anticipated\": false, \"bankSlipUrl\": \"https://sandbox.asaas.com/b/pdf/aot5x8kcdclllvhy\", \"billingType\": \"BOLETO\", \"dateCreated\": \"2025-09-04\", \"description\": null, \"nossoNumero\": \"11332072\", \"paymentDate\": \"2025-09-04\", \"paymentLink\": null, \"subscription\": \"sub_exfk43j09dopy33m\", \"confirmedDate\": \"2025-09-04\", \"interestValue\": null, \"invoiceNumber\": \"11222016\", \"originalValue\": null, \"postalService\": false, \"pixTransaction\": null, \"checkoutSession\": null, \"originalDueDate\": \"2025-09-05\", \"clientPaymentDate\": \"2025-09-04\", \"externalReference\": null, \"installmentNumber\": null, \"estimatedCreditDate\": \"2025-09-04\", \"canBePaidAfterDueDate\": true, \"lastInvoiceViewedDate\": null, \"transactionReceiptUrl\": \"https://sandbox.asaas.com/comprovantes/h/UEFZTUVOVF9SRUNFSVZFRDpwYXlfYW90NXg4a2NkY2xsbHZoeQ%3D%3D\", \"lastBankSlipViewedDate\": null}','2025-09-04 21:42:36'),(53,41,'pay_hke3jxfovomh9rsq',19.00,'pending','2025-10-05',NULL,'{\"id\": \"pay_hke3jxfovomh9rsq\", \"fine\": {\"type\": \"FIXED\", \"value\": 0}, \"value\": 19, \"escrow\": null, \"object\": \"payment\", \"status\": \"PENDING\", \"deleted\": false, \"dueDate\": \"2025-10-05\", \"refunds\": null, \"customer\": \"cus_000006995636\", \"discount\": {\"type\": \"FIXED\", \"value\": 0, \"limitDate\": null, \"dueDateLimitDays\": 0}, \"interest\": {\"type\": \"PERCENTAGE\", \"value\": 0}, \"netValue\": 18.01, \"creditDate\": null, \"invoiceUrl\": \"https://sandbox.asaas.com/i/hke3jxfovomh9rsq\", \"anticipable\": false, \"anticipated\": false, \"bankSlipUrl\": \"https://sandbox.asaas.com/b/pdf/hke3jxfovomh9rsq\", \"billingType\": \"BOLETO\", \"dateCreated\": \"2025-09-04\", \"description\": null, \"nossoNumero\": \"11332179\", \"paymentDate\": null, \"paymentLink\": null, \"subscription\": \"sub_r4hj5fywhusywdwm\", \"interestValue\": null, \"invoiceNumber\": \"11222592\", \"originalValue\": null, \"postalService\": false, \"pixTransaction\": null, \"checkoutSession\": null, \"originalDueDate\": \"2025-10-05\", \"clientPaymentDate\": null, \"externalReference\": null, \"installmentNumber\": null, \"estimatedCreditDate\": null, \"canBePaidAfterDueDate\": true, \"lastInvoiceViewedDate\": null, \"transactionReceiptUrl\": null, \"lastBankSlipViewedDate\": null}','2025-09-04 23:00:27'),(54,42,'pay_r8uqshba3qvotfal',19.00,'pending','2025-10-05',NULL,'{\"id\": \"pay_r8uqshba3qvotfal\", \"fine\": {\"type\": \"FIXED\", \"value\": 0}, \"value\": 19, \"escrow\": null, \"object\": \"payment\", \"status\": \"PENDING\", \"deleted\": false, \"dueDate\": \"2025-10-05\", \"refunds\": null, \"customer\": \"cus_000006995743\", \"discount\": {\"type\": \"FIXED\", \"value\": 0, \"limitDate\": null, \"dueDateLimitDays\": 0}, \"interest\": {\"type\": \"PERCENTAGE\", \"value\": 0}, \"netValue\": 18.01, \"creditDate\": null, \"invoiceUrl\": \"https://sandbox.asaas.com/i/r8uqshba3qvotfal\", \"anticipable\": false, \"anticipated\": false, \"bankSlipUrl\": \"https://sandbox.asaas.com/b/pdf/r8uqshba3qvotfal\", \"billingType\": \"BOLETO\", \"dateCreated\": \"2025-09-04\", \"description\": null, \"nossoNumero\": \"11332181\", \"paymentDate\": null, \"paymentLink\": null, \"subscription\": \"sub_9isdvmdj1qywd1dg\", \"interestValue\": null, \"invoiceNumber\": \"11222594\", \"originalValue\": null, \"postalService\": false, \"pixTransaction\": null, \"checkoutSession\": null, \"originalDueDate\": \"2025-10-05\", \"clientPaymentDate\": null, \"externalReference\": null, \"installmentNumber\": null, \"estimatedCreditDate\": null, \"canBePaidAfterDueDate\": true, \"lastInvoiceViewedDate\": null, \"transactionReceiptUrl\": null, \"lastBankSlipViewedDate\": null}','2025-09-04 23:00:27'),(55,43,'pay_jnfh50uzt2zasiq0',19.00,'pending','2025-10-05',NULL,'{\"id\": \"pay_jnfh50uzt2zasiq0\", \"fine\": {\"type\": \"FIXED\", \"value\": 0}, \"value\": 19, \"escrow\": null, \"object\": \"payment\", \"status\": \"PENDING\", \"deleted\": false, \"dueDate\": \"2025-10-05\", \"refunds\": null, \"customer\": \"cus_000006995906\", \"discount\": {\"type\": \"FIXED\", \"value\": 0, \"limitDate\": null, \"dueDateLimitDays\": 0}, \"interest\": {\"type\": \"PERCENTAGE\", \"value\": 0}, \"netValue\": 18.01, \"creditDate\": null, \"invoiceUrl\": \"https://sandbox.asaas.com/i/jnfh50uzt2zasiq0\", \"anticipable\": false, \"anticipated\": false, \"bankSlipUrl\": \"https://sandbox.asaas.com/b/pdf/jnfh50uzt2zasiq0\", \"billingType\": \"BOLETO\", \"dateCreated\": \"2025-09-04\", \"description\": null, \"nossoNumero\": \"11332184\", \"paymentDate\": null, \"paymentLink\": null, \"subscription\": \"sub_f8j4lu2vcsphl2oo\", \"interestValue\": null, \"invoiceNumber\": \"11222597\", \"originalValue\": null, \"postalService\": false, \"pixTransaction\": null, \"checkoutSession\": null, \"originalDueDate\": \"2025-10-05\", \"clientPaymentDate\": null, \"externalReference\": null, \"installmentNumber\": null, \"estimatedCreditDate\": null, \"canBePaidAfterDueDate\": true, \"lastInvoiceViewedDate\": null, \"transactionReceiptUrl\": null, \"lastBankSlipViewedDate\": null}','2025-09-04 23:00:27'),(56,44,'pay_ffmcc6uwejcom11i',19.00,'pending','2025-10-05',NULL,'{\"id\": \"pay_ffmcc6uwejcom11i\", \"fine\": {\"type\": \"FIXED\", \"value\": 0}, \"value\": 19, \"escrow\": null, \"object\": \"payment\", \"status\": \"PENDING\", \"deleted\": false, \"dueDate\": \"2025-10-05\", \"refunds\": null, \"customer\": \"cus_000006996552\", \"discount\": {\"type\": \"FIXED\", \"value\": 0, \"limitDate\": null, \"dueDateLimitDays\": 0}, \"interest\": {\"type\": \"PERCENTAGE\", \"value\": 0}, \"netValue\": 18.01, \"creditDate\": null, \"invoiceUrl\": \"https://sandbox.asaas.com/i/ffmcc6uwejcom11i\", \"anticipable\": false, \"anticipated\": false, \"bankSlipUrl\": \"https://sandbox.asaas.com/b/pdf/ffmcc6uwejcom11i\", \"billingType\": \"BOLETO\", \"dateCreated\": \"2025-09-04\", \"description\": null, \"nossoNumero\": \"11332186\", \"paymentDate\": null, \"paymentLink\": null, \"subscription\": \"sub_bhxdz3xhqsrzmpzd\", \"interestValue\": null, \"invoiceNumber\": \"11222601\", \"originalValue\": null, \"postalService\": false, \"pixTransaction\": null, \"checkoutSession\": null, \"originalDueDate\": \"2025-10-05\", \"clientPaymentDate\": null, \"externalReference\": null, \"installmentNumber\": null, \"estimatedCreditDate\": null, \"canBePaidAfterDueDate\": true, \"lastInvoiceViewedDate\": null, \"transactionReceiptUrl\": null, \"lastBankSlipViewedDate\": null}','2025-09-04 23:00:28'),(57,45,'pay_9cs1glolwkdkvdf8',19.00,'pending','2025-10-05',NULL,'{\"id\": \"pay_9cs1glolwkdkvdf8\", \"fine\": {\"type\": \"FIXED\", \"value\": 0}, \"value\": 19, \"escrow\": null, \"object\": \"payment\", \"status\": \"PENDING\", \"deleted\": false, \"dueDate\": \"2025-10-05\", \"refunds\": null, \"customer\": \"cus_000006996552\", \"discount\": {\"type\": \"FIXED\", \"value\": 0, \"limitDate\": null, \"dueDateLimitDays\": 0}, \"interest\": {\"type\": \"PERCENTAGE\", \"value\": 0}, \"netValue\": 18.01, \"creditDate\": null, \"invoiceUrl\": \"https://sandbox.asaas.com/i/9cs1glolwkdkvdf8\", \"anticipable\": false, \"anticipated\": false, \"bankSlipUrl\": \"https://sandbox.asaas.com/b/pdf/9cs1glolwkdkvdf8\", \"billingType\": \"BOLETO\", \"dateCreated\": \"2025-09-04\", \"description\": null, \"nossoNumero\": \"11332189\", \"paymentDate\": null, \"paymentLink\": null, \"subscription\": \"sub_uv83yuov3zjpm9j2\", \"interestValue\": null, \"invoiceNumber\": \"11222604\", \"originalValue\": null, \"postalService\": false, \"pixTransaction\": null, \"checkoutSession\": null, \"originalDueDate\": \"2025-10-05\", \"clientPaymentDate\": null, \"externalReference\": null, \"installmentNumber\": null, \"estimatedCreditDate\": null, \"canBePaidAfterDueDate\": true, \"lastInvoiceViewedDate\": null, \"transactionReceiptUrl\": null, \"lastBankSlipViewedDate\": null}','2025-09-04 23:00:28'),(58,46,'pay_z3lhisjxjfo5h3oa',39.90,'pending','2025-10-05',NULL,'{\"id\": \"pay_z3lhisjxjfo5h3oa\", \"fine\": {\"type\": \"FIXED\", \"value\": 0}, \"value\": 39.9, \"escrow\": null, \"object\": \"payment\", \"status\": \"PENDING\", \"deleted\": false, \"dueDate\": \"2025-10-05\", \"refunds\": null, \"customer\": \"cus_000006996552\", \"discount\": {\"type\": \"FIXED\", \"value\": 0, \"limitDate\": null, \"dueDateLimitDays\": 0}, \"interest\": {\"type\": \"PERCENTAGE\", \"value\": 0}, \"netValue\": 38.91, \"creditDate\": null, \"invoiceUrl\": \"https://sandbox.asaas.com/i/z3lhisjxjfo5h3oa\", \"anticipable\": false, \"anticipated\": false, \"bankSlipUrl\": \"https://sandbox.asaas.com/b/pdf/z3lhisjxjfo5h3oa\", \"billingType\": \"BOLETO\", \"dateCreated\": \"2025-09-04\", \"description\": null, \"nossoNumero\": \"11332190\", \"paymentDate\": null, \"paymentLink\": null, \"subscription\": \"sub_nmdmuaicl17ba6en\", \"interestValue\": null, \"invoiceNumber\": \"11222605\", \"originalValue\": null, \"postalService\": false, \"pixTransaction\": null, \"checkoutSession\": null, \"originalDueDate\": \"2025-10-05\", \"clientPaymentDate\": null, \"externalReference\": null, \"installmentNumber\": null, \"estimatedCreditDate\": null, \"canBePaidAfterDueDate\": true, \"lastInvoiceViewedDate\": null, \"transactionReceiptUrl\": null, \"lastBankSlipViewedDate\": null}','2025-09-04 23:00:30'),(59,47,'pay_aclf90mej8vu3qmo',19.00,'pending','2025-10-05',NULL,'{\"id\": \"pay_aclf90mej8vu3qmo\", \"fine\": {\"type\": \"FIXED\", \"value\": 0}, \"value\": 19, \"escrow\": null, \"object\": \"payment\", \"status\": \"PENDING\", \"deleted\": false, \"dueDate\": \"2025-10-05\", \"refunds\": null, \"customer\": \"cus_000006996552\", \"discount\": {\"type\": \"FIXED\", \"value\": 0, \"limitDate\": null, \"dueDateLimitDays\": 0}, \"interest\": {\"type\": \"PERCENTAGE\", \"value\": 0}, \"netValue\": 18.01, \"creditDate\": null, \"invoiceUrl\": \"https://sandbox.asaas.com/i/aclf90mej8vu3qmo\", \"anticipable\": false, \"anticipated\": false, \"bankSlipUrl\": \"https://sandbox.asaas.com/b/pdf/aclf90mej8vu3qmo\", \"billingType\": \"BOLETO\", \"dateCreated\": \"2025-09-04\", \"description\": null, \"nossoNumero\": \"11332191\", \"paymentDate\": null, \"paymentLink\": null, \"subscription\": \"sub_c7spesw2z2iilveb\", \"interestValue\": null, \"invoiceNumber\": \"11222606\", \"originalValue\": null, \"postalService\": false, \"pixTransaction\": null, \"checkoutSession\": null, \"originalDueDate\": \"2025-10-05\", \"clientPaymentDate\": null, \"externalReference\": null, \"installmentNumber\": null, \"estimatedCreditDate\": null, \"canBePaidAfterDueDate\": true, \"lastInvoiceViewedDate\": null, \"transactionReceiptUrl\": null, \"lastBankSlipViewedDate\": null}','2025-09-04 23:00:30'),(60,48,'pay_w0dhsh8u61nq8uvn',39.90,'pending','2025-10-05',NULL,'{\"id\": \"pay_w0dhsh8u61nq8uvn\", \"fine\": {\"type\": \"FIXED\", \"value\": 0}, \"value\": 39.9, \"escrow\": null, \"object\": \"payment\", \"status\": \"PENDING\", \"deleted\": false, \"dueDate\": \"2025-10-05\", \"refunds\": null, \"customer\": \"cus_000006996552\", \"discount\": {\"type\": \"FIXED\", \"value\": 0, \"limitDate\": null, \"dueDateLimitDays\": 0}, \"interest\": {\"type\": \"PERCENTAGE\", \"value\": 0}, \"netValue\": 38.91, \"creditDate\": null, \"invoiceUrl\": \"https://sandbox.asaas.com/i/w0dhsh8u61nq8uvn\", \"anticipable\": false, \"anticipated\": false, \"bankSlipUrl\": \"https://sandbox.asaas.com/b/pdf/w0dhsh8u61nq8uvn\", \"billingType\": \"BOLETO\", \"dateCreated\": \"2025-09-04\", \"description\": null, \"nossoNumero\": \"11332192\", \"paymentDate\": null, \"paymentLink\": null, \"subscription\": \"sub_vjossxhs4chjx94i\", \"interestValue\": null, \"invoiceNumber\": \"11222607\", \"originalValue\": null, \"postalService\": false, \"pixTransaction\": null, \"checkoutSession\": null, \"originalDueDate\": \"2025-10-05\", \"clientPaymentDate\": null, \"externalReference\": null, \"installmentNumber\": null, \"estimatedCreditDate\": null, \"canBePaidAfterDueDate\": true, \"lastInvoiceViewedDate\": null, \"transactionReceiptUrl\": null, \"lastBankSlipViewedDate\": null}','2025-09-04 23:00:30'),(61,49,'pay_jp5wdb904vbqxuvl',19.00,'pending','2025-10-05',NULL,'{\"id\": \"pay_jp5wdb904vbqxuvl\", \"fine\": {\"type\": \"FIXED\", \"value\": 0}, \"value\": 19, \"escrow\": null, \"object\": \"payment\", \"status\": \"PENDING\", \"deleted\": false, \"dueDate\": \"2025-10-05\", \"refunds\": null, \"customer\": \"cus_000006996552\", \"discount\": {\"type\": \"FIXED\", \"value\": 0, \"limitDate\": null, \"dueDateLimitDays\": 0}, \"interest\": {\"type\": \"PERCENTAGE\", \"value\": 0}, \"netValue\": 18.01, \"creditDate\": null, \"invoiceUrl\": \"https://sandbox.asaas.com/i/jp5wdb904vbqxuvl\", \"anticipable\": false, \"anticipated\": false, \"bankSlipUrl\": \"https://sandbox.asaas.com/b/pdf/jp5wdb904vbqxuvl\", \"billingType\": \"BOLETO\", \"dateCreated\": \"2025-09-04\", \"description\": null, \"nossoNumero\": \"11332193\", \"paymentDate\": null, \"paymentLink\": null, \"subscription\": \"sub_8a2m6gdg9iiyn7nj\", \"interestValue\": null, \"invoiceNumber\": \"11222608\", \"originalValue\": null, \"postalService\": false, \"pixTransaction\": null, \"checkoutSession\": null, \"originalDueDate\": \"2025-10-05\", \"clientPaymentDate\": null, \"externalReference\": null, \"installmentNumber\": null, \"estimatedCreditDate\": null, \"canBePaidAfterDueDate\": true, \"lastInvoiceViewedDate\": null, \"transactionReceiptUrl\": null, \"lastBankSlipViewedDate\": null}','2025-09-04 23:00:30'),(62,50,'pay_uia3pxq6yzpfjr6k',39.90,'pending','2025-10-05',NULL,'{\"id\": \"pay_uia3pxq6yzpfjr6k\", \"fine\": {\"type\": \"FIXED\", \"value\": 0}, \"value\": 39.9, \"escrow\": null, \"object\": \"payment\", \"status\": \"PENDING\", \"deleted\": false, \"dueDate\": \"2025-10-05\", \"refunds\": null, \"customer\": \"cus_000006996552\", \"discount\": {\"type\": \"FIXED\", \"value\": 0, \"limitDate\": null, \"dueDateLimitDays\": 0}, \"interest\": {\"type\": \"PERCENTAGE\", \"value\": 0}, \"netValue\": 38.91, \"creditDate\": null, \"invoiceUrl\": \"https://sandbox.asaas.com/i/uia3pxq6yzpfjr6k\", \"anticipable\": false, \"anticipated\": false, \"bankSlipUrl\": \"https://sandbox.asaas.com/b/pdf/uia3pxq6yzpfjr6k\", \"billingType\": \"BOLETO\", \"dateCreated\": \"2025-09-04\", \"description\": null, \"nossoNumero\": \"11332194\", \"paymentDate\": null, \"paymentLink\": null, \"subscription\": \"sub_9ldosxk0gxqg3ofv\", \"interestValue\": null, \"invoiceNumber\": \"11222609\", \"originalValue\": null, \"postalService\": false, \"pixTransaction\": null, \"checkoutSession\": null, \"originalDueDate\": \"2025-10-05\", \"clientPaymentDate\": null, \"externalReference\": null, \"installmentNumber\": null, \"estimatedCreditDate\": null, \"canBePaidAfterDueDate\": true, \"lastInvoiceViewedDate\": null, \"transactionReceiptUrl\": null, \"lastBankSlipViewedDate\": null}','2025-09-04 23:00:30'),(63,51,'pay_vdqfl9r7s7sqa7x9',19.00,'pending','2025-10-05',NULL,'{\"id\": \"pay_vdqfl9r7s7sqa7x9\", \"fine\": {\"type\": \"FIXED\", \"value\": 0}, \"value\": 19, \"escrow\": null, \"object\": \"payment\", \"status\": \"PENDING\", \"deleted\": false, \"dueDate\": \"2025-10-05\", \"refunds\": null, \"customer\": \"cus_000006996552\", \"discount\": {\"type\": \"FIXED\", \"value\": 0, \"limitDate\": null, \"dueDateLimitDays\": 0}, \"interest\": {\"type\": \"PERCENTAGE\", \"value\": 0}, \"netValue\": 18.01, \"creditDate\": null, \"invoiceUrl\": \"https://sandbox.asaas.com/i/vdqfl9r7s7sqa7x9\", \"anticipable\": false, \"anticipated\": false, \"bankSlipUrl\": \"https://sandbox.asaas.com/b/pdf/vdqfl9r7s7sqa7x9\", \"billingType\": \"BOLETO\", \"dateCreated\": \"2025-09-04\", \"description\": null, \"nossoNumero\": \"11332195\", \"paymentDate\": null, \"paymentLink\": null, \"subscription\": \"sub_df1pbnvwpjc9uecd\", \"interestValue\": null, \"invoiceNumber\": \"11222610\", \"originalValue\": null, \"postalService\": false, \"pixTransaction\": null, \"checkoutSession\": null, \"originalDueDate\": \"2025-10-05\", \"clientPaymentDate\": null, \"externalReference\": null, \"installmentNumber\": null, \"estimatedCreditDate\": null, \"canBePaidAfterDueDate\": true, \"lastInvoiceViewedDate\": null, \"transactionReceiptUrl\": null, \"lastBankSlipViewedDate\": null}','2025-09-04 23:00:30'),(64,52,'pay_vca1zjx76aqmd162',39.90,'pending','2025-10-05',NULL,'{\"id\": \"pay_vca1zjx76aqmd162\", \"fine\": {\"type\": \"FIXED\", \"value\": 0}, \"value\": 39.9, \"escrow\": null, \"object\": \"payment\", \"status\": \"PENDING\", \"deleted\": false, \"dueDate\": \"2025-10-05\", \"refunds\": null, \"customer\": \"cus_000006996552\", \"discount\": {\"type\": \"FIXED\", \"value\": 0, \"limitDate\": null, \"dueDateLimitDays\": 0}, \"interest\": {\"type\": \"PERCENTAGE\", \"value\": 0}, \"netValue\": 38.91, \"creditDate\": null, \"invoiceUrl\": \"https://sandbox.asaas.com/i/vca1zjx76aqmd162\", \"anticipable\": false, \"anticipated\": false, \"bankSlipUrl\": \"https://sandbox.asaas.com/b/pdf/vca1zjx76aqmd162\", \"billingType\": \"BOLETO\", \"dateCreated\": \"2025-09-04\", \"description\": null, \"nossoNumero\": \"11332196\", \"paymentDate\": null, \"paymentLink\": null, \"subscription\": \"sub_exfk43j09dopy33m\", \"interestValue\": null, \"invoiceNumber\": \"11222611\", \"originalValue\": null, \"postalService\": false, \"pixTransaction\": null, \"checkoutSession\": null, \"originalDueDate\": \"2025-10-05\", \"clientPaymentDate\": null, \"externalReference\": null, \"installmentNumber\": null, \"estimatedCreditDate\": null, \"canBePaidAfterDueDate\": true, \"lastInvoiceViewedDate\": null, \"transactionReceiptUrl\": null, \"lastBankSlipViewedDate\": null}','2025-09-04 23:00:30');
/*!40000 ALTER TABLE `invoices` ENABLE KEYS */;
UNLOCK TABLES;

--
-- Table structure for table `partner_ad_campaigns`
--

DROP TABLE IF EXISTS `partner_ad_campaigns`;
/*!40101 SET @saved_cs_client     = @@character_set_client */;
/*!50503 SET character_set_client = utf8mb4 */;
CREATE TABLE `partner_ad_campaigns` (
  `id` bigint unsigned NOT NULL AUTO_INCREMENT,
  `partner_id` bigint unsigned NOT NULL,
  `user_id` bigint unsigned NOT NULL,
  `title` varchar(160) NOT NULL,
  `target_url` varchar(255) DEFAULT NULL,
  `img_sky_1` varchar(255) DEFAULT NULL,
  `img_sky_2` varchar(255) DEFAULT NULL,
  `img_top_468` varchar(255) DEFAULT NULL,
  `img_square_1` varchar(255) DEFAULT NULL,
  `img_square_2` varchar(255) DEFAULT NULL,
  `status` enum('inactive','active','paused') NOT NULL DEFAULT 'inactive',
  `created_at` timestamp NOT NULL DEFAULT CURRENT_TIMESTAMP,
  `updated_at` timestamp NULL DEFAULT NULL ON UPDATE CURRENT_TIMESTAMP,
  PRIMARY KEY (`id`),
  KEY `idx_camp_partner` (`partner_id`),
  KEY `idx_camp_user` (`user_id`),
  CONSTRAINT `fk_camp_partner` FOREIGN KEY (`partner_id`) REFERENCES `partners` (`id`),
  CONSTRAINT `fk_camp_user` FOREIGN KEY (`user_id`) REFERENCES `users` (`id`)
) ENGINE=InnoDB AUTO_INCREMENT=3 DEFAULT CHARSET=utf8mb4 COLLATE=utf8mb4_0900_ai_ci;
/*!40101 SET character_set_client = @saved_cs_client */;

--
-- Dumping data for table `partner_ad_campaigns`
--

LOCK TABLES `partner_ad_campaigns` WRITE;
/*!40000 ALTER TABLE `partner_ad_campaigns` DISABLE KEYS */;
INSERT INTO `partner_ad_campaigns` VALUES (1,1,11,'Clinica Aviv CheckUP','https://yahoo.com','https://upload.wikimedia.org/wikipedia/commons/thumb/b/b6/Image_created_with_a_mobile_phone.png/250px-Image_created_with_a_mobile_phone.png','https://upload.wikimedia.org/wikipedia/commons/thumb/b/b6/Image_created_with_a_mobile_phone.png/250px-Image_created_with_a_mobile_phone.png','https://image.shutterstock.com/image-vector/honey-banner-copy-space-468x60-260nw-2111413184.jpg','https://encrypted-tbn0.gstatic.com/images?q=tbn:ANd9GcRZvlSp1n4pah6XUBKoQO7VxIi-7Zz7d0cnwr2cTDQlpkQUvNLjRmXtG3N0n2fYaad7qao&usqp=CAU','https://clinicamultidisciplinar.com.br/wp-content/uploads/2022/08/image0-300x289.jpeg','active','2025-09-05 01:40:48','2025-09-06 02:06:33'),(2,1,11,'Campanha AVIV Checkup2','https://google.com','https://upload.wikimedia.org/wikipedia/commons/thumb/b/b6/Image_created_with_a_mobile_phone.png/250px-Image_created_with_a_mobile_phone.png','https://upload.wikimedia.org/wikipedia/commons/thumb/b/b6/Image_created_with_a_mobile_phone.png/250px-Image_created_with_a_mobile_phone.png','https://upload.wikimedia.org/wikipedia/commons/thumb/b/b6/Image_created_with_a_mobile_phone.png/250px-Image_created_with_a_mobile_phone.png','https://upload.wikimedia.org/wikipedia/commons/thumb/b/b6/Image_created_with_a_mobile_phone.png/250px-Image_created_with_a_mobile_phone.png','https://upload.wikimedia.org/wikipedia/commons/thumb/b/b6/Image_created_with_a_mobile_phone.png/250px-Image_created_with_a_mobile_phone.png','inactive','2025-09-05 18:13:31',NULL);
/*!40000 ALTER TABLE `partner_ad_campaigns` ENABLE KEYS */;
UNLOCK TABLES;

--
-- Table structure for table `partner_ad_impressions`
--

DROP TABLE IF EXISTS `partner_ad_impressions`;
/*!40101 SET @saved_cs_client     = @@character_set_client */;
/*!50503 SET character_set_client = utf8mb4 */;
CREATE TABLE `partner_ad_impressions` (
  `id` bigint unsigned NOT NULL AUTO_INCREMENT,
  `ad_order_id` bigint unsigned NOT NULL,
  `ip` varchar(45) DEFAULT NULL,
  `ua` varchar(255) DEFAULT NULL,
  `referer` varchar(255) DEFAULT NULL,
  `created_at` timestamp NOT NULL DEFAULT CURRENT_TIMESTAMP,
  PRIMARY KEY (`id`),
  KEY `idx_impr_ad` (`ad_order_id`,`created_at`),
  CONSTRAINT `fk_impr_order` FOREIGN KEY (`ad_order_id`) REFERENCES `partner_ad_orders` (`id`)
) ENGINE=InnoDB AUTO_INCREMENT=435 DEFAULT CHARSET=utf8mb4 COLLATE=utf8mb4_0900_ai_ci;
/*!40101 SET character_set_client = @saved_cs_client */;

--
-- Dumping data for table `partner_ad_impressions`
--

LOCK TABLES `partner_ad_impressions` WRITE;
/*!40000 ALTER TABLE `partner_ad_impressions` DISABLE KEYS */;
INSERT INTO `partner_ad_impressions` VALUES (1,2,'172.20.0.1','Mozilla/5.0 (Windows NT 10.0; Win64; x64) AppleWebKit/537.36 (KHTML, like Gecko) Chrome/139.0.0.0 Safari/537.36 Edg/139.0.0.0','http://localhost:8765/','2025-09-05 21:59:30'),(2,2,'172.20.0.1','Mozilla/5.0 (Windows NT 10.0; Win64; x64) AppleWebKit/537.36 (KHTML, like Gecko) Chrome/139.0.0.0 Safari/537.36 Edg/139.0.0.0','http://localhost:8765/','2025-09-05 21:59:32'),(3,2,'172.20.0.1','Mozilla/5.0 (Windows NT 10.0; Win64; x64) AppleWebKit/537.36 (KHTML, like Gecko) Chrome/139.0.0.0 Safari/537.36 Edg/139.0.0.0','http://localhost:8765/','2025-09-05 22:09:16'),(4,2,'172.20.0.1','Mozilla/5.0 (Windows NT 10.0; Win64; x64) AppleWebKit/537.36 (KHTML, like Gecko) Chrome/139.0.0.0 Safari/537.36 Edg/139.0.0.0','http://localhost:8765/','2025-09-05 22:09:24'),(5,2,'172.20.0.1','Mozilla/5.0 (Windows NT 10.0; Win64; x64) AppleWebKit/537.36 (KHTML, like Gecko) Chrome/139.0.0.0 Safari/537.36 Edg/139.0.0.0','http://localhost:8765/','2025-09-05 22:14:11'),(6,2,'172.20.0.1','Mozilla/5.0 (Windows NT 10.0; Win64; x64) AppleWebKit/537.36 (KHTML, like Gecko) Chrome/139.0.0.0 Safari/537.36 Edg/139.0.0.0','http://localhost:8765/?r=site/home','2025-09-05 22:37:37'),(7,2,'172.20.0.1','Mozilla/5.0 (Windows NT 10.0; Win64; x64) AppleWebKit/537.36 (KHTML, like Gecko) Chrome/139.0.0.0 Safari/537.36 Edg/139.0.0.0','http://localhost:8765/?r=partner/dashboard','2025-09-06 01:37:32'),(8,2,'172.20.0.1','Mozilla/5.0 (Windows NT 10.0; Win64; x64) AppleWebKit/537.36 (KHTML, like Gecko) Chrome/139.0.0.0 Safari/537.36 Edg/139.0.0.0','http://localhost:8765/?r=partner/dashboard','2025-09-06 01:47:45'),(9,2,'172.20.0.1','Mozilla/5.0 (Windows NT 10.0; Win64; x64) AppleWebKit/537.36 (KHTML, like Gecko) Chrome/139.0.0.0 Safari/537.36 Edg/139.0.0.0','http://localhost:8765/?r=partner/dashboard','2025-09-06 01:54:39'),(10,2,'172.20.0.1','Mozilla/5.0 (Windows NT 10.0; Win64; x64) AppleWebKit/537.36 (KHTML, like Gecko) Chrome/139.0.0.0 Safari/537.36 Edg/139.0.0.0','http://localhost:8765/?r=partner/cupons','2025-09-06 01:54:42'),(11,2,'172.20.0.1','Mozilla/5.0 (Windows NT 10.0; Win64; x64) AppleWebKit/537.36 (KHTML, like Gecko) Chrome/139.0.0.0 Safari/537.36 Edg/139.0.0.0','http://localhost:8765/?r=partner/dashboard','2025-09-06 01:54:45'),(12,2,'172.20.0.1','Mozilla/5.0 (Windows NT 10.0; Win64; x64) AppleWebKit/537.36 (KHTML, like Gecko) Chrome/139.0.0.0 Safari/537.36 Edg/139.0.0.0','http://localhost:8765/?r=partner/dashboard','2025-09-06 01:54:48'),(13,2,'172.20.0.1','Mozilla/5.0 (Windows NT 10.0; Win64; x64) AppleWebKit/537.36 (KHTML, like Gecko) Chrome/139.0.0.0 Safari/537.36 Edg/139.0.0.0','http://localhost:8765/?r=partner/dashboard','2025-09-06 02:02:02'),(14,2,'172.20.0.1','Mozilla/5.0 (Windows NT 10.0; Win64; x64) AppleWebKit/537.36 (KHTML, like Gecko) Chrome/139.0.0.0 Safari/537.36 Edg/139.0.0.0','http://localhost:8765/?r=partner/dashboard','2025-09-06 02:02:02'),(15,2,'172.20.0.1','Mozilla/5.0 (Windows NT 10.0; Win64; x64) AppleWebKit/537.36 (KHTML, like Gecko) Chrome/139.0.0.0 Safari/537.36 Edg/139.0.0.0','http://localhost:8765/?r=partner/dashboard','2025-09-06 02:02:02'),(16,2,'172.20.0.1','Mozilla/5.0 (Windows NT 10.0; Win64; x64) AppleWebKit/537.36 (KHTML, like Gecko) Chrome/139.0.0.0 Safari/537.36 Edg/139.0.0.0','http://localhost:8765/?r=partner/dashboard','2025-09-06 02:02:02'),(17,2,'172.20.0.1','Mozilla/5.0 (Windows NT 10.0; Win64; x64) AppleWebKit/537.36 (KHTML, like Gecko) Chrome/139.0.0.0 Safari/537.36 Edg/139.0.0.0','http://localhost:8765/?r=partner/dashboard','2025-09-06 02:02:48'),(18,2,'172.20.0.1','Mozilla/5.0 (Windows NT 10.0; Win64; x64) AppleWebKit/537.36 (KHTML, like Gecko) Chrome/139.0.0.0 Safari/537.36 Edg/139.0.0.0','http://localhost:8765/?r=partner/dashboard','2025-09-06 02:02:48'),(19,2,'172.20.0.1','Mozilla/5.0 (Windows NT 10.0; Win64; x64) AppleWebKit/537.36 (KHTML, like Gecko) Chrome/139.0.0.0 Safari/537.36 Edg/139.0.0.0','http://localhost:8765/?r=partner/dashboard','2025-09-06 02:02:48'),(20,2,'172.20.0.1','Mozilla/5.0 (Windows NT 10.0; Win64; x64) AppleWebKit/537.36 (KHTML, like Gecko) Chrome/139.0.0.0 Safari/537.36 Edg/139.0.0.0','http://localhost:8765/?r=partner/dashboard','2025-09-06 02:02:48'),(21,2,'172.20.0.1','Mozilla/5.0 (Linux; Android 6.0; Nexus 5 Build/MRA58N) AppleWebKit/537.36 (KHTML, like Gecko) Chrome/139.0.0.0 Mobile Safari/537.36 Edg/139.0.0.0','http://localhost:8765/?r=partner/dashboard','2025-09-06 02:04:02'),(22,2,'172.20.0.1','Mozilla/5.0 (Linux; Android 6.0; Nexus 5 Build/MRA58N) AppleWebKit/537.36 (KHTML, like Gecko) Chrome/139.0.0.0 Mobile Safari/537.36 Edg/139.0.0.0','http://localhost:8765/?r=partner/dashboard','2025-09-06 02:04:02'),(23,2,'172.20.0.1','Mozilla/5.0 (Linux; Android 6.0; Nexus 5 Build/MRA58N) AppleWebKit/537.36 (KHTML, like Gecko) Chrome/139.0.0.0 Mobile Safari/537.36 Edg/139.0.0.0','http://localhost:8765/?r=partner/dashboard','2025-09-06 02:04:02'),(24,2,'172.20.0.1','Mozilla/5.0 (Linux; Android 6.0; Nexus 5 Build/MRA58N) AppleWebKit/537.36 (KHTML, like Gecko) Chrome/139.0.0.0 Mobile Safari/537.36 Edg/139.0.0.0','http://localhost:8765/?r=partner/dashboard','2025-09-06 02:04:02'),(25,2,'172.20.0.1','Mozilla/5.0 (Windows NT 10.0; Win64; x64) AppleWebKit/537.36 (KHTML, like Gecko) Chrome/139.0.0.0 Safari/537.36 Edg/139.0.0.0','http://localhost:8765/?r=partner/dashboard','2025-09-06 02:06:50'),(26,2,'172.20.0.1','Mozilla/5.0 (Windows NT 10.0; Win64; x64) AppleWebKit/537.36 (KHTML, like Gecko) Chrome/139.0.0.0 Safari/537.36 Edg/139.0.0.0','http://localhost:8765/?r=partner/dashboard','2025-09-06 02:06:50'),(27,2,'172.20.0.1','Mozilla/5.0 (Windows NT 10.0; Win64; x64) AppleWebKit/537.36 (KHTML, like Gecko) Chrome/139.0.0.0 Safari/537.36 Edg/139.0.0.0','http://localhost:8765/?r=partner/dashboard','2025-09-06 02:06:50'),(28,2,'172.20.0.1','Mozilla/5.0 (Windows NT 10.0; Win64; x64) AppleWebKit/537.36 (KHTML, like Gecko) Chrome/139.0.0.0 Safari/537.36 Edg/139.0.0.0','http://localhost:8765/?r=partner/dashboard','2025-09-06 02:06:50'),(29,2,'172.20.0.1','Mozilla/5.0 (Windows NT 10.0; Win64; x64) AppleWebKit/537.36 (KHTML, like Gecko) Chrome/139.0.0.0 Safari/537.36 Edg/139.0.0.0','http://localhost:8765/?r=partner/cupons','2025-09-06 02:07:06'),(30,2,'172.20.0.1','Mozilla/5.0 (Windows NT 10.0; Win64; x64) AppleWebKit/537.36 (KHTML, like Gecko) Chrome/139.0.0.0 Safari/537.36 Edg/139.0.0.0','http://localhost:8765/?r=partner/cupons','2025-09-06 02:07:06'),(31,2,'172.20.0.1','Mozilla/5.0 (Windows NT 10.0; Win64; x64) AppleWebKit/537.36 (KHTML, like Gecko) Chrome/139.0.0.0 Safari/537.36 Edg/139.0.0.0','http://localhost:8765/?r=partner/cupons','2025-09-06 02:07:06'),(32,2,'172.20.0.1','Mozilla/5.0 (Windows NT 10.0; Win64; x64) AppleWebKit/537.36 (KHTML, like Gecko) Chrome/139.0.0.0 Safari/537.36 Edg/139.0.0.0','http://localhost:8765/?r=partner/cupons','2025-09-06 02:07:06'),(33,2,'172.20.0.1','Mozilla/5.0 (Windows NT 10.0; Win64; x64) AppleWebKit/537.36 (KHTML, like Gecko) Chrome/139.0.0.0 Safari/537.36 Edg/139.0.0.0','http://localhost:8765/?r=partner/dashboard','2025-09-06 02:07:09'),(34,2,'172.20.0.1','Mozilla/5.0 (Windows NT 10.0; Win64; x64) AppleWebKit/537.36 (KHTML, like Gecko) Chrome/139.0.0.0 Safari/537.36 Edg/139.0.0.0','http://localhost:8765/?r=partner/dashboard','2025-09-06 02:07:09'),(35,2,'172.20.0.1','Mozilla/5.0 (Windows NT 10.0; Win64; x64) AppleWebKit/537.36 (KHTML, like Gecko) Chrome/139.0.0.0 Safari/537.36 Edg/139.0.0.0','http://localhost:8765/?r=partner/dashboard','2025-09-06 02:07:09'),(36,2,'172.20.0.1','Mozilla/5.0 (Windows NT 10.0; Win64; x64) AppleWebKit/537.36 (KHTML, like Gecko) Chrome/139.0.0.0 Safari/537.36 Edg/139.0.0.0','http://localhost:8765/?r=partner/dashboard','2025-09-06 02:07:09'),(37,2,'172.20.0.1','Mozilla/5.0 (Windows NT 10.0; Win64; x64) AppleWebKit/537.36 (KHTML, like Gecko) Chrome/139.0.0.0 Safari/537.36 Edg/139.0.0.0','http://localhost:8765/?r=member/dashboard','2025-09-06 02:08:27'),(38,2,'172.20.0.1','Mozilla/5.0 (Windows NT 10.0; Win64; x64) AppleWebKit/537.36 (KHTML, like Gecko) Chrome/139.0.0.0 Safari/537.36 Edg/139.0.0.0','http://localhost:8765/?r=member/dashboard','2025-09-06 02:08:27'),(39,2,'172.20.0.1','Mozilla/5.0 (Windows NT 10.0; Win64; x64) AppleWebKit/537.36 (KHTML, like Gecko) Chrome/139.0.0.0 Safari/537.36 Edg/139.0.0.0','http://localhost:8765/?r=member/dashboard','2025-09-06 02:08:27'),(40,2,'172.20.0.1','Mozilla/5.0 (Windows NT 10.0; Win64; x64) AppleWebKit/537.36 (KHTML, like Gecko) Chrome/139.0.0.0 Safari/537.36 Edg/139.0.0.0','http://localhost:8765/?r=member/dashboard','2025-09-06 02:08:27'),(41,2,'172.20.0.1','Mozilla/5.0 (Windows NT 10.0; Win64; x64) AppleWebKit/537.36 (KHTML, like Gecko) Chrome/139.0.0.0 Safari/537.36 Edg/139.0.0.0','http://localhost:8765/?r=member/dashboard','2025-09-06 02:19:28'),(42,2,'172.20.0.1','Mozilla/5.0 (Windows NT 10.0; Win64; x64) AppleWebKit/537.36 (KHTML, like Gecko) Chrome/139.0.0.0 Safari/537.36 Edg/139.0.0.0','http://localhost:8765/?r=member/dashboard','2025-09-06 02:19:28'),(43,2,'172.20.0.1','Mozilla/5.0 (Windows NT 10.0; Win64; x64) AppleWebKit/537.36 (KHTML, like Gecko) Chrome/139.0.0.0 Safari/537.36 Edg/139.0.0.0','http://localhost:8765/?r=member/dashboard','2025-09-06 02:19:28'),(44,2,'172.20.0.1','Mozilla/5.0 (Windows NT 10.0; Win64; x64) AppleWebKit/537.36 (KHTML, like Gecko) Chrome/139.0.0.0 Safari/537.36 Edg/139.0.0.0','http://localhost:8765/?r=member/dashboard','2025-09-06 02:19:28'),(45,2,'172.20.0.1','Mozilla/5.0 (Windows NT 10.0; Win64; x64) AppleWebKit/537.36 (KHTML, like Gecko) Chrome/139.0.0.0 Safari/537.36 Edg/139.0.0.0','http://localhost:8765/?r=member/dashboard','2025-09-06 02:19:29'),(46,2,'172.20.0.1','Mozilla/5.0 (Windows NT 10.0; Win64; x64) AppleWebKit/537.36 (KHTML, like Gecko) Chrome/139.0.0.0 Safari/537.36 Edg/139.0.0.0','http://localhost:8765/?r=member/dashboard','2025-09-06 02:19:29'),(47,2,'172.20.0.1','Mozilla/5.0 (Windows NT 10.0; Win64; x64) AppleWebKit/537.36 (KHTML, like Gecko) Chrome/139.0.0.0 Safari/537.36 Edg/139.0.0.0','http://localhost:8765/?r=member/dashboard','2025-09-06 02:32:10'),(48,2,'172.20.0.1','Mozilla/5.0 (Windows NT 10.0; Win64; x64) AppleWebKit/537.36 (KHTML, like Gecko) Chrome/139.0.0.0 Safari/537.36 Edg/139.0.0.0','http://localhost:8765/?r=member/dashboard','2025-09-06 02:32:10'),(49,2,'172.20.0.1','Mozilla/5.0 (Windows NT 10.0; Win64; x64) AppleWebKit/537.36 (KHTML, like Gecko) Chrome/139.0.0.0 Safari/537.36 Edg/139.0.0.0','http://localhost:8765/?r=member/dashboard','2025-09-06 02:32:10'),(50,2,'172.20.0.1','Mozilla/5.0 (Windows NT 10.0; Win64; x64) AppleWebKit/537.36 (KHTML, like Gecko) Chrome/139.0.0.0 Safari/537.36 Edg/139.0.0.0','http://localhost:8765/?r=member/dashboard','2025-09-06 02:32:10'),(51,2,'172.20.0.1','Mozilla/5.0 (Windows NT 10.0; Win64; x64) AppleWebKit/537.36 (KHTML, like Gecko) Chrome/139.0.0.0 Safari/537.36 Edg/139.0.0.0','http://localhost:8765/?r=member/dashboard','2025-09-06 02:32:11'),(52,2,'172.20.0.1','Mozilla/5.0 (Windows NT 10.0; Win64; x64) AppleWebKit/537.36 (KHTML, like Gecko) Chrome/139.0.0.0 Safari/537.36 Edg/139.0.0.0','http://localhost:8765/?r=member/dashboard','2025-09-06 02:32:11'),(53,2,'172.20.0.1','Mozilla/5.0 (Windows NT 10.0; Win64; x64) AppleWebKit/537.36 (KHTML, like Gecko) Chrome/139.0.0.0 Safari/537.36 Edg/139.0.0.0','http://localhost:8765/?r=member/perfil','2025-09-06 02:34:03'),(54,2,'172.20.0.1','Mozilla/5.0 (Windows NT 10.0; Win64; x64) AppleWebKit/537.36 (KHTML, like Gecko) Chrome/139.0.0.0 Safari/537.36 Edg/139.0.0.0','http://localhost:8765/?r=member/perfil','2025-09-06 02:34:03'),(55,2,'172.20.0.1','Mozilla/5.0 (Windows NT 10.0; Win64; x64) AppleWebKit/537.36 (KHTML, like Gecko) Chrome/139.0.0.0 Safari/537.36 Edg/139.0.0.0','http://localhost:8765/?r=member/perfil','2025-09-06 02:34:03'),(56,2,'172.20.0.1','Mozilla/5.0 (Windows NT 10.0; Win64; x64) AppleWebKit/537.36 (KHTML, like Gecko) Chrome/139.0.0.0 Safari/537.36 Edg/139.0.0.0','http://localhost:8765/?r=member/perfil','2025-09-06 02:34:03'),(57,2,'172.20.0.1','Mozilla/5.0 (Windows NT 10.0; Win64; x64) AppleWebKit/537.36 (KHTML, like Gecko) Chrome/139.0.0.0 Safari/537.36 Edg/139.0.0.0','http://localhost:8765/?r=member/planos','2025-09-06 02:34:04'),(58,2,'172.20.0.1','Mozilla/5.0 (Windows NT 10.0; Win64; x64) AppleWebKit/537.36 (KHTML, like Gecko) Chrome/139.0.0.0 Safari/537.36 Edg/139.0.0.0','http://localhost:8765/?r=member/planos','2025-09-06 02:34:04'),(59,2,'172.20.0.1','Mozilla/5.0 (Windows NT 10.0; Win64; x64) AppleWebKit/537.36 (KHTML, like Gecko) Chrome/139.0.0.0 Safari/537.36 Edg/139.0.0.0','http://localhost:8765/?r=member/planos','2025-09-06 02:34:04'),(60,2,'172.20.0.1','Mozilla/5.0 (Windows NT 10.0; Win64; x64) AppleWebKit/537.36 (KHTML, like Gecko) Chrome/139.0.0.0 Safari/537.36 Edg/139.0.0.0','http://localhost:8765/?r=member/planos','2025-09-06 02:34:04'),(61,2,'172.20.0.1','Mozilla/5.0 (Windows NT 10.0; Win64; x64) AppleWebKit/537.36 (KHTML, like Gecko) Chrome/139.0.0.0 Safari/537.36 Edg/139.0.0.0','http://localhost:8765/?r=member/beneficios','2025-09-06 02:34:06'),(62,2,'172.20.0.1','Mozilla/5.0 (Windows NT 10.0; Win64; x64) AppleWebKit/537.36 (KHTML, like Gecko) Chrome/139.0.0.0 Safari/537.36 Edg/139.0.0.0','http://localhost:8765/?r=member/beneficios','2025-09-06 02:34:06'),(63,2,'172.20.0.1','Mozilla/5.0 (Windows NT 10.0; Win64; x64) AppleWebKit/537.36 (KHTML, like Gecko) Chrome/139.0.0.0 Safari/537.36 Edg/139.0.0.0','http://localhost:8765/?r=member/beneficios','2025-09-06 02:34:06'),(64,2,'172.20.0.1','Mozilla/5.0 (Windows NT 10.0; Win64; x64) AppleWebKit/537.36 (KHTML, like Gecko) Chrome/139.0.0.0 Safari/537.36 Edg/139.0.0.0','http://localhost:8765/?r=member/beneficios','2025-09-06 02:34:06'),(65,2,'172.20.0.1','Mozilla/5.0 (Windows NT 10.0; Win64; x64) AppleWebKit/537.36 (KHTML, like Gecko) Chrome/139.0.0.0 Safari/537.36 Edg/139.0.0.0','http://localhost:8765/?r=member/faturas','2025-09-06 02:34:07'),(66,2,'172.20.0.1','Mozilla/5.0 (Windows NT 10.0; Win64; x64) AppleWebKit/537.36 (KHTML, like Gecko) Chrome/139.0.0.0 Safari/537.36 Edg/139.0.0.0','http://localhost:8765/?r=member/faturas','2025-09-06 02:34:07'),(67,2,'172.20.0.1','Mozilla/5.0 (Windows NT 10.0; Win64; x64) AppleWebKit/537.36 (KHTML, like Gecko) Chrome/139.0.0.0 Safari/537.36 Edg/139.0.0.0','http://localhost:8765/?r=member/faturas','2025-09-06 02:34:07'),(68,2,'172.20.0.1','Mozilla/5.0 (Windows NT 10.0; Win64; x64) AppleWebKit/537.36 (KHTML, like Gecko) Chrome/139.0.0.0 Safari/537.36 Edg/139.0.0.0','http://localhost:8765/?r=member/faturas','2025-09-06 02:34:07'),(69,2,'172.20.0.1','Mozilla/5.0 (Windows NT 10.0; Win64; x64) AppleWebKit/537.36 (KHTML, like Gecko) Chrome/139.0.0.0 Safari/537.36 Edg/139.0.0.0','http://localhost:8765/?r=member/dashboard','2025-09-06 02:34:08'),(70,2,'172.20.0.1','Mozilla/5.0 (Windows NT 10.0; Win64; x64) AppleWebKit/537.36 (KHTML, like Gecko) Chrome/139.0.0.0 Safari/537.36 Edg/139.0.0.0','http://localhost:8765/?r=member/dashboard','2025-09-06 02:34:08'),(71,2,'172.20.0.1','Mozilla/5.0 (Windows NT 10.0; Win64; x64) AppleWebKit/537.36 (KHTML, like Gecko) Chrome/139.0.0.0 Safari/537.36 Edg/139.0.0.0','http://localhost:8765/?r=member/dashboard','2025-09-06 02:34:08'),(72,2,'172.20.0.1','Mozilla/5.0 (Windows NT 10.0; Win64; x64) AppleWebKit/537.36 (KHTML, like Gecko) Chrome/139.0.0.0 Safari/537.36 Edg/139.0.0.0','http://localhost:8765/?r=member/dashboard','2025-09-06 02:34:09'),(73,2,'172.20.0.1','Mozilla/5.0 (Windows NT 10.0; Win64; x64) AppleWebKit/537.36 (KHTML, like Gecko) Chrome/139.0.0.0 Safari/537.36 Edg/139.0.0.0','http://localhost:8765/?r=member/dashboard','2025-09-06 02:34:09'),(74,2,'172.20.0.1','Mozilla/5.0 (Windows NT 10.0; Win64; x64) AppleWebKit/537.36 (KHTML, like Gecko) Chrome/139.0.0.0 Safari/537.36 Edg/139.0.0.0','http://localhost:8765/?r=member/dashboard','2025-09-06 02:34:09'),(75,2,'172.20.0.1','Mozilla/5.0 (Windows NT 10.0; Win64; x64) AppleWebKit/537.36 (KHTML, like Gecko) Chrome/139.0.0.0 Safari/537.36 Edg/139.0.0.0','http://localhost:8765/?r=member/dashboard','2025-09-06 02:46:22'),(76,2,'172.20.0.1','Mozilla/5.0 (Windows NT 10.0; Win64; x64) AppleWebKit/537.36 (KHTML, like Gecko) Chrome/139.0.0.0 Safari/537.36 Edg/139.0.0.0','http://localhost:8765/?r=member/dashboard','2025-09-06 02:46:23'),(77,2,'172.20.0.1','Mozilla/5.0 (Windows NT 10.0; Win64; x64) AppleWebKit/537.36 (KHTML, like Gecko) Chrome/139.0.0.0 Safari/537.36 Edg/139.0.0.0','http://localhost:8765/?r=member/dashboard','2025-09-06 02:46:23'),(78,2,'172.20.0.1','Mozilla/5.0 (Windows NT 10.0; Win64; x64) AppleWebKit/537.36 (KHTML, like Gecko) Chrome/139.0.0.0 Safari/537.36 Edg/139.0.0.0','http://localhost:8765/?r=member/dashboard','2025-09-06 02:46:23'),(79,2,'172.20.0.1','Mozilla/5.0 (Windows NT 10.0; Win64; x64) AppleWebKit/537.36 (KHTML, like Gecko) Chrome/139.0.0.0 Safari/537.36 Edg/139.0.0.0','http://localhost:8765/?r=member/dashboard','2025-09-06 02:46:23'),(80,2,'172.20.0.1','Mozilla/5.0 (Windows NT 10.0; Win64; x64) AppleWebKit/537.36 (KHTML, like Gecko) Chrome/139.0.0.0 Safari/537.36 Edg/139.0.0.0','http://localhost:8765/?r=member/dashboard','2025-09-06 02:46:23'),(81,2,'172.20.0.1','Mozilla/5.0 (Windows NT 10.0; Win64; x64) AppleWebKit/537.36 (KHTML, like Gecko) Chrome/139.0.0.0 Safari/537.36 Edg/139.0.0.0','http://localhost:8765/?r=member/dashboard','2025-09-06 02:47:30'),(82,2,'172.20.0.1','Mozilla/5.0 (Windows NT 10.0; Win64; x64) AppleWebKit/537.36 (KHTML, like Gecko) Chrome/139.0.0.0 Safari/537.36 Edg/139.0.0.0','http://localhost:8765/?r=member/dashboard','2025-09-06 02:47:30'),(83,2,'172.20.0.1','Mozilla/5.0 (Windows NT 10.0; Win64; x64) AppleWebKit/537.36 (KHTML, like Gecko) Chrome/139.0.0.0 Safari/537.36 Edg/139.0.0.0','http://localhost:8765/?r=member/dashboard','2025-09-06 02:47:30'),(84,2,'172.20.0.1','Mozilla/5.0 (Windows NT 10.0; Win64; x64) AppleWebKit/537.36 (KHTML, like Gecko) Chrome/139.0.0.0 Safari/537.36 Edg/139.0.0.0','http://localhost:8765/?r=member/dashboard','2025-09-06 02:47:30'),(85,2,'172.20.0.1','Mozilla/5.0 (Windows NT 10.0; Win64; x64) AppleWebKit/537.36 (KHTML, like Gecko) Chrome/139.0.0.0 Safari/537.36 Edg/139.0.0.0','http://localhost:8765/?r=member/dashboard','2025-09-06 02:47:30'),(86,2,'172.20.0.1','Mozilla/5.0 (Windows NT 10.0; Win64; x64) AppleWebKit/537.36 (KHTML, like Gecko) Chrome/139.0.0.0 Safari/537.36 Edg/139.0.0.0','http://localhost:8765/?r=member/dashboard','2025-09-06 02:47:30'),(87,2,'172.20.0.1','Mozilla/5.0 (Windows NT 10.0; Win64; x64) AppleWebKit/537.36 (KHTML, like Gecko) Chrome/139.0.0.0 Safari/537.36 Edg/139.0.0.0','http://localhost:8765/?r=admin/dashboard','2025-09-06 02:47:50'),(88,2,'172.20.0.1','Mozilla/5.0 (Windows NT 10.0; Win64; x64) AppleWebKit/537.36 (KHTML, like Gecko) Chrome/139.0.0.0 Safari/537.36 Edg/139.0.0.0','http://localhost:8765/?r=admin/dashboard','2025-09-06 02:47:50'),(89,2,'172.20.0.1','Mozilla/5.0 (Windows NT 10.0; Win64; x64) AppleWebKit/537.36 (KHTML, like Gecko) Chrome/139.0.0.0 Safari/537.36 Edg/139.0.0.0','http://localhost:8765/?r=admin/dashboard','2025-09-06 02:47:50'),(90,2,'172.20.0.1','Mozilla/5.0 (Windows NT 10.0; Win64; x64) AppleWebKit/537.36 (KHTML, like Gecko) Chrome/139.0.0.0 Safari/537.36 Edg/139.0.0.0','http://localhost:8765/?r=admin/dashboard','2025-09-06 02:47:50'),(91,2,'172.20.0.1','Mozilla/5.0 (Windows NT 10.0; Win64; x64) AppleWebKit/537.36 (KHTML, like Gecko) Chrome/139.0.0.0 Safari/537.36 Edg/139.0.0.0','http://localhost:8765/?r=admin/ads','2025-09-06 02:47:54'),(92,2,'172.20.0.1','Mozilla/5.0 (Windows NT 10.0; Win64; x64) AppleWebKit/537.36 (KHTML, like Gecko) Chrome/139.0.0.0 Safari/537.36 Edg/139.0.0.0','http://localhost:8765/?r=admin/ads','2025-09-06 02:47:54'),(93,2,'172.20.0.1','Mozilla/5.0 (Windows NT 10.0; Win64; x64) AppleWebKit/537.36 (KHTML, like Gecko) Chrome/139.0.0.0 Safari/537.36 Edg/139.0.0.0','http://localhost:8765/?r=admin/ads','2025-09-06 02:47:54'),(94,2,'172.20.0.1','Mozilla/5.0 (Windows NT 10.0; Win64; x64) AppleWebKit/537.36 (KHTML, like Gecko) Chrome/139.0.0.0 Safari/537.36 Edg/139.0.0.0','http://localhost:8765/?r=admin/ads','2025-09-06 02:47:54'),(95,2,'172.20.0.1','Mozilla/5.0 (Windows NT 10.0; Win64; x64) AppleWebKit/537.36 (KHTML, like Gecko) Chrome/139.0.0.0 Safari/537.36 Edg/139.0.0.0','http://localhost:8765/?r=admin/planos','2025-09-06 02:56:43'),(96,2,'172.20.0.1','Mozilla/5.0 (Windows NT 10.0; Win64; x64) AppleWebKit/537.36 (KHTML, like Gecko) Chrome/139.0.0.0 Safari/537.36 Edg/139.0.0.0','http://localhost:8765/?r=admin/planos','2025-09-06 02:56:43'),(97,2,'172.20.0.1','Mozilla/5.0 (Windows NT 10.0; Win64; x64) AppleWebKit/537.36 (KHTML, like Gecko) Chrome/139.0.0.0 Safari/537.36 Edg/139.0.0.0','http://localhost:8765/?r=admin/planos','2025-09-06 02:56:43'),(98,2,'172.20.0.1','Mozilla/5.0 (Windows NT 10.0; Win64; x64) AppleWebKit/537.36 (KHTML, like Gecko) Chrome/139.0.0.0 Safari/537.36 Edg/139.0.0.0','http://localhost:8765/?r=admin/planos','2025-09-06 02:56:43'),(99,2,'172.20.0.1','Mozilla/5.0 (Windows NT 10.0; Win64; x64) AppleWebKit/537.36 (KHTML, like Gecko) Chrome/139.0.0.0 Safari/537.36 Edg/139.0.0.0','http://localhost:8765/?r=admin/beneficios','2025-09-06 02:56:45'),(100,2,'172.20.0.1','Mozilla/5.0 (Windows NT 10.0; Win64; x64) AppleWebKit/537.36 (KHTML, like Gecko) Chrome/139.0.0.0 Safari/537.36 Edg/139.0.0.0','http://localhost:8765/?r=admin/beneficios','2025-09-06 02:56:45'),(101,2,'172.20.0.1','Mozilla/5.0 (Windows NT 10.0; Win64; x64) AppleWebKit/537.36 (KHTML, like Gecko) Chrome/139.0.0.0 Safari/537.36 Edg/139.0.0.0','http://localhost:8765/?r=admin/beneficios','2025-09-06 02:56:45'),(102,2,'172.20.0.1','Mozilla/5.0 (Windows NT 10.0; Win64; x64) AppleWebKit/537.36 (KHTML, like Gecko) Chrome/139.0.0.0 Safari/537.36 Edg/139.0.0.0','http://localhost:8765/?r=admin/beneficios','2025-09-06 02:56:45'),(103,2,'172.20.0.1','Mozilla/5.0 (Windows NT 10.0; Win64; x64) AppleWebKit/537.36 (KHTML, like Gecko) Chrome/139.0.0.0 Safari/537.36 Edg/139.0.0.0','http://localhost:8765/?r=admin/assinaturas','2025-09-06 02:56:47'),(104,2,'172.20.0.1','Mozilla/5.0 (Windows NT 10.0; Win64; x64) AppleWebKit/537.36 (KHTML, like Gecko) Chrome/139.0.0.0 Safari/537.36 Edg/139.0.0.0','http://localhost:8765/?r=admin/assinaturas','2025-09-06 02:56:47'),(105,2,'172.20.0.1','Mozilla/5.0 (Windows NT 10.0; Win64; x64) AppleWebKit/537.36 (KHTML, like Gecko) Chrome/139.0.0.0 Safari/537.36 Edg/139.0.0.0','http://localhost:8765/?r=admin/assinaturas','2025-09-06 02:56:47'),(106,2,'172.20.0.1','Mozilla/5.0 (Windows NT 10.0; Win64; x64) AppleWebKit/537.36 (KHTML, like Gecko) Chrome/139.0.0.0 Safari/537.36 Edg/139.0.0.0','http://localhost:8765/?r=admin/assinaturas','2025-09-06 02:56:47'),(107,2,'172.20.0.1','Mozilla/5.0 (Windows NT 10.0; Win64; x64) AppleWebKit/537.36 (KHTML, like Gecko) Chrome/139.0.0.0 Safari/537.36 Edg/139.0.0.0','http://localhost:8765/?r=admin/afiliados','2025-09-06 02:56:48'),(108,2,'172.20.0.1','Mozilla/5.0 (Windows NT 10.0; Win64; x64) AppleWebKit/537.36 (KHTML, like Gecko) Chrome/139.0.0.0 Safari/537.36 Edg/139.0.0.0','http://localhost:8765/?r=admin/afiliados','2025-09-06 02:56:48'),(109,2,'172.20.0.1','Mozilla/5.0 (Windows NT 10.0; Win64; x64) AppleWebKit/537.36 (KHTML, like Gecko) Chrome/139.0.0.0 Safari/537.36 Edg/139.0.0.0','http://localhost:8765/?r=admin/afiliados','2025-09-06 02:56:48'),(110,2,'172.20.0.1','Mozilla/5.0 (Windows NT 10.0; Win64; x64) AppleWebKit/537.36 (KHTML, like Gecko) Chrome/139.0.0.0 Safari/537.36 Edg/139.0.0.0','http://localhost:8765/?r=admin/afiliados','2025-09-06 02:56:48'),(111,2,'172.20.0.1','Mozilla/5.0 (Windows NT 10.0; Win64; x64) AppleWebKit/537.36 (KHTML, like Gecko) Chrome/139.0.0.0 Safari/537.36 Edg/139.0.0.0','http://localhost:8765/?r=admin/ads','2025-09-06 02:56:56'),(112,2,'172.20.0.1','Mozilla/5.0 (Windows NT 10.0; Win64; x64) AppleWebKit/537.36 (KHTML, like Gecko) Chrome/139.0.0.0 Safari/537.36 Edg/139.0.0.0','http://localhost:8765/?r=admin/ads','2025-09-06 02:56:56'),(113,2,'172.20.0.1','Mozilla/5.0 (Windows NT 10.0; Win64; x64) AppleWebKit/537.36 (KHTML, like Gecko) Chrome/139.0.0.0 Safari/537.36 Edg/139.0.0.0','http://localhost:8765/?r=admin/ads','2025-09-06 02:56:56'),(114,2,'172.20.0.1','Mozilla/5.0 (Windows NT 10.0; Win64; x64) AppleWebKit/537.36 (KHTML, like Gecko) Chrome/139.0.0.0 Safari/537.36 Edg/139.0.0.0','http://localhost:8765/?r=admin/ads','2025-09-06 02:56:56'),(115,2,'172.20.0.1','Mozilla/5.0 (Windows NT 10.0; Win64; x64) AppleWebKit/537.36 (KHTML, like Gecko) Chrome/139.0.0.0 Safari/537.36 Edg/139.0.0.0','http://localhost:8765/?r=affiliate/dashboard','2025-09-06 02:57:17'),(116,2,'172.20.0.1','Mozilla/5.0 (Windows NT 10.0; Win64; x64) AppleWebKit/537.36 (KHTML, like Gecko) Chrome/139.0.0.0 Safari/537.36 Edg/139.0.0.0','http://localhost:8765/?r=affiliate/dashboard','2025-09-06 02:57:17'),(117,2,'172.20.0.1','Mozilla/5.0 (Windows NT 10.0; Win64; x64) AppleWebKit/537.36 (KHTML, like Gecko) Chrome/139.0.0.0 Safari/537.36 Edg/139.0.0.0','http://localhost:8765/?r=affiliate/dashboard','2025-09-06 02:57:17'),(118,2,'172.20.0.1','Mozilla/5.0 (Windows NT 10.0; Win64; x64) AppleWebKit/537.36 (KHTML, like Gecko) Chrome/139.0.0.0 Safari/537.36 Edg/139.0.0.0','http://localhost:8765/?r=affiliate/dashboard','2025-09-06 02:57:17'),(119,2,'172.20.0.1','Mozilla/5.0 (Windows NT 10.0; Win64; x64) AppleWebKit/537.36 (KHTML, like Gecko) Chrome/139.0.0.0 Safari/537.36 Edg/139.0.0.0','http://localhost:8765/?r=affiliate/dashboard','2025-09-06 03:13:23'),(120,2,'172.20.0.1','Mozilla/5.0 (Windows NT 10.0; Win64; x64) AppleWebKit/537.36 (KHTML, like Gecko) Chrome/139.0.0.0 Safari/537.36 Edg/139.0.0.0','http://localhost:8765/?r=affiliate/dashboard','2025-09-06 03:13:23'),(121,2,'172.20.0.1','Mozilla/5.0 (Windows NT 10.0; Win64; x64) AppleWebKit/537.36 (KHTML, like Gecko) Chrome/139.0.0.0 Safari/537.36 Edg/139.0.0.0','http://localhost:8765/?r=affiliate/dashboard','2025-09-06 03:13:23'),(122,2,'172.20.0.1','Mozilla/5.0 (Windows NT 10.0; Win64; x64) AppleWebKit/537.36 (KHTML, like Gecko) Chrome/139.0.0.0 Safari/537.36 Edg/139.0.0.0','http://localhost:8765/?r=affiliate/dashboard','2025-09-06 03:13:23'),(123,2,'172.20.0.1','Mozilla/5.0 (Windows NT 10.0; Win64; x64) AppleWebKit/537.36 (KHTML, like Gecko) Chrome/139.0.0.0 Safari/537.36 Edg/139.0.0.0','http://localhost:8765/?r=affiliate/ganhos','2025-09-06 03:13:28'),(124,2,'172.20.0.1','Mozilla/5.0 (Windows NT 10.0; Win64; x64) AppleWebKit/537.36 (KHTML, like Gecko) Chrome/139.0.0.0 Safari/537.36 Edg/139.0.0.0','http://localhost:8765/?r=affiliate/ganhos','2025-09-06 03:13:28'),(125,2,'172.20.0.1','Mozilla/5.0 (Windows NT 10.0; Win64; x64) AppleWebKit/537.36 (KHTML, like Gecko) Chrome/139.0.0.0 Safari/537.36 Edg/139.0.0.0','http://localhost:8765/?r=affiliate/ganhos','2025-09-06 03:13:28'),(126,2,'172.20.0.1','Mozilla/5.0 (Windows NT 10.0; Win64; x64) AppleWebKit/537.36 (KHTML, like Gecko) Chrome/139.0.0.0 Safari/537.36 Edg/139.0.0.0','http://localhost:8765/?r=affiliate/ganhos','2025-09-06 03:13:28'),(127,2,'172.20.0.1','Mozilla/5.0 (Windows NT 10.0; Win64; x64) AppleWebKit/537.36 (KHTML, like Gecko) Chrome/139.0.0.0 Safari/537.36 Edg/139.0.0.0','http://localhost:8765/?r=affiliate/ganhos','2025-09-06 03:18:20'),(128,2,'172.20.0.1','Mozilla/5.0 (Windows NT 10.0; Win64; x64) AppleWebKit/537.36 (KHTML, like Gecko) Chrome/139.0.0.0 Safari/537.36 Edg/139.0.0.0','http://localhost:8765/?r=affiliate/ganhos','2025-09-06 03:18:20'),(129,2,'172.20.0.1','Mozilla/5.0 (Windows NT 10.0; Win64; x64) AppleWebKit/537.36 (KHTML, like Gecko) Chrome/139.0.0.0 Safari/537.36 Edg/139.0.0.0','http://localhost:8765/?r=affiliate/ganhos','2025-09-06 03:18:20'),(130,2,'172.20.0.1','Mozilla/5.0 (Windows NT 10.0; Win64; x64) AppleWebKit/537.36 (KHTML, like Gecko) Chrome/139.0.0.0 Safari/537.36 Edg/139.0.0.0','http://localhost:8765/?r=affiliate/ganhos','2025-09-06 03:18:20'),(131,2,'172.20.0.1','Mozilla/5.0 (Windows NT 10.0; Win64; x64) AppleWebKit/537.36 (KHTML, like Gecko) Chrome/139.0.0.0 Safari/537.36 Edg/139.0.0.0','http://localhost:8765/?r=affiliate/ganhos','2025-09-06 03:20:00'),(132,2,'172.20.0.1','Mozilla/5.0 (Windows NT 10.0; Win64; x64) AppleWebKit/537.36 (KHTML, like Gecko) Chrome/139.0.0.0 Safari/537.36 Edg/139.0.0.0','http://localhost:8765/?r=affiliate/ganhos','2025-09-06 03:20:00'),(133,2,'172.20.0.1','Mozilla/5.0 (Windows NT 10.0; Win64; x64) AppleWebKit/537.36 (KHTML, like Gecko) Chrome/139.0.0.0 Safari/537.36 Edg/139.0.0.0','http://localhost:8765/?r=affiliate/ganhos','2025-09-06 03:20:00'),(134,2,'172.20.0.1','Mozilla/5.0 (Windows NT 10.0; Win64; x64) AppleWebKit/537.36 (KHTML, like Gecko) Chrome/139.0.0.0 Safari/537.36 Edg/139.0.0.0','http://localhost:8765/?r=affiliate/ganhos','2025-09-06 03:20:00'),(135,2,'172.20.0.1','Mozilla/5.0 (Windows NT 10.0; Win64; x64) AppleWebKit/537.36 (KHTML, like Gecko) Chrome/139.0.0.0 Safari/537.36 Edg/139.0.0.0','http://localhost:8765/?r=affiliate/ganhos','2025-09-06 03:26:49'),(136,2,'172.20.0.1','Mozilla/5.0 (Windows NT 10.0; Win64; x64) AppleWebKit/537.36 (KHTML, like Gecko) Chrome/139.0.0.0 Safari/537.36 Edg/139.0.0.0','http://localhost:8765/?r=affiliate/ganhos','2025-09-06 03:26:49'),(137,2,'172.20.0.1','Mozilla/5.0 (Windows NT 10.0; Win64; x64) AppleWebKit/537.36 (KHTML, like Gecko) Chrome/139.0.0.0 Safari/537.36 Edg/139.0.0.0','http://localhost:8765/?r=affiliate/ganhos','2025-09-06 03:26:49'),(138,2,'172.20.0.1','Mozilla/5.0 (Windows NT 10.0; Win64; x64) AppleWebKit/537.36 (KHTML, like Gecko) Chrome/139.0.0.0 Safari/537.36 Edg/139.0.0.0','http://localhost:8765/?r=affiliate/ganhos','2025-09-06 03:26:49'),(139,2,'172.20.0.1','Mozilla/5.0 (Windows NT 10.0; Win64; x64) AppleWebKit/537.36 (KHTML, like Gecko) Chrome/139.0.0.0 Safari/537.36 Edg/139.0.0.0','http://localhost:8765/?r=affiliate/ganhos','2025-09-06 03:26:53'),(140,2,'172.20.0.1','Mozilla/5.0 (Windows NT 10.0; Win64; x64) AppleWebKit/537.36 (KHTML, like Gecko) Chrome/139.0.0.0 Safari/537.36 Edg/139.0.0.0','http://localhost:8765/?r=affiliate/ganhos','2025-09-06 03:26:53'),(141,2,'172.20.0.1','Mozilla/5.0 (Windows NT 10.0; Win64; x64) AppleWebKit/537.36 (KHTML, like Gecko) Chrome/139.0.0.0 Safari/537.36 Edg/139.0.0.0','http://localhost:8765/?r=affiliate/ganhos','2025-09-06 03:26:53'),(142,2,'172.20.0.1','Mozilla/5.0 (Windows NT 10.0; Win64; x64) AppleWebKit/537.36 (KHTML, like Gecko) Chrome/139.0.0.0 Safari/537.36 Edg/139.0.0.0','http://localhost:8765/?r=affiliate/ganhos','2025-09-06 03:26:53'),(143,2,'172.20.0.1','Mozilla/5.0 (Windows NT 10.0; Win64; x64) AppleWebKit/537.36 (KHTML, like Gecko) Chrome/139.0.0.0 Safari/537.36 Edg/139.0.0.0','http://localhost:8765/?r=affiliate/ganhos','2025-09-06 03:36:42'),(144,2,'172.20.0.1','Mozilla/5.0 (Windows NT 10.0; Win64; x64) AppleWebKit/537.36 (KHTML, like Gecko) Chrome/139.0.0.0 Safari/537.36 Edg/139.0.0.0','http://localhost:8765/?r=affiliate/ganhos','2025-09-06 03:36:42'),(145,2,'172.20.0.1','Mozilla/5.0 (Windows NT 10.0; Win64; x64) AppleWebKit/537.36 (KHTML, like Gecko) Chrome/139.0.0.0 Safari/537.36 Edg/139.0.0.0','http://localhost:8765/?r=affiliate/ganhos','2025-09-06 03:36:42'),(146,2,'172.20.0.1','Mozilla/5.0 (Windows NT 10.0; Win64; x64) AppleWebKit/537.36 (KHTML, like Gecko) Chrome/139.0.0.0 Safari/537.36 Edg/139.0.0.0','http://localhost:8765/?r=affiliate/ganhos','2025-09-06 03:36:42'),(147,2,'172.20.0.1','Mozilla/5.0 (Linux; Android 6.0; Nexus 5 Build/MRA58N) AppleWebKit/537.36 (KHTML, like Gecko) Chrome/139.0.0.0 Mobile Safari/537.36 Edg/139.0.0.0','http://localhost:8765/?r=affiliate/ganhos','2025-09-06 03:37:04'),(148,2,'172.20.0.1','Mozilla/5.0 (Linux; Android 6.0; Nexus 5 Build/MRA58N) AppleWebKit/537.36 (KHTML, like Gecko) Chrome/139.0.0.0 Mobile Safari/537.36 Edg/139.0.0.0','http://localhost:8765/?r=affiliate/ganhos','2025-09-06 03:37:04'),(149,2,'172.20.0.1','Mozilla/5.0 (Linux; Android 6.0; Nexus 5 Build/MRA58N) AppleWebKit/537.36 (KHTML, like Gecko) Chrome/139.0.0.0 Mobile Safari/537.36 Edg/139.0.0.0','http://localhost:8765/?r=affiliate/ganhos','2025-09-06 03:37:04'),(150,2,'172.20.0.1','Mozilla/5.0 (Linux; Android 6.0; Nexus 5 Build/MRA58N) AppleWebKit/537.36 (KHTML, like Gecko) Chrome/139.0.0.0 Mobile Safari/537.36 Edg/139.0.0.0','http://localhost:8765/?r=affiliate/ganhos','2025-09-06 03:37:04'),(151,2,'172.20.0.1','Mozilla/5.0 (Linux; Android 6.0; Nexus 5 Build/MRA58N) AppleWebKit/537.36 (KHTML, like Gecko) Chrome/139.0.0.0 Mobile Safari/537.36 Edg/139.0.0.0','http://localhost:8765/?r=affiliate/ganhos','2025-09-06 03:37:09'),(152,2,'172.20.0.1','Mozilla/5.0 (Linux; Android 6.0; Nexus 5 Build/MRA58N) AppleWebKit/537.36 (KHTML, like Gecko) Chrome/139.0.0.0 Mobile Safari/537.36 Edg/139.0.0.0','http://localhost:8765/?r=affiliate/ganhos','2025-09-06 03:37:09'),(153,2,'172.20.0.1','Mozilla/5.0 (Linux; Android 6.0; Nexus 5 Build/MRA58N) AppleWebKit/537.36 (KHTML, like Gecko) Chrome/139.0.0.0 Mobile Safari/537.36 Edg/139.0.0.0','http://localhost:8765/?r=affiliate/ganhos','2025-09-06 03:37:09'),(154,2,'172.20.0.1','Mozilla/5.0 (Linux; Android 6.0; Nexus 5 Build/MRA58N) AppleWebKit/537.36 (KHTML, like Gecko) Chrome/139.0.0.0 Mobile Safari/537.36 Edg/139.0.0.0','http://localhost:8765/?r=affiliate/ganhos','2025-09-06 03:37:09'),(155,2,'172.20.0.1','Mozilla/5.0 (Windows NT 10.0; Win64; x64) AppleWebKit/537.36 (KHTML, like Gecko) Chrome/139.0.0.0 Safari/537.36 Edg/139.0.0.0','http://localhost:8765/?r=affiliate/dashboard','2025-09-06 03:37:16'),(156,2,'172.20.0.1','Mozilla/5.0 (Windows NT 10.0; Win64; x64) AppleWebKit/537.36 (KHTML, like Gecko) Chrome/139.0.0.0 Safari/537.36 Edg/139.0.0.0','http://localhost:8765/?r=affiliate/dashboard','2025-09-06 03:37:16'),(157,2,'172.20.0.1','Mozilla/5.0 (Windows NT 10.0; Win64; x64) AppleWebKit/537.36 (KHTML, like Gecko) Chrome/139.0.0.0 Safari/537.36 Edg/139.0.0.0','http://localhost:8765/?r=affiliate/dashboard','2025-09-06 03:37:16'),(158,2,'172.20.0.1','Mozilla/5.0 (Windows NT 10.0; Win64; x64) AppleWebKit/537.36 (KHTML, like Gecko) Chrome/139.0.0.0 Safari/537.36 Edg/139.0.0.0','http://localhost:8765/?r=affiliate/dashboard','2025-09-06 03:37:16'),(159,2,'172.20.0.1','Mozilla/5.0 (Windows NT 10.0; Win64; x64) AppleWebKit/537.36 (KHTML, like Gecko) Chrome/139.0.0.0 Safari/537.36 Edg/139.0.0.0','http://localhost:8765/?r=affiliate/ganhos','2025-09-06 03:37:27'),(160,2,'172.20.0.1','Mozilla/5.0 (Windows NT 10.0; Win64; x64) AppleWebKit/537.36 (KHTML, like Gecko) Chrome/139.0.0.0 Safari/537.36 Edg/139.0.0.0','http://localhost:8765/?r=affiliate/ganhos','2025-09-06 03:37:27'),(161,2,'172.20.0.1','Mozilla/5.0 (Windows NT 10.0; Win64; x64) AppleWebKit/537.36 (KHTML, like Gecko) Chrome/139.0.0.0 Safari/537.36 Edg/139.0.0.0','http://localhost:8765/?r=affiliate/ganhos','2025-09-06 03:37:27'),(162,2,'172.20.0.1','Mozilla/5.0 (Windows NT 10.0; Win64; x64) AppleWebKit/537.36 (KHTML, like Gecko) Chrome/139.0.0.0 Safari/537.36 Edg/139.0.0.0','http://localhost:8765/?r=affiliate/ganhos','2025-09-06 03:37:27'),(163,2,'172.20.0.1','Mozilla/5.0 (Windows NT 10.0; Win64; x64) AppleWebKit/537.36 (KHTML, like Gecko) Chrome/139.0.0.0 Safari/537.36 Edg/139.0.0.0','http://localhost:8765/?r=affiliate/links','2025-09-06 03:37:29'),(164,2,'172.20.0.1','Mozilla/5.0 (Windows NT 10.0; Win64; x64) AppleWebKit/537.36 (KHTML, like Gecko) Chrome/139.0.0.0 Safari/537.36 Edg/139.0.0.0','http://localhost:8765/?r=affiliate/links','2025-09-06 03:37:29'),(165,2,'172.20.0.1','Mozilla/5.0 (Windows NT 10.0; Win64; x64) AppleWebKit/537.36 (KHTML, like Gecko) Chrome/139.0.0.0 Safari/537.36 Edg/139.0.0.0','http://localhost:8765/?r=affiliate/links','2025-09-06 03:37:29'),(166,2,'172.20.0.1','Mozilla/5.0 (Windows NT 10.0; Win64; x64) AppleWebKit/537.36 (KHTML, like Gecko) Chrome/139.0.0.0 Safari/537.36 Edg/139.0.0.0','http://localhost:8765/?r=affiliate/links','2025-09-06 03:37:29'),(167,2,'172.20.0.1','Mozilla/5.0 (Linux; Android 6.0; Nexus 5 Build/MRA58N) AppleWebKit/537.36 (KHTML, like Gecko) Chrome/139.0.0.0 Mobile Safari/537.36 Edg/139.0.0.0','http://localhost:8765/?r=affiliate/links','2025-09-06 03:37:45'),(168,2,'172.20.0.1','Mozilla/5.0 (Linux; Android 6.0; Nexus 5 Build/MRA58N) AppleWebKit/537.36 (KHTML, like Gecko) Chrome/139.0.0.0 Mobile Safari/537.36 Edg/139.0.0.0','http://localhost:8765/?r=affiliate/links','2025-09-06 03:37:45'),(169,2,'172.20.0.1','Mozilla/5.0 (Linux; Android 6.0; Nexus 5 Build/MRA58N) AppleWebKit/537.36 (KHTML, like Gecko) Chrome/139.0.0.0 Mobile Safari/537.36 Edg/139.0.0.0','http://localhost:8765/?r=affiliate/links','2025-09-06 03:37:45'),(170,2,'172.20.0.1','Mozilla/5.0 (Linux; Android 6.0; Nexus 5 Build/MRA58N) AppleWebKit/537.36 (KHTML, like Gecko) Chrome/139.0.0.0 Mobile Safari/537.36 Edg/139.0.0.0','http://localhost:8765/?r=affiliate/links','2025-09-06 03:37:45'),(171,2,'172.20.0.1','Mozilla/5.0 (Windows NT 10.0; Win64; x64) AppleWebKit/537.36 (KHTML, like Gecko) Chrome/139.0.0.0 Safari/537.36 Edg/139.0.0.0','http://localhost:8765/?r=affiliate/links','2025-09-06 03:43:14'),(172,2,'172.20.0.1','Mozilla/5.0 (Windows NT 10.0; Win64; x64) AppleWebKit/537.36 (KHTML, like Gecko) Chrome/139.0.0.0 Safari/537.36 Edg/139.0.0.0','http://localhost:8765/?r=affiliate/links','2025-09-06 03:43:14'),(173,2,'172.20.0.1','Mozilla/5.0 (Windows NT 10.0; Win64; x64) AppleWebKit/537.36 (KHTML, like Gecko) Chrome/139.0.0.0 Safari/537.36 Edg/139.0.0.0','http://localhost:8765/?r=affiliate/links','2025-09-06 03:43:14'),(174,2,'172.20.0.1','Mozilla/5.0 (Windows NT 10.0; Win64; x64) AppleWebKit/537.36 (KHTML, like Gecko) Chrome/139.0.0.0 Safari/537.36 Edg/139.0.0.0','http://localhost:8765/?r=affiliate/links','2025-09-06 03:43:14'),(175,2,'172.20.0.1','Mozilla/5.0 (iPhone; CPU iPhone OS 16_6 like Mac OS X) AppleWebKit/605.1.15 (KHTML, like Gecko) Version/16.6 Mobile/15E148 Safari/604.1 Edg/139.0.0.0','http://localhost:8765/?r=affiliate/links','2025-09-06 03:43:31'),(176,2,'172.20.0.1','Mozilla/5.0 (iPhone; CPU iPhone OS 16_6 like Mac OS X) AppleWebKit/605.1.15 (KHTML, like Gecko) Version/16.6 Mobile/15E148 Safari/604.1 Edg/139.0.0.0','http://localhost:8765/?r=affiliate/links','2025-09-06 03:43:31'),(177,2,'172.20.0.1','Mozilla/5.0 (iPhone; CPU iPhone OS 16_6 like Mac OS X) AppleWebKit/605.1.15 (KHTML, like Gecko) Version/16.6 Mobile/15E148 Safari/604.1 Edg/139.0.0.0','http://localhost:8765/?r=affiliate/links','2025-09-06 03:43:31'),(178,2,'172.20.0.1','Mozilla/5.0 (iPhone; CPU iPhone OS 16_6 like Mac OS X) AppleWebKit/605.1.15 (KHTML, like Gecko) Version/16.6 Mobile/15E148 Safari/604.1 Edg/139.0.0.0','http://localhost:8765/?r=affiliate/links','2025-09-06 03:43:31'),(179,2,'172.20.0.1','Mozilla/5.0 (Windows NT 10.0; Win64; x64) AppleWebKit/537.36 (KHTML, like Gecko) Chrome/139.0.0.0 Safari/537.36 Edg/139.0.0.0','http://localhost:8765/?r=affiliate/dashboard','2025-09-06 03:49:47'),(180,2,'172.20.0.1','Mozilla/5.0 (Windows NT 10.0; Win64; x64) AppleWebKit/537.36 (KHTML, like Gecko) Chrome/139.0.0.0 Safari/537.36 Edg/139.0.0.0','http://localhost:8765/?r=affiliate/dashboard','2025-09-06 03:49:47'),(181,2,'172.20.0.1','Mozilla/5.0 (Windows NT 10.0; Win64; x64) AppleWebKit/537.36 (KHTML, like Gecko) Chrome/139.0.0.0 Safari/537.36 Edg/139.0.0.0','http://localhost:8765/?r=affiliate/dashboard','2025-09-06 03:49:47'),(182,2,'172.20.0.1','Mozilla/5.0 (Windows NT 10.0; Win64; x64) AppleWebKit/537.36 (KHTML, like Gecko) Chrome/139.0.0.0 Safari/537.36 Edg/139.0.0.0','http://localhost:8765/?r=affiliate/dashboard','2025-09-06 03:49:47'),(183,2,'172.20.0.1','Mozilla/5.0 (Windows NT 10.0; Win64; x64) AppleWebKit/537.36 (KHTML, like Gecko) Chrome/139.0.0.0 Safari/537.36 Edg/139.0.0.0','http://localhost:8765/?r=member/dashboard','2025-09-06 03:50:18'),(184,2,'172.20.0.1','Mozilla/5.0 (Windows NT 10.0; Win64; x64) AppleWebKit/537.36 (KHTML, like Gecko) Chrome/139.0.0.0 Safari/537.36 Edg/139.0.0.0','http://localhost:8765/?r=member/dashboard','2025-09-06 03:50:18'),(185,2,'172.20.0.1','Mozilla/5.0 (Windows NT 10.0; Win64; x64) AppleWebKit/537.36 (KHTML, like Gecko) Chrome/139.0.0.0 Safari/537.36 Edg/139.0.0.0','http://localhost:8765/?r=member/dashboard','2025-09-06 03:50:18'),(186,2,'172.20.0.1','Mozilla/5.0 (Windows NT 10.0; Win64; x64) AppleWebKit/537.36 (KHTML, like Gecko) Chrome/139.0.0.0 Safari/537.36 Edg/139.0.0.0','http://localhost:8765/?r=member/dashboard','2025-09-06 03:50:18'),(187,2,'172.20.0.1','Mozilla/5.0 (Windows NT 10.0; Win64; x64) AppleWebKit/537.36 (KHTML, like Gecko) Chrome/139.0.0.0 Safari/537.36 Edg/139.0.0.0','http://localhost:8765/?r=member/dashboard','2025-09-06 03:50:18'),(188,2,'172.20.0.1','Mozilla/5.0 (Windows NT 10.0; Win64; x64) AppleWebKit/537.36 (KHTML, like Gecko) Chrome/139.0.0.0 Safari/537.36 Edg/139.0.0.0','http://localhost:8765/?r=member/dashboard','2025-09-06 03:50:18'),(189,2,'172.20.0.1','Mozilla/5.0 (Windows NT 10.0; Win64; x64) AppleWebKit/537.36 (KHTML, like Gecko) Chrome/139.0.0.0 Safari/537.36 Edg/139.0.0.0','http://localhost:8765/?r=member/perfil','2025-09-06 03:50:32'),(190,2,'172.20.0.1','Mozilla/5.0 (Windows NT 10.0; Win64; x64) AppleWebKit/537.36 (KHTML, like Gecko) Chrome/139.0.0.0 Safari/537.36 Edg/139.0.0.0','http://localhost:8765/?r=member/perfil','2025-09-06 03:50:32'),(191,2,'172.20.0.1','Mozilla/5.0 (Windows NT 10.0; Win64; x64) AppleWebKit/537.36 (KHTML, like Gecko) Chrome/139.0.0.0 Safari/537.36 Edg/139.0.0.0','http://localhost:8765/?r=member/perfil','2025-09-06 03:50:32'),(192,2,'172.20.0.1','Mozilla/5.0 (Windows NT 10.0; Win64; x64) AppleWebKit/537.36 (KHTML, like Gecko) Chrome/139.0.0.0 Safari/537.36 Edg/139.0.0.0','http://localhost:8765/?r=member/perfil','2025-09-06 03:50:32'),(193,2,'172.20.0.1','Mozilla/5.0 (Windows NT 10.0; Win64; x64) AppleWebKit/537.36 (KHTML, like Gecko) Chrome/139.0.0.0 Safari/537.36 Edg/139.0.0.0','http://localhost:8765/?r=member/planos','2025-09-06 03:50:42'),(194,2,'172.20.0.1','Mozilla/5.0 (Windows NT 10.0; Win64; x64) AppleWebKit/537.36 (KHTML, like Gecko) Chrome/139.0.0.0 Safari/537.36 Edg/139.0.0.0','http://localhost:8765/?r=member/planos','2025-09-06 03:50:42'),(195,2,'172.20.0.1','Mozilla/5.0 (Windows NT 10.0; Win64; x64) AppleWebKit/537.36 (KHTML, like Gecko) Chrome/139.0.0.0 Safari/537.36 Edg/139.0.0.0','http://localhost:8765/?r=member/planos','2025-09-06 03:50:42'),(196,2,'172.20.0.1','Mozilla/5.0 (Windows NT 10.0; Win64; x64) AppleWebKit/537.36 (KHTML, like Gecko) Chrome/139.0.0.0 Safari/537.36 Edg/139.0.0.0','http://localhost:8765/?r=member/planos','2025-09-06 03:50:42'),(197,2,'172.20.0.1','Mozilla/5.0 (Windows NT 10.0; Win64; x64) AppleWebKit/537.36 (KHTML, like Gecko) Chrome/139.0.0.0 Safari/537.36 Edg/139.0.0.0','http://localhost:8765/?r=member/beneficios','2025-09-06 03:50:53'),(198,2,'172.20.0.1','Mozilla/5.0 (Windows NT 10.0; Win64; x64) AppleWebKit/537.36 (KHTML, like Gecko) Chrome/139.0.0.0 Safari/537.36 Edg/139.0.0.0','http://localhost:8765/?r=member/beneficios','2025-09-06 03:50:53'),(199,2,'172.20.0.1','Mozilla/5.0 (Windows NT 10.0; Win64; x64) AppleWebKit/537.36 (KHTML, like Gecko) Chrome/139.0.0.0 Safari/537.36 Edg/139.0.0.0','http://localhost:8765/?r=member/beneficios','2025-09-06 03:50:53'),(200,2,'172.20.0.1','Mozilla/5.0 (Windows NT 10.0; Win64; x64) AppleWebKit/537.36 (KHTML, like Gecko) Chrome/139.0.0.0 Safari/537.36 Edg/139.0.0.0','http://localhost:8765/?r=member/beneficios','2025-09-06 03:50:53'),(201,2,'172.20.0.1','Mozilla/5.0 (Windows NT 10.0; Win64; x64) AppleWebKit/537.36 (KHTML, like Gecko) Chrome/139.0.0.0 Safari/537.36 Edg/139.0.0.0','http://localhost:8765/?r=member/faturas','2025-09-06 03:51:07'),(202,2,'172.20.0.1','Mozilla/5.0 (Windows NT 10.0; Win64; x64) AppleWebKit/537.36 (KHTML, like Gecko) Chrome/139.0.0.0 Safari/537.36 Edg/139.0.0.0','http://localhost:8765/?r=member/faturas','2025-09-06 03:51:07'),(203,2,'172.20.0.1','Mozilla/5.0 (Windows NT 10.0; Win64; x64) AppleWebKit/537.36 (KHTML, like Gecko) Chrome/139.0.0.0 Safari/537.36 Edg/139.0.0.0','http://localhost:8765/?r=member/faturas','2025-09-06 03:51:07'),(204,2,'172.20.0.1','Mozilla/5.0 (Windows NT 10.0; Win64; x64) AppleWebKit/537.36 (KHTML, like Gecko) Chrome/139.0.0.0 Safari/537.36 Edg/139.0.0.0','http://localhost:8765/?r=member/faturas','2025-09-06 03:51:07'),(205,2,'172.20.0.1','Mozilla/5.0 (Windows NT 10.0; Win64; x64) AppleWebKit/537.36 (KHTML, like Gecko) Chrome/139.0.0.0 Safari/537.36 Edg/139.0.0.0','http://localhost:8765/?r=member/faturas','2025-09-06 03:59:27'),(206,2,'172.20.0.1','Mozilla/5.0 (Windows NT 10.0; Win64; x64) AppleWebKit/537.36 (KHTML, like Gecko) Chrome/139.0.0.0 Safari/537.36 Edg/139.0.0.0','http://localhost:8765/?r=member/faturas','2025-09-06 03:59:27'),(207,2,'172.20.0.1','Mozilla/5.0 (Windows NT 10.0; Win64; x64) AppleWebKit/537.36 (KHTML, like Gecko) Chrome/139.0.0.0 Safari/537.36 Edg/139.0.0.0','http://localhost:8765/?r=member/faturas','2025-09-06 03:59:27'),(208,2,'172.20.0.1','Mozilla/5.0 (Windows NT 10.0; Win64; x64) AppleWebKit/537.36 (KHTML, like Gecko) Chrome/139.0.0.0 Safari/537.36 Edg/139.0.0.0','http://localhost:8765/?r=member/faturas','2025-09-06 03:59:27'),(209,2,'172.20.0.1','Mozilla/5.0 (Windows NT 10.0; Win64; x64) AppleWebKit/537.36 (KHTML, like Gecko) Chrome/139.0.0.0 Safari/537.36 Edg/139.0.0.0','http://localhost:8765/?r=member/beneficios','2025-09-06 04:01:12'),(210,2,'172.20.0.1','Mozilla/5.0 (Windows NT 10.0; Win64; x64) AppleWebKit/537.36 (KHTML, like Gecko) Chrome/139.0.0.0 Safari/537.36 Edg/139.0.0.0','http://localhost:8765/?r=member/beneficios','2025-09-06 04:01:12'),(211,2,'172.20.0.1','Mozilla/5.0 (Windows NT 10.0; Win64; x64) AppleWebKit/537.36 (KHTML, like Gecko) Chrome/139.0.0.0 Safari/537.36 Edg/139.0.0.0','http://localhost:8765/?r=member/beneficios','2025-09-06 04:01:12'),(212,2,'172.20.0.1','Mozilla/5.0 (Windows NT 10.0; Win64; x64) AppleWebKit/537.36 (KHTML, like Gecko) Chrome/139.0.0.0 Safari/537.36 Edg/139.0.0.0','http://localhost:8765/?r=member/beneficios','2025-09-06 04:01:12'),(213,2,'172.20.0.1','Mozilla/5.0 (Windows NT 10.0; Win64; x64) AppleWebKit/537.36 (KHTML, like Gecko) Chrome/139.0.0.0 Safari/537.36 Edg/139.0.0.0','http://localhost:8765/is','2025-09-06 04:13:11'),(214,2,'172.20.0.1','Mozilla/5.0 (Windows NT 10.0; Win64; x64) AppleWebKit/537.36 (KHTML, like Gecko) Chrome/139.0.0.0 Safari/537.36 Edg/139.0.0.0','http://localhost:8765/is','2025-09-06 04:13:11'),(215,2,'172.20.0.1','Mozilla/5.0 (Windows NT 10.0; Win64; x64) AppleWebKit/537.36 (KHTML, like Gecko) Chrome/139.0.0.0 Safari/537.36 Edg/139.0.0.0','http://localhost:8765/is','2025-09-06 04:13:11'),(216,2,'172.20.0.1','Mozilla/5.0 (Windows NT 10.0; Win64; x64) AppleWebKit/537.36 (KHTML, like Gecko) Chrome/139.0.0.0 Safari/537.36 Edg/139.0.0.0','http://localhost:8765/is','2025-09-06 04:13:11'),(217,2,'172.20.0.1','Mozilla/5.0 (Windows NT 10.0; Win64; x64) AppleWebKit/537.36 (KHTML, like Gecko) Chrome/139.0.0.0 Safari/537.36 Edg/139.0.0.0','http://localhost:8765/is','2025-09-06 04:13:11'),(218,2,'172.20.0.1','Mozilla/5.0 (Windows NT 10.0; Win64; x64) AppleWebKit/537.36 (KHTML, like Gecko) Chrome/139.0.0.0 Safari/537.36 Edg/139.0.0.0','http://localhost:8765/','2025-09-06 04:14:25'),(219,2,'172.20.0.1','Mozilla/5.0 (Windows NT 10.0; Win64; x64) AppleWebKit/537.36 (KHTML, like Gecko) Chrome/139.0.0.0 Safari/537.36 Edg/139.0.0.0','http://localhost:8765/','2025-09-06 04:14:25'),(220,2,'172.20.0.1','Mozilla/5.0 (Windows NT 10.0; Win64; x64) AppleWebKit/537.36 (KHTML, like Gecko) Chrome/139.0.0.0 Safari/537.36 Edg/139.0.0.0','http://localhost:8765/','2025-09-06 04:14:25'),(221,2,'172.20.0.1','Mozilla/5.0 (Windows NT 10.0; Win64; x64) AppleWebKit/537.36 (KHTML, like Gecko) Chrome/139.0.0.0 Safari/537.36 Edg/139.0.0.0','http://localhost:8765/','2025-09-06 04:14:25'),(222,2,'172.20.0.1','Mozilla/5.0 (Windows NT 10.0; Win64; x64) AppleWebKit/537.36 (KHTML, like Gecko) Chrome/139.0.0.0 Safari/537.36 Edg/139.0.0.0','http://localhost:8765/','2025-09-06 04:14:25'),(223,2,'172.20.0.1','Mozilla/5.0 (Windows NT 10.0; Win64; x64) AppleWebKit/537.36 (KHTML, like Gecko) Chrome/139.0.0.0 Safari/537.36 Edg/139.0.0.0','http://localhost:8765/','2025-09-06 04:14:45'),(224,2,'172.20.0.1','Mozilla/5.0 (Windows NT 10.0; Win64; x64) AppleWebKit/537.36 (KHTML, like Gecko) Chrome/139.0.0.0 Safari/537.36 Edg/139.0.0.0','http://localhost:8765/','2025-09-06 04:14:45'),(225,2,'172.20.0.1','Mozilla/5.0 (Windows NT 10.0; Win64; x64) AppleWebKit/537.36 (KHTML, like Gecko) Chrome/139.0.0.0 Safari/537.36 Edg/139.0.0.0','http://localhost:8765/','2025-09-06 04:14:45'),(226,2,'172.20.0.1','Mozilla/5.0 (Windows NT 10.0; Win64; x64) AppleWebKit/537.36 (KHTML, like Gecko) Chrome/139.0.0.0 Safari/537.36 Edg/139.0.0.0','http://localhost:8765/','2025-09-06 04:14:45'),(227,2,'172.20.0.1','Mozilla/5.0 (Windows NT 10.0; Win64; x64) AppleWebKit/537.36 (KHTML, like Gecko) Chrome/139.0.0.0 Safari/537.36 Edg/139.0.0.0','http://localhost:8765/','2025-09-06 04:17:15'),(228,2,'172.20.0.1','Mozilla/5.0 (Windows NT 10.0; Win64; x64) AppleWebKit/537.36 (KHTML, like Gecko) Chrome/139.0.0.0 Safari/537.36 Edg/139.0.0.0','http://localhost:8765/','2025-09-06 04:17:15'),(229,2,'172.20.0.1','Mozilla/5.0 (Windows NT 10.0; Win64; x64) AppleWebKit/537.36 (KHTML, like Gecko) Chrome/139.0.0.0 Safari/537.36 Edg/139.0.0.0','http://localhost:8765/','2025-09-06 04:17:15'),(230,2,'172.20.0.1','Mozilla/5.0 (Windows NT 10.0; Win64; x64) AppleWebKit/537.36 (KHTML, like Gecko) Chrome/139.0.0.0 Safari/537.36 Edg/139.0.0.0','http://localhost:8765/','2025-09-06 04:17:16'),(231,2,'172.20.0.1','Mozilla/5.0 (Windows NT 10.0; Win64; x64) AppleWebKit/537.36 (KHTML, like Gecko) Chrome/139.0.0.0 Safari/537.36 Edg/139.0.0.0','http://localhost:8765/','2025-09-06 04:18:57'),(232,2,'172.20.0.1','Mozilla/5.0 (Windows NT 10.0; Win64; x64) AppleWebKit/537.36 (KHTML, like Gecko) Chrome/139.0.0.0 Safari/537.36 Edg/139.0.0.0','http://localhost:8765/','2025-09-06 04:18:57'),(233,2,'172.20.0.1','Mozilla/5.0 (Windows NT 10.0; Win64; x64) AppleWebKit/537.36 (KHTML, like Gecko) Chrome/139.0.0.0 Safari/537.36 Edg/139.0.0.0','http://localhost:8765/','2025-09-06 04:18:57'),(234,2,'172.20.0.1','Mozilla/5.0 (Windows NT 10.0; Win64; x64) AppleWebKit/537.36 (KHTML, like Gecko) Chrome/139.0.0.0 Safari/537.36 Edg/139.0.0.0','http://localhost:8765/','2025-09-06 04:18:57'),(235,2,'172.20.0.1','Mozilla/5.0 (Windows NT 10.0; Win64; x64) AppleWebKit/537.36 (KHTML, like Gecko) Chrome/139.0.0.0 Safari/537.36 Edg/139.0.0.0','http://localhost:8765/','2025-09-06 04:18:58'),(236,2,'172.20.0.1','Mozilla/5.0 (Windows NT 10.0; Win64; x64) AppleWebKit/537.36 (KHTML, like Gecko) Chrome/139.0.0.0 Safari/537.36 Edg/139.0.0.0','http://localhost:8765/','2025-09-06 04:18:58'),(237,2,'172.20.0.1','Mozilla/5.0 (Windows NT 10.0; Win64; x64) AppleWebKit/537.36 (KHTML, like Gecko) Chrome/139.0.0.0 Safari/537.36 Edg/139.0.0.0','http://localhost:8765/','2025-09-06 04:18:58'),(238,2,'172.20.0.1','Mozilla/5.0 (Windows NT 10.0; Win64; x64) AppleWebKit/537.36 (KHTML, like Gecko) Chrome/139.0.0.0 Safari/537.36 Edg/139.0.0.0','http://localhost:8765/','2025-09-06 04:18:58'),(239,2,'172.20.0.1','Mozilla/5.0 (Windows NT 10.0; Win64; x64) AppleWebKit/537.36 (KHTML, like Gecko) Chrome/139.0.0.0 Safari/537.36 Edg/139.0.0.0','http://localhost:8765/is','2025-09-06 04:19:06'),(240,2,'172.20.0.1','Mozilla/5.0 (Windows NT 10.0; Win64; x64) AppleWebKit/537.36 (KHTML, like Gecko) Chrome/139.0.0.0 Safari/537.36 Edg/139.0.0.0','http://localhost:8765/is','2025-09-06 04:19:06'),(241,2,'172.20.0.1','Mozilla/5.0 (Windows NT 10.0; Win64; x64) AppleWebKit/537.36 (KHTML, like Gecko) Chrome/139.0.0.0 Safari/537.36 Edg/139.0.0.0','http://localhost:8765/is','2025-09-06 04:19:06'),(242,2,'172.20.0.1','Mozilla/5.0 (Windows NT 10.0; Win64; x64) AppleWebKit/537.36 (KHTML, like Gecko) Chrome/139.0.0.0 Safari/537.36 Edg/139.0.0.0','http://localhost:8765/is','2025-09-06 04:19:06'),(243,2,'172.20.0.1','Mozilla/5.0 (Windows NT 10.0; Win64; x64) AppleWebKit/537.36 (KHTML, like Gecko) Chrome/139.0.0.0 Safari/537.36 Edg/139.0.0.0','http://localhost:8765/','2025-09-06 04:33:18'),(244,2,'172.20.0.1','Mozilla/5.0 (Windows NT 10.0; Win64; x64) AppleWebKit/537.36 (KHTML, like Gecko) Chrome/139.0.0.0 Safari/537.36 Edg/139.0.0.0','http://localhost:8765/','2025-09-06 04:33:18'),(245,2,'172.20.0.1','Mozilla/5.0 (Windows NT 10.0; Win64; x64) AppleWebKit/537.36 (KHTML, like Gecko) Chrome/139.0.0.0 Safari/537.36 Edg/139.0.0.0','http://localhost:8765/','2025-09-06 04:33:18'),(246,2,'172.20.0.1','Mozilla/5.0 (Windows NT 10.0; Win64; x64) AppleWebKit/537.36 (KHTML, like Gecko) Chrome/139.0.0.0 Safari/537.36 Edg/139.0.0.0','http://localhost:8765/','2025-09-06 04:33:18'),(247,2,'172.20.0.1','Mozilla/5.0 (Windows NT 10.0; Win64; x64) AppleWebKit/537.36 (KHTML, like Gecko) Chrome/139.0.0.0 Safari/537.36 Edg/139.0.0.0','http://localhost:8765/','2025-09-06 04:35:25'),(248,2,'172.20.0.1','Mozilla/5.0 (Windows NT 10.0; Win64; x64) AppleWebKit/537.36 (KHTML, like Gecko) Chrome/139.0.0.0 Safari/537.36 Edg/139.0.0.0','http://localhost:8765/','2025-09-06 04:36:18'),(249,2,'172.20.0.1','Mozilla/5.0 (Windows NT 10.0; Win64; x64) AppleWebKit/537.36 (KHTML, like Gecko) Chrome/139.0.0.0 Safari/537.36 Edg/139.0.0.0','http://localhost:8765/','2025-09-06 04:37:31'),(250,2,'172.20.0.1','Mozilla/5.0 (Windows NT 10.0; Win64; x64) AppleWebKit/537.36 (KHTML, like Gecko) Chrome/139.0.0.0 Safari/537.36 Edg/139.0.0.0','http://localhost:8765/','2025-09-06 04:40:04'),(251,2,'172.20.0.1','Mozilla/5.0 (Windows NT 10.0; Win64; x64) AppleWebKit/537.36 (KHTML, like Gecko) Chrome/139.0.0.0 Safari/537.36 Edg/139.0.0.0','http://localhost:8765/','2025-09-06 04:40:28'),(252,2,'172.20.0.1','Mozilla/5.0 (Windows NT 10.0; Win64; x64) AppleWebKit/537.36 (KHTML, like Gecko) Chrome/139.0.0.0 Safari/537.36 Edg/139.0.0.0','http://localhost:8765/','2025-09-06 04:42:11'),(253,2,'172.20.0.1','Mozilla/5.0 (Windows NT 10.0; Win64; x64) AppleWebKit/537.36 (KHTML, like Gecko) Chrome/139.0.0.0 Safari/537.36 Edg/139.0.0.0','http://localhost:8765/','2025-09-06 04:44:08'),(254,2,'172.20.0.1','Mozilla/5.0 (Windows NT 10.0; Win64; x64) AppleWebKit/537.36 (KHTML, like Gecko) Chrome/139.0.0.0 Safari/537.36 Edg/139.0.0.0','http://localhost:8765/','2025-09-06 04:44:30'),(255,2,'172.20.0.1','Mozilla/5.0 (Windows NT 10.0; Win64; x64) AppleWebKit/537.36 (KHTML, like Gecko) Chrome/139.0.0.0 Safari/537.36 Edg/139.0.0.0','http://localhost:8765/','2025-09-06 04:45:57'),(256,2,'172.20.0.1','Mozilla/5.0 (Windows NT 10.0; Win64; x64) AppleWebKit/537.36 (KHTML, like Gecko) Chrome/139.0.0.0 Safari/537.36 Edg/139.0.0.0','http://localhost:8765/','2025-09-06 04:46:24'),(257,2,'172.20.0.1','Mozilla/5.0 (Windows NT 10.0; Win64; x64) AppleWebKit/537.36 (KHTML, like Gecko) Chrome/139.0.0.0 Safari/537.36 Edg/139.0.0.0','http://localhost:8765/','2025-09-06 04:49:40'),(258,2,'172.20.0.1','Mozilla/5.0 (Windows NT 10.0; Win64; x64) AppleWebKit/537.36 (KHTML, like Gecko) Chrome/139.0.0.0 Safari/537.36 Edg/139.0.0.0','http://localhost:8765/','2025-09-06 04:51:17'),(259,2,'172.20.0.1','Mozilla/5.0 (Windows NT 10.0; Win64; x64) AppleWebKit/537.36 (KHTML, like Gecko) Chrome/139.0.0.0 Safari/537.36 Edg/139.0.0.0','http://localhost:8765/','2025-09-06 04:54:30'),(260,2,'172.20.0.1','Mozilla/5.0 (Windows NT 10.0; Win64; x64) AppleWebKit/537.36 (KHTML, like Gecko) Chrome/139.0.0.0 Safari/537.36 Edg/139.0.0.0','http://localhost:8765/','2025-09-06 04:54:45'),(261,2,'172.20.0.1','Mozilla/5.0 (Windows NT 10.0; Win64; x64) AppleWebKit/537.36 (KHTML, like Gecko) Chrome/139.0.0.0 Safari/537.36 Edg/139.0.0.0','http://localhost:8765/','2025-09-06 04:56:18'),(262,2,'172.20.0.1','Mozilla/5.0 (Windows NT 10.0; Win64; x64) AppleWebKit/537.36 (KHTML, like Gecko) Chrome/139.0.0.0 Safari/537.36 Edg/139.0.0.0','http://localhost:8765/','2025-09-06 04:56:59'),(263,2,'172.20.0.1','Mozilla/5.0 (Windows NT 10.0; Win64; x64) AppleWebKit/537.36 (KHTML, like Gecko) Chrome/139.0.0.0 Safari/537.36 Edg/139.0.0.0','http://localhost:8765/','2025-09-06 04:57:26'),(264,2,'172.20.0.1','Mozilla/5.0 (Windows NT 10.0; Win64; x64) AppleWebKit/537.36 (KHTML, like Gecko) Chrome/139.0.0.0 Safari/537.36 Edg/139.0.0.0','http://localhost:8765/','2025-09-06 04:57:58'),(265,2,'172.20.0.1','Mozilla/5.0 (Windows NT 10.0; Win64; x64) AppleWebKit/537.36 (KHTML, like Gecko) Chrome/139.0.0.0 Safari/537.36 Edg/139.0.0.0','http://localhost:8765/planos','2025-09-06 11:47:44'),(266,2,'172.20.0.1','Mozilla/5.0 (Windows NT 10.0; Win64; x64) AppleWebKit/537.36 (KHTML, like Gecko) Chrome/139.0.0.0 Safari/537.36 Edg/139.0.0.0','http://localhost:8765/plans','2025-09-06 11:48:16'),(267,2,'172.20.0.1','Mozilla/5.0 (Windows NT 10.0; Win64; x64) AppleWebKit/537.36 (KHTML, like Gecko) Chrome/139.0.0.0 Safari/537.36 Edg/139.0.0.0','http://localhost:8765/plans','2025-09-06 11:48:30'),(268,2,'172.20.0.1','Mozilla/5.0 (Windows NT 10.0; Win64; x64) AppleWebKit/537.36 (KHTML, like Gecko) Chrome/139.0.0.0 Safari/537.36 Edg/139.0.0.0','http://localhost:8765/?r=site/planos','2025-09-06 11:48:34'),(269,2,'172.20.0.1','Mozilla/5.0 (Windows NT 10.0; Win64; x64) AppleWebKit/537.36 (KHTML, like Gecko) Chrome/139.0.0.0 Safari/537.36 Edg/139.0.0.0','http://localhost:8765/?r=site/planos','2025-09-06 11:48:34'),(270,2,'172.20.0.1','Mozilla/5.0 (Windows NT 10.0; Win64; x64) AppleWebKit/537.36 (KHTML, like Gecko) Chrome/139.0.0.0 Safari/537.36 Edg/139.0.0.0','http://localhost:8765/?r=site/planos','2025-09-06 11:48:34'),(271,2,'172.20.0.1','Mozilla/5.0 (Windows NT 10.0; Win64; x64) AppleWebKit/537.36 (KHTML, like Gecko) Chrome/139.0.0.0 Safari/537.36 Edg/139.0.0.0','http://localhost:8765/?r=site/planos','2025-09-06 11:48:34'),(272,2,'172.20.0.1','Mozilla/5.0 (Windows NT 10.0; Win64; x64) AppleWebKit/537.36 (KHTML, like Gecko) Chrome/139.0.0.0 Safari/537.36 Edg/139.0.0.0','http://localhost:8765/plans','2025-09-06 11:48:41'),(273,2,'172.20.0.1','Mozilla/5.0 (Windows NT 10.0; Win64; x64) AppleWebKit/537.36 (KHTML, like Gecko) Chrome/139.0.0.0 Safari/537.36 Edg/139.0.0.0','http://localhost:8765/?r=site/faq','2025-09-06 11:48:43'),(274,2,'172.20.0.1','Mozilla/5.0 (Windows NT 10.0; Win64; x64) AppleWebKit/537.36 (KHTML, like Gecko) Chrome/139.0.0.0 Safari/537.36 Edg/139.0.0.0','http://localhost:8765/?r=site/faq','2025-09-06 11:48:43'),(275,2,'172.20.0.1','Mozilla/5.0 (Windows NT 10.0; Win64; x64) AppleWebKit/537.36 (KHTML, like Gecko) Chrome/139.0.0.0 Safari/537.36 Edg/139.0.0.0','http://localhost:8765/?r=site/faq','2025-09-06 11:48:43'),(276,2,'172.20.0.1','Mozilla/5.0 (Windows NT 10.0; Win64; x64) AppleWebKit/537.36 (KHTML, like Gecko) Chrome/139.0.0.0 Safari/537.36 Edg/139.0.0.0','http://localhost:8765/?r=site/faq','2025-09-06 11:48:43'),(277,2,'172.20.0.1','Mozilla/5.0 (Windows NT 10.0; Win64; x64) AppleWebKit/537.36 (KHTML, like Gecko) Chrome/139.0.0.0 Safari/537.36 Edg/139.0.0.0','http://localhost:8765/plans','2025-09-06 11:48:46'),(278,2,'172.20.0.1','Mozilla/5.0 (Windows NT 10.0; Win64; x64) AppleWebKit/537.36 (KHTML, like Gecko) Chrome/139.0.0.0 Safari/537.36 Edg/139.0.0.0','http://localhost:8765/card','2025-09-06 11:49:13'),(279,2,'172.20.0.1','Mozilla/5.0 (Windows NT 10.0; Win64; x64) AppleWebKit/537.36 (KHTML, like Gecko) Chrome/139.0.0.0 Safari/537.36 Edg/139.0.0.0','http://localhost:8765/plans','2025-09-06 12:02:31'),(280,2,'172.20.0.1','Mozilla/5.0 (Windows NT 10.0; Win64; x64) AppleWebKit/537.36 (KHTML, like Gecko) Chrome/139.0.0.0 Safari/537.36 Edg/139.0.0.0','http://localhost:8765/planos','2025-09-06 12:02:33'),(281,2,'172.20.0.1','Mozilla/5.0 (Windows NT 10.0; Win64; x64) AppleWebKit/537.36 (KHTML, like Gecko) Chrome/139.0.0.0 Safari/537.36 Edg/139.0.0.0','http://localhost:8765/planos','2025-09-06 12:02:35'),(282,2,'172.20.0.1','Mozilla/5.0 (Windows NT 10.0; Win64; x64) AppleWebKit/537.36 (KHTML, like Gecko) Chrome/139.0.0.0 Safari/537.36 Edg/139.0.0.0','http://localhost:8765/?r=site/parceiros','2025-09-06 12:20:26'),(283,2,'172.20.0.1','Mozilla/5.0 (Windows NT 10.0; Win64; x64) AppleWebKit/537.36 (KHTML, like Gecko) Chrome/139.0.0.0 Safari/537.36 Edg/139.0.0.0','http://localhost:8765/?r=site/parceiros','2025-09-06 12:20:26'),(284,2,'172.20.0.1','Mozilla/5.0 (Windows NT 10.0; Win64; x64) AppleWebKit/537.36 (KHTML, like Gecko) Chrome/139.0.0.0 Safari/537.36 Edg/139.0.0.0','http://localhost:8765/?r=site/parceiros','2025-09-06 12:20:26'),(285,2,'172.20.0.1','Mozilla/5.0 (Windows NT 10.0; Win64; x64) AppleWebKit/537.36 (KHTML, like Gecko) Chrome/139.0.0.0 Safari/537.36 Edg/139.0.0.0','http://localhost:8765/?r=site/parceiros','2025-09-06 12:20:26'),(286,2,'172.20.0.1','Mozilla/5.0 (Windows NT 10.0; Win64; x64) AppleWebKit/537.36 (KHTML, like Gecko) Chrome/139.0.0.0 Safari/537.36 Edg/139.0.0.0','http://localhost:8765/?r=site/about','2025-09-06 12:36:26'),(287,2,'172.20.0.1','Mozilla/5.0 (Windows NT 10.0; Win64; x64) AppleWebKit/537.36 (KHTML, like Gecko) Chrome/139.0.0.0 Safari/537.36 Edg/139.0.0.0','http://localhost:8765/?r=site/about','2025-09-06 12:36:26'),(288,2,'172.20.0.1','Mozilla/5.0 (Windows NT 10.0; Win64; x64) AppleWebKit/537.36 (KHTML, like Gecko) Chrome/139.0.0.0 Safari/537.36 Edg/139.0.0.0','http://localhost:8765/?r=site/about','2025-09-06 12:36:26'),(289,2,'172.20.0.1','Mozilla/5.0 (Windows NT 10.0; Win64; x64) AppleWebKit/537.36 (KHTML, like Gecko) Chrome/139.0.0.0 Safari/537.36 Edg/139.0.0.0','http://localhost:8765/?r=site/about','2025-09-06 12:36:26'),(290,2,'172.20.0.1','Mozilla/5.0 (Windows NT 10.0; Win64; x64) AppleWebKit/537.36 (KHTML, like Gecko) Chrome/139.0.0.0 Safari/537.36 Edg/139.0.0.0','http://localhost:8765/?r=site/sobre','2025-09-06 12:36:41'),(291,2,'172.20.0.1','Mozilla/5.0 (Windows NT 10.0; Win64; x64) AppleWebKit/537.36 (KHTML, like Gecko) Chrome/139.0.0.0 Safari/537.36 Edg/139.0.0.0','http://localhost:8765/?r=site/sobre','2025-09-06 12:36:41'),(292,2,'172.20.0.1','Mozilla/5.0 (Windows NT 10.0; Win64; x64) AppleWebKit/537.36 (KHTML, like Gecko) Chrome/139.0.0.0 Safari/537.36 Edg/139.0.0.0','http://localhost:8765/?r=site/sobre','2025-09-06 12:36:41'),(293,2,'172.20.0.1','Mozilla/5.0 (Windows NT 10.0; Win64; x64) AppleWebKit/537.36 (KHTML, like Gecko) Chrome/139.0.0.0 Safari/537.36 Edg/139.0.0.0','http://localhost:8765/?r=site/sobre','2025-09-06 12:36:41'),(294,2,'172.20.0.1','Mozilla/5.0 (Windows NT 10.0; Win64; x64) AppleWebKit/537.36 (KHTML, like Gecko) Chrome/139.0.0.0 Safari/537.36 Edg/139.0.0.0','http://localhost:8765/?r=site/contato','2025-09-06 12:40:56'),(295,2,'172.20.0.1','Mozilla/5.0 (Windows NT 10.0; Win64; x64) AppleWebKit/537.36 (KHTML, like Gecko) Chrome/139.0.0.0 Safari/537.36 Edg/139.0.0.0','http://localhost:8765/?r=site/contato','2025-09-06 12:40:56'),(296,2,'172.20.0.1','Mozilla/5.0 (Windows NT 10.0; Win64; x64) AppleWebKit/537.36 (KHTML, like Gecko) Chrome/139.0.0.0 Safari/537.36 Edg/139.0.0.0','http://localhost:8765/?r=site/contato','2025-09-06 12:40:56'),(297,2,'172.20.0.1','Mozilla/5.0 (Windows NT 10.0; Win64; x64) AppleWebKit/537.36 (KHTML, like Gecko) Chrome/139.0.0.0 Safari/537.36 Edg/139.0.0.0','http://localhost:8765/?r=site/contato','2025-09-06 12:40:56'),(298,2,'172.20.0.1','Mozilla/5.0 (Windows NT 10.0; Win64; x64) AppleWebKit/537.36 (KHTML, like Gecko) Chrome/139.0.0.0 Safari/537.36 Edg/139.0.0.0','http://localhost:8765/?r=site/contato','2025-09-06 12:45:05'),(299,2,'172.20.0.1','Mozilla/5.0 (Windows NT 10.0; Win64; x64) AppleWebKit/537.36 (KHTML, like Gecko) Chrome/139.0.0.0 Safari/537.36 Edg/139.0.0.0','http://localhost:8765/?r=site/contato','2025-09-06 12:45:05'),(300,2,'172.20.0.1','Mozilla/5.0 (Windows NT 10.0; Win64; x64) AppleWebKit/537.36 (KHTML, like Gecko) Chrome/139.0.0.0 Safari/537.36 Edg/139.0.0.0','http://localhost:8765/?r=site/contato','2025-09-06 12:45:05'),(301,2,'172.20.0.1','Mozilla/5.0 (Windows NT 10.0; Win64; x64) AppleWebKit/537.36 (KHTML, like Gecko) Chrome/139.0.0.0 Safari/537.36 Edg/139.0.0.0','http://localhost:8765/?r=site/contato','2025-09-06 12:45:05'),(302,2,'172.20.0.1','Mozilla/5.0 (Windows NT 10.0; Win64; x64) AppleWebKit/537.36 (KHTML, like Gecko) Chrome/139.0.0.0 Safari/537.36 Edg/139.0.0.0','http://localhost:8765/?r=site/about','2025-09-06 12:45:08'),(303,2,'172.20.0.1','Mozilla/5.0 (Windows NT 10.0; Win64; x64) AppleWebKit/537.36 (KHTML, like Gecko) Chrome/139.0.0.0 Safari/537.36 Edg/139.0.0.0','http://localhost:8765/?r=site/about','2025-09-06 12:45:08'),(304,2,'172.20.0.1','Mozilla/5.0 (Windows NT 10.0; Win64; x64) AppleWebKit/537.36 (KHTML, like Gecko) Chrome/139.0.0.0 Safari/537.36 Edg/139.0.0.0','http://localhost:8765/?r=site/about','2025-09-06 12:45:08'),(305,2,'172.20.0.1','Mozilla/5.0 (Windows NT 10.0; Win64; x64) AppleWebKit/537.36 (KHTML, like Gecko) Chrome/139.0.0.0 Safari/537.36 Edg/139.0.0.0','http://localhost:8765/?r=site/about','2025-09-06 12:45:08'),(306,2,'172.20.0.1','Mozilla/5.0 (Windows NT 10.0; Win64; x64) AppleWebKit/537.36 (KHTML, like Gecko) Chrome/139.0.0.0 Safari/537.36 Edg/139.0.0.0','http://localhost:8765/?r=site/about','2025-09-06 12:49:59'),(307,2,'172.20.0.1','Mozilla/5.0 (Windows NT 10.0; Win64; x64) AppleWebKit/537.36 (KHTML, like Gecko) Chrome/139.0.0.0 Safari/537.36 Edg/139.0.0.0','http://localhost:8765/?r=site/about','2025-09-06 12:50:30'),(308,2,'172.20.0.1','Mozilla/5.0 (Windows NT 10.0; Win64; x64) AppleWebKit/537.36 (KHTML, like Gecko) Chrome/139.0.0.0 Safari/537.36 Edg/139.0.0.0','http://localhost:8765/?r=site/contato','2025-09-06 12:56:24'),(309,2,'172.20.0.1','Mozilla/5.0 (Windows NT 10.0; Win64; x64) AppleWebKit/537.36 (KHTML, like Gecko) Chrome/139.0.0.0 Safari/537.36 Edg/139.0.0.0','http://localhost:8765/?r=site/contato','2025-09-06 12:58:34'),(310,2,'172.20.0.1','Mozilla/5.0 (iPhone; CPU iPhone OS 16_6 like Mac OS X) AppleWebKit/605.1.15 (KHTML, like Gecko) Version/16.6 Mobile/15E148 Safari/604.1 Edg/139.0.0.0','http://localhost:8765/?r=site/contato','2025-09-06 12:59:00'),(311,2,'172.20.0.1','Mozilla/5.0 (Windows NT 10.0; Win64; x64) AppleWebKit/537.36 (KHTML, like Gecko) Chrome/139.0.0.0 Safari/537.36 Edg/139.0.0.0','http://localhost:8765/?r=site/contato','2025-09-06 12:59:31'),(312,2,'172.20.0.1','Mozilla/5.0 (Windows NT 10.0; Win64; x64) AppleWebKit/537.36 (KHTML, like Gecko) Chrome/139.0.0.0 Safari/537.36 Edg/139.0.0.0','http://localhost:8765/?r=site/contato','2025-09-06 12:59:38'),(313,2,'172.20.0.1','Mozilla/5.0 (Windows NT 10.0; Win64; x64) AppleWebKit/537.36 (KHTML, like Gecko) Chrome/139.0.0.0 Safari/537.36 Edg/139.0.0.0','http://localhost:8765/?r=site/contato','2025-09-06 12:59:42'),(314,2,'172.20.0.1','Mozilla/5.0 (Windows NT 10.0; Win64; x64) AppleWebKit/537.36 (KHTML, like Gecko) Chrome/139.0.0.0 Safari/537.36 Edg/139.0.0.0','http://localhost:8765/?r=site/contato','2025-09-06 13:01:23'),(315,2,'172.20.0.1','Mozilla/5.0 (Windows NT 10.0; Win64; x64) AppleWebKit/537.36 (KHTML, like Gecko) Chrome/139.0.0.0 Safari/537.36 Edg/139.0.0.0','http://localhost:8765/?r=site/sobre','2025-09-06 13:01:25'),(316,2,'172.20.0.1','Mozilla/5.0 (Windows NT 10.0; Win64; x64) AppleWebKit/537.36 (KHTML, like Gecko) Chrome/139.0.0.0 Safari/537.36 Edg/139.0.0.0','http://localhost:8765/?r=site/sobre','2025-09-06 13:01:34'),(317,2,'172.20.0.1','Mozilla/5.0 (Windows NT 10.0; Win64; x64) AppleWebKit/537.36 (KHTML, like Gecko) Chrome/139.0.0.0 Safari/537.36 Edg/139.0.0.0','http://localhost:8765/?r=site/sobre','2025-09-06 13:01:35'),(318,2,'172.20.0.1','Mozilla/5.0 (Windows NT 10.0; Win64; x64) AppleWebKit/537.36 (KHTML, like Gecko) Chrome/139.0.0.0 Safari/537.36 Edg/139.0.0.0','http://localhost:8765/?r=site/contato','2025-09-06 13:01:38'),(319,2,'172.20.0.1','Mozilla/5.0 (Windows NT 10.0; Win64; x64) AppleWebKit/537.36 (KHTML, like Gecko) Chrome/139.0.0.0 Safari/537.36 Edg/139.0.0.0','http://localhost:8765/?r=site/sobre','2025-09-06 13:01:39'),(320,2,'172.20.0.1','Mozilla/5.0 (Windows NT 10.0; Win64; x64) AppleWebKit/537.36 (KHTML, like Gecko) Chrome/139.0.0.0 Safari/537.36 Edg/139.0.0.0','http://localhost:8765/?r=site/sobre','2025-09-06 13:01:50'),(321,2,'172.20.0.1','Mozilla/5.0 (Windows NT 10.0; Win64; x64) AppleWebKit/537.36 (KHTML, like Gecko) Chrome/139.0.0.0 Safari/537.36 Edg/139.0.0.0','http://localhost:8765/?r=site/sobre','2025-09-06 13:02:06'),(322,2,'172.20.0.1','Mozilla/5.0 (Windows NT 10.0; Win64; x64) AppleWebKit/537.36 (KHTML, like Gecko) Chrome/139.0.0.0 Safari/537.36 Edg/139.0.0.0','http://localhost:8765/?r=site/contato','2025-09-06 13:03:18'),(323,2,'172.20.0.1','Mozilla/5.0 (Windows NT 10.0; Win64; x64) AppleWebKit/537.36 (KHTML, like Gecko) Chrome/139.0.0.0 Safari/537.36 Edg/139.0.0.0','http://localhost:8765/?r=site/contato','2025-09-06 13:04:06'),(324,2,'172.20.0.1','Mozilla/5.0 (Windows NT 10.0; Win64; x64) AppleWebKit/537.36 (KHTML, like Gecko) Chrome/139.0.0.0 Safari/537.36 Edg/139.0.0.0','http://localhost:8765/?r=admin/dashboard','2025-09-06 13:04:30'),(325,2,'172.20.0.1','Mozilla/5.0 (Windows NT 10.0; Win64; x64) AppleWebKit/537.36 (KHTML, like Gecko) Chrome/139.0.0.0 Safari/537.36 Edg/139.0.0.0','http://localhost:8765/?r=admin/dashboard','2025-09-06 13:04:30'),(326,2,'172.20.0.1','Mozilla/5.0 (Windows NT 10.0; Win64; x64) AppleWebKit/537.36 (KHTML, like Gecko) Chrome/139.0.0.0 Safari/537.36 Edg/139.0.0.0','http://localhost:8765/?r=admin/dashboard','2025-09-06 13:04:30'),(327,2,'172.20.0.1','Mozilla/5.0 (Windows NT 10.0; Win64; x64) AppleWebKit/537.36 (KHTML, like Gecko) Chrome/139.0.0.0 Safari/537.36 Edg/139.0.0.0','http://localhost:8765/?r=admin/dashboard','2025-09-06 13:04:30'),(328,2,'172.20.0.1','Mozilla/5.0 (Windows NT 10.0; Win64; x64) AppleWebKit/537.36 (KHTML, like Gecko) Chrome/139.0.0.0 Safari/537.36 Edg/139.0.0.0','http://localhost:8765/?r=admin/dashboard','2025-09-06 13:04:40'),(329,2,'172.20.0.1','Mozilla/5.0 (Windows NT 10.0; Win64; x64) AppleWebKit/537.36 (KHTML, like Gecko) Chrome/139.0.0.0 Safari/537.36 Edg/139.0.0.0','http://localhost:8765/?r=admin/dashboard','2025-09-06 13:04:40'),(330,2,'172.20.0.1','Mozilla/5.0 (Windows NT 10.0; Win64; x64) AppleWebKit/537.36 (KHTML, like Gecko) Chrome/139.0.0.0 Safari/537.36 Edg/139.0.0.0','http://localhost:8765/?r=admin/dashboard','2025-09-06 13:04:40'),(331,2,'172.20.0.1','Mozilla/5.0 (Windows NT 10.0; Win64; x64) AppleWebKit/537.36 (KHTML, like Gecko) Chrome/139.0.0.0 Safari/537.36 Edg/139.0.0.0','http://localhost:8765/?r=admin/dashboard','2025-09-06 13:04:40'),(332,2,'172.20.0.1','Mozilla/5.0 (Windows NT 10.0; Win64; x64) AppleWebKit/537.36 (KHTML, like Gecko) Chrome/139.0.0.0 Safari/537.36 Edg/139.0.0.0','http://localhost:8765/?r=admin/dashboard','2025-09-06 13:04:45'),(333,2,'172.20.0.1','Mozilla/5.0 (Windows NT 10.0; Win64; x64) AppleWebKit/537.36 (KHTML, like Gecko) Chrome/139.0.0.0 Safari/537.36 Edg/139.0.0.0','http://localhost:8765/?r=admin/dashboard','2025-09-06 13:04:45'),(334,2,'172.20.0.1','Mozilla/5.0 (Windows NT 10.0; Win64; x64) AppleWebKit/537.36 (KHTML, like Gecko) Chrome/139.0.0.0 Safari/537.36 Edg/139.0.0.0','http://localhost:8765/?r=admin/dashboard','2025-09-06 13:04:45'),(335,2,'172.20.0.1','Mozilla/5.0 (Windows NT 10.0; Win64; x64) AppleWebKit/537.36 (KHTML, like Gecko) Chrome/139.0.0.0 Safari/537.36 Edg/139.0.0.0','http://localhost:8765/?r=admin/dashboard','2025-09-06 13:04:45'),(336,2,'172.20.0.1','Mozilla/5.0 (Windows NT 10.0; Win64; x64) AppleWebKit/537.36 (KHTML, like Gecko) Chrome/139.0.0.0 Safari/537.36 Edg/139.0.0.0','http://localhost:8765/?r=site/faq','2025-09-06 13:04:46'),(337,2,'172.20.0.1','Mozilla/5.0 (Windows NT 10.0; Win64; x64) AppleWebKit/537.36 (KHTML, like Gecko) Chrome/139.0.0.0 Safari/537.36 Edg/139.0.0.0','http://localhost:8765/?r=site/faq','2025-09-06 13:04:47'),(338,2,'172.20.0.1','Mozilla/5.0 (Windows NT 10.0; Win64; x64) AppleWebKit/537.36 (KHTML, like Gecko) Chrome/139.0.0.0 Safari/537.36 Edg/139.0.0.0','http://localhost:8765/?r=site/faq','2025-09-06 13:04:47'),(339,2,'172.20.0.1','Mozilla/5.0 (Windows NT 10.0; Win64; x64) AppleWebKit/537.36 (KHTML, like Gecko) Chrome/139.0.0.0 Safari/537.36 Edg/139.0.0.0','http://localhost:8765/?r=site/faq','2025-09-06 13:04:47'),(340,2,'172.20.0.1','Mozilla/5.0 (Windows NT 10.0; Win64; x64) AppleWebKit/537.36 (KHTML, like Gecko) Chrome/139.0.0.0 Safari/537.36 Edg/139.0.0.0','http://localhost:8765/?r=admin/dashboard','2025-09-06 13:04:49'),(341,2,'172.20.0.1','Mozilla/5.0 (Windows NT 10.0; Win64; x64) AppleWebKit/537.36 (KHTML, like Gecko) Chrome/139.0.0.0 Safari/537.36 Edg/139.0.0.0','http://localhost:8765/?r=admin/dashboard','2025-09-06 13:04:49'),(342,2,'172.20.0.1','Mozilla/5.0 (Windows NT 10.0; Win64; x64) AppleWebKit/537.36 (KHTML, like Gecko) Chrome/139.0.0.0 Safari/537.36 Edg/139.0.0.0','http://localhost:8765/?r=admin/dashboard','2025-09-06 13:04:49'),(343,2,'172.20.0.1','Mozilla/5.0 (Windows NT 10.0; Win64; x64) AppleWebKit/537.36 (KHTML, like Gecko) Chrome/139.0.0.0 Safari/537.36 Edg/139.0.0.0','http://localhost:8765/?r=admin/dashboard','2025-09-06 13:04:49'),(344,2,'172.20.0.1','Mozilla/5.0 (Windows NT 10.0; Win64; x64) AppleWebKit/537.36 (KHTML, like Gecko) Chrome/139.0.0.0 Safari/537.36 Edg/139.0.0.0','http://localhost:8765/?r=admin/usuarios','2025-09-06 13:04:56'),(345,2,'172.20.0.1','Mozilla/5.0 (Windows NT 10.0; Win64; x64) AppleWebKit/537.36 (KHTML, like Gecko) Chrome/139.0.0.0 Safari/537.36 Edg/139.0.0.0','http://localhost:8765/?r=admin/usuarios','2025-09-06 13:04:56'),(346,2,'172.20.0.1','Mozilla/5.0 (Windows NT 10.0; Win64; x64) AppleWebKit/537.36 (KHTML, like Gecko) Chrome/139.0.0.0 Safari/537.36 Edg/139.0.0.0','http://localhost:8765/?r=admin/usuarios','2025-09-06 13:04:56'),(347,2,'172.20.0.1','Mozilla/5.0 (Windows NT 10.0; Win64; x64) AppleWebKit/537.36 (KHTML, like Gecko) Chrome/139.0.0.0 Safari/537.36 Edg/139.0.0.0','http://localhost:8765/?r=admin/usuarios','2025-09-06 13:04:56'),(348,2,'172.20.0.1','Mozilla/5.0 (Windows NT 10.0; Win64; x64) AppleWebKit/537.36 (KHTML, like Gecko) Chrome/139.0.0.0 Safari/537.36 Edg/139.0.0.0','http://localhost:8765/?r=admin/dashboard','2025-09-06 13:05:02'),(349,2,'172.20.0.1','Mozilla/5.0 (Windows NT 10.0; Win64; x64) AppleWebKit/537.36 (KHTML, like Gecko) Chrome/139.0.0.0 Safari/537.36 Edg/139.0.0.0','http://localhost:8765/?r=admin/dashboard','2025-09-06 13:05:02'),(350,2,'172.20.0.1','Mozilla/5.0 (Windows NT 10.0; Win64; x64) AppleWebKit/537.36 (KHTML, like Gecko) Chrome/139.0.0.0 Safari/537.36 Edg/139.0.0.0','http://localhost:8765/?r=admin/dashboard','2025-09-06 13:05:02'),(351,2,'172.20.0.1','Mozilla/5.0 (Windows NT 10.0; Win64; x64) AppleWebKit/537.36 (KHTML, like Gecko) Chrome/139.0.0.0 Safari/537.36 Edg/139.0.0.0','http://localhost:8765/?r=admin/dashboard','2025-09-06 13:05:02'),(352,2,'172.20.0.1','Mozilla/5.0 (Windows NT 10.0; Win64; x64) AppleWebKit/537.36 (KHTML, like Gecko) Chrome/139.0.0.0 Safari/537.36 Edg/139.0.0.0','http://localhost:8765/?r=site/contato','2025-09-06 13:07:31'),(353,2,'172.20.0.1','Mozilla/5.0 (Windows NT 10.0; Win64; x64) AppleWebKit/537.36 (KHTML, like Gecko) Chrome/139.0.0.0 Safari/537.36 Edg/139.0.0.0','http://localhost:8765/?r=site/sobre','2025-09-06 13:07:44'),(354,2,'172.20.0.1','Mozilla/5.0 (Windows NT 10.0; Win64; x64) AppleWebKit/537.36 (KHTML, like Gecko) Chrome/139.0.0.0 Safari/537.36 Edg/139.0.0.0','http://localhost:8765/?r=site/sobre','2025-09-06 13:07:51'),(355,2,'172.20.0.1','Mozilla/5.0 (Windows NT 10.0; Win64; x64) AppleWebKit/537.36 (KHTML, like Gecko) Chrome/139.0.0.0 Safari/537.36 Edg/139.0.0.0','http://localhost:8765/?r=site/contato','2025-09-06 13:07:53'),(356,2,'172.20.0.1','Mozilla/5.0 (Windows NT 10.0; Win64; x64) AppleWebKit/537.36 (KHTML, like Gecko) Chrome/139.0.0.0 Safari/537.36 Edg/139.0.0.0','http://localhost:8765/?r=site/contato','2025-09-06 13:13:40'),(357,2,'172.20.0.1','Mozilla/5.0 (Windows NT 10.0; Win64; x64) AppleWebKit/537.36 (KHTML, like Gecko) Chrome/139.0.0.0 Safari/537.36 Edg/139.0.0.0','http://localhost:8765/?r=site/contato','2025-09-06 13:23:20'),(358,2,'172.20.0.1','Mozilla/5.0 (Windows NT 10.0; Win64; x64) AppleWebKit/537.36 (KHTML, like Gecko) Chrome/139.0.0.0 Safari/537.36 Edg/139.0.0.0','http://localhost:8765/?r=site/contato','2025-09-06 14:01:21'),(359,2,'172.20.0.1','Mozilla/5.0 (Windows NT 10.0; Win64; x64) AppleWebKit/537.36 (KHTML, like Gecko) Chrome/139.0.0.0 Safari/537.36 Edg/139.0.0.0','http://localhost:8765/?r=site/contato','2025-09-06 16:33:27'),(360,2,'172.20.0.1','Mozilla/5.0 (Windows NT 10.0; Win64; x64) AppleWebKit/537.36 (KHTML, like Gecko) Chrome/139.0.0.0 Safari/537.36 Edg/139.0.0.0','http://localhost:8765/?r=site/contato','2025-09-06 16:37:37'),(361,2,'172.20.0.1','Mozilla/5.0 (Windows NT 10.0; Win64; x64) AppleWebKit/537.36 (KHTML, like Gecko) Chrome/139.0.0.0 Safari/537.36 Edg/139.0.0.0','http://localhost:8765/?r=site/contato','2025-09-06 16:38:06'),(362,2,'172.20.0.1','Mozilla/5.0 (Windows NT 10.0; Win64; x64) AppleWebKit/537.36 (KHTML, like Gecko) Chrome/139.0.0.0 Safari/537.36 Edg/139.0.0.0','http://localhost:8765/?r=site/contato','2025-09-06 16:38:22'),(363,2,'172.20.0.1','Mozilla/5.0 (Windows NT 10.0; Win64; x64) AppleWebKit/537.36 (KHTML, like Gecko) Chrome/139.0.0.0 Safari/537.36 Edg/139.0.0.0','http://localhost:8765/?r=site/contato','2025-09-06 16:38:55'),(364,2,'172.20.0.1','Mozilla/5.0 (Windows NT 10.0; Win64; x64) AppleWebKit/537.36 (KHTML, like Gecko) Chrome/139.0.0.0 Safari/537.36 Edg/139.0.0.0','http://localhost:8765/?r=site/termos','2025-09-06 16:56:29'),(365,2,'172.20.0.1','Mozilla/5.0 (Windows NT 10.0; Win64; x64) AppleWebKit/537.36 (KHTML, like Gecko) Chrome/139.0.0.0 Safari/537.36 Edg/139.0.0.0','http://localhost:8765/?r=site/termos','2025-09-06 16:56:29'),(366,2,'172.20.0.1','Mozilla/5.0 (Windows NT 10.0; Win64; x64) AppleWebKit/537.36 (KHTML, like Gecko) Chrome/139.0.0.0 Safari/537.36 Edg/139.0.0.0','http://localhost:8765/?r=site/termos','2025-09-06 16:56:29'),(367,2,'172.20.0.1','Mozilla/5.0 (Windows NT 10.0; Win64; x64) AppleWebKit/537.36 (KHTML, like Gecko) Chrome/139.0.0.0 Safari/537.36 Edg/139.0.0.0','http://localhost:8765/?r=site/termos','2025-09-06 16:56:29'),(368,2,'172.20.0.1','Mozilla/5.0 (Windows NT 10.0; Win64; x64) AppleWebKit/537.36 (KHTML, like Gecko) Chrome/139.0.0.0 Safari/537.36 Edg/139.0.0.0','http://localhost:8765/?r=site/termos','2025-09-06 17:01:14'),(369,2,'172.20.0.1','Mozilla/5.0 (Windows NT 10.0; Win64; x64) AppleWebKit/537.36 (KHTML, like Gecko) Chrome/139.0.0.0 Safari/537.36 Edg/139.0.0.0','http://localhost:8765/?r=site/termos','2025-09-06 17:01:14'),(370,2,'172.20.0.1','Mozilla/5.0 (Windows NT 10.0; Win64; x64) AppleWebKit/537.36 (KHTML, like Gecko) Chrome/139.0.0.0 Safari/537.36 Edg/139.0.0.0','http://localhost:8765/?r=site/termos','2025-09-06 17:01:14'),(371,2,'172.20.0.1','Mozilla/5.0 (Windows NT 10.0; Win64; x64) AppleWebKit/537.36 (KHTML, like Gecko) Chrome/139.0.0.0 Safari/537.36 Edg/139.0.0.0','http://localhost:8765/?r=site/termos','2025-09-06 17:01:14'),(372,2,'172.20.0.1','Mozilla/5.0 (Windows NT 10.0; Win64; x64) AppleWebKit/537.36 (KHTML, like Gecko) Chrome/139.0.0.0 Safari/537.36 Edg/139.0.0.0','http://localhost:8765/?r=site/termos','2025-09-06 17:06:02'),(373,2,'172.20.0.1','Mozilla/5.0 (Windows NT 10.0; Win64; x64) AppleWebKit/537.36 (KHTML, like Gecko) Chrome/139.0.0.0 Safari/537.36 Edg/139.0.0.0','http://localhost:8765/?r=site/termos','2025-09-06 17:06:02'),(374,2,'172.20.0.1','Mozilla/5.0 (Windows NT 10.0; Win64; x64) AppleWebKit/537.36 (KHTML, like Gecko) Chrome/139.0.0.0 Safari/537.36 Edg/139.0.0.0','http://localhost:8765/?r=site/termos','2025-09-06 17:06:02'),(375,2,'172.20.0.1','Mozilla/5.0 (Windows NT 10.0; Win64; x64) AppleWebKit/537.36 (KHTML, like Gecko) Chrome/139.0.0.0 Safari/537.36 Edg/139.0.0.0','http://localhost:8765/?r=site/termos','2025-09-06 17:06:03'),(376,2,'172.20.0.1','Mozilla/5.0 (Windows NT 10.0; Win64; x64) AppleWebKit/537.36 (KHTML, like Gecko) Chrome/139.0.0.0 Safari/537.36 Edg/139.0.0.0','http://localhost:8765/?r=auth/register','2025-09-06 17:20:08'),(377,2,'172.20.0.1','Mozilla/5.0 (Windows NT 10.0; Win64; x64) AppleWebKit/537.36 (KHTML, like Gecko) Chrome/139.0.0.0 Safari/537.36 Edg/139.0.0.0','http://localhost:8765/?r=auth/register','2025-09-06 17:20:08'),(378,2,'172.20.0.1','Mozilla/5.0 (Windows NT 10.0; Win64; x64) AppleWebKit/537.36 (KHTML, like Gecko) Chrome/139.0.0.0 Safari/537.36 Edg/139.0.0.0','http://localhost:8765/?r=auth/register','2025-09-06 17:20:08'),(379,2,'172.20.0.1','Mozilla/5.0 (Windows NT 10.0; Win64; x64) AppleWebKit/537.36 (KHTML, like Gecko) Chrome/139.0.0.0 Safari/537.36 Edg/139.0.0.0','http://localhost:8765/?r=auth/register','2025-09-06 17:20:08'),(380,2,'172.20.0.1','Mozilla/5.0 (Windows NT 10.0; Win64; x64) AppleWebKit/537.36 (KHTML, like Gecko) Chrome/139.0.0.0 Safari/537.36 Edg/139.0.0.0','http://localhost:8765/?r=auth/register','2025-09-06 17:31:41'),(381,2,'172.20.0.1','Mozilla/5.0 (Windows NT 10.0; Win64; x64) AppleWebKit/537.36 (KHTML, like Gecko) Chrome/139.0.0.0 Safari/537.36 Edg/139.0.0.0','http://localhost:8765/?r=auth/register','2025-09-06 17:31:41'),(382,2,'172.20.0.1','Mozilla/5.0 (Windows NT 10.0; Win64; x64) AppleWebKit/537.36 (KHTML, like Gecko) Chrome/139.0.0.0 Safari/537.36 Edg/139.0.0.0','http://localhost:8765/?r=auth/register','2025-09-06 17:31:41'),(383,2,'172.20.0.1','Mozilla/5.0 (Windows NT 10.0; Win64; x64) AppleWebKit/537.36 (KHTML, like Gecko) Chrome/139.0.0.0 Safari/537.36 Edg/139.0.0.0','http://localhost:8765/?r=auth/register','2025-09-06 17:31:42'),(384,2,'172.20.0.1','Mozilla/5.0 (Windows NT 10.0; Win64; x64) AppleWebKit/537.36 (KHTML, like Gecko) Chrome/139.0.0.0 Safari/537.36 Edg/139.0.0.0','http://localhost:8765/?r=auth/register','2025-09-06 17:42:54'),(385,2,'172.20.0.1','Mozilla/5.0 (Windows NT 10.0; Win64; x64) AppleWebKit/537.36 (KHTML, like Gecko) Chrome/139.0.0.0 Safari/537.36 Edg/139.0.0.0','http://localhost:8765/?r=auth/register','2025-09-06 17:42:54'),(386,2,'172.20.0.1','Mozilla/5.0 (Windows NT 10.0; Win64; x64) AppleWebKit/537.36 (KHTML, like Gecko) Chrome/139.0.0.0 Safari/537.36 Edg/139.0.0.0','http://localhost:8765/?r=auth/register','2025-09-06 17:42:55'),(387,2,'172.20.0.1','Mozilla/5.0 (Windows NT 10.0; Win64; x64) AppleWebKit/537.36 (KHTML, like Gecko) Chrome/139.0.0.0 Safari/537.36 Edg/139.0.0.0','http://localhost:8765/?r=auth/register','2025-09-06 17:42:55'),(388,2,'172.20.0.1','Mozilla/5.0 (Windows NT 10.0; Win64; x64) AppleWebKit/537.36 (KHTML, like Gecko) Chrome/139.0.0.0 Safari/537.36 Edg/139.0.0.0','http://localhost:8765/?r=auth/register','2025-09-06 17:43:57'),(389,2,'172.20.0.1','Mozilla/5.0 (Windows NT 10.0; Win64; x64) AppleWebKit/537.36 (KHTML, like Gecko) Chrome/139.0.0.0 Safari/537.36 Edg/139.0.0.0','http://localhost:8765/?r=auth/register','2025-09-06 17:43:57'),(390,2,'172.20.0.1','Mozilla/5.0 (Windows NT 10.0; Win64; x64) AppleWebKit/537.36 (KHTML, like Gecko) Chrome/139.0.0.0 Safari/537.36 Edg/139.0.0.0','http://localhost:8765/?r=auth/register','2025-09-06 17:43:57'),(391,2,'172.20.0.1','Mozilla/5.0 (Windows NT 10.0; Win64; x64) AppleWebKit/537.36 (KHTML, like Gecko) Chrome/139.0.0.0 Safari/537.36 Edg/139.0.0.0','http://localhost:8765/?r=auth/register','2025-09-06 17:43:58'),(392,2,'172.20.0.1','Mozilla/5.0 (Windows NT 10.0; Win64; x64) AppleWebKit/537.36 (KHTML, like Gecko) Chrome/139.0.0.0 Safari/537.36 Edg/139.0.0.0','http://localhost:8765/?r=auth/register','2025-09-06 17:44:20'),(393,2,'172.20.0.1','Mozilla/5.0 (Windows NT 10.0; Win64; x64) AppleWebKit/537.36 (KHTML, like Gecko) Chrome/139.0.0.0 Safari/537.36 Edg/139.0.0.0','http://localhost:8765/?r=auth/register','2025-09-06 17:44:20'),(394,2,'172.20.0.1','Mozilla/5.0 (Windows NT 10.0; Win64; x64) AppleWebKit/537.36 (KHTML, like Gecko) Chrome/139.0.0.0 Safari/537.36 Edg/139.0.0.0','http://localhost:8765/?r=auth/register','2025-09-06 17:44:20'),(395,2,'172.20.0.1','Mozilla/5.0 (Windows NT 10.0; Win64; x64) AppleWebKit/537.36 (KHTML, like Gecko) Chrome/139.0.0.0 Safari/537.36 Edg/139.0.0.0','http://localhost:8765/?r=auth/register','2025-09-06 17:44:20'),(396,2,'172.20.0.1','Mozilla/5.0 (Windows NT 10.0; Win64; x64) AppleWebKit/537.36 (KHTML, like Gecko) Chrome/139.0.0.0 Safari/537.36 Edg/139.0.0.0','http://localhost:8765/?r=site/faq','2025-09-06 17:44:37'),(397,2,'172.20.0.1','Mozilla/5.0 (Windows NT 10.0; Win64; x64) AppleWebKit/537.36 (KHTML, like Gecko) Chrome/139.0.0.0 Safari/537.36 Edg/139.0.0.0','http://localhost:8765/?r=site/faq','2025-09-06 17:44:37'),(398,2,'172.20.0.1','Mozilla/5.0 (Windows NT 10.0; Win64; x64) AppleWebKit/537.36 (KHTML, like Gecko) Chrome/139.0.0.0 Safari/537.36 Edg/139.0.0.0','http://localhost:8765/?r=site/faq','2025-09-06 17:44:37'),(399,2,'172.20.0.1','Mozilla/5.0 (Windows NT 10.0; Win64; x64) AppleWebKit/537.36 (KHTML, like Gecko) Chrome/139.0.0.0 Safari/537.36 Edg/139.0.0.0','http://localhost:8765/?r=site/faq','2025-09-06 17:44:37'),(400,2,'172.20.0.1','Mozilla/5.0 (Windows NT 10.0; Win64; x64) AppleWebKit/537.36 (KHTML, like Gecko) Chrome/139.0.0.0 Safari/537.36 Edg/139.0.0.0','http://localhost:8765/?r=auth/register','2025-09-06 17:44:40'),(401,2,'172.20.0.1','Mozilla/5.0 (Windows NT 10.0; Win64; x64) AppleWebKit/537.36 (KHTML, like Gecko) Chrome/139.0.0.0 Safari/537.36 Edg/139.0.0.0','http://localhost:8765/?r=auth/register','2025-09-06 17:44:40'),(402,2,'172.20.0.1','Mozilla/5.0 (Windows NT 10.0; Win64; x64) AppleWebKit/537.36 (KHTML, like Gecko) Chrome/139.0.0.0 Safari/537.36 Edg/139.0.0.0','http://localhost:8765/?r=auth/register','2025-09-06 17:44:40'),(403,2,'172.20.0.1','Mozilla/5.0 (Windows NT 10.0; Win64; x64) AppleWebKit/537.36 (KHTML, like Gecko) Chrome/139.0.0.0 Safari/537.36 Edg/139.0.0.0','http://localhost:8765/?r=auth/register','2025-09-06 17:44:40'),(404,2,'172.20.0.1','Mozilla/5.0 (Windows NT 10.0; Win64; x64) AppleWebKit/537.36 (KHTML, like Gecko) Chrome/139.0.0.0 Safari/537.36 Edg/139.0.0.0','http://localhost:8765/?r=auth/register','2025-09-06 17:50:08'),(405,2,'172.20.0.1','Mozilla/5.0 (Windows NT 10.0; Win64; x64) AppleWebKit/537.36 (KHTML, like Gecko) Chrome/139.0.0.0 Safari/537.36 Edg/139.0.0.0','http://localhost:8765/?r=auth/register','2025-09-06 17:50:08'),(406,2,'172.20.0.1','Mozilla/5.0 (Windows NT 10.0; Win64; x64) AppleWebKit/537.36 (KHTML, like Gecko) Chrome/139.0.0.0 Safari/537.36 Edg/139.0.0.0','http://localhost:8765/?r=auth/register','2025-09-06 17:50:08'),(407,2,'172.20.0.1','Mozilla/5.0 (Windows NT 10.0; Win64; x64) AppleWebKit/537.36 (KHTML, like Gecko) Chrome/139.0.0.0 Safari/537.36 Edg/139.0.0.0','http://localhost:8765/?r=auth/register','2025-09-06 17:50:08'),(408,2,'172.20.0.1','Mozilla/5.0 (Windows NT 10.0; Win64; x64) AppleWebKit/537.36 (KHTML, like Gecko) Chrome/139.0.0.0 Safari/537.36 Edg/139.0.0.0','http://localhost:8765/?r=site/termos','2025-09-06 17:50:18'),(409,2,'172.20.0.1','Mozilla/5.0 (Windows NT 10.0; Win64; x64) AppleWebKit/537.36 (KHTML, like Gecko) Chrome/139.0.0.0 Safari/537.36 Edg/139.0.0.0','http://localhost:8765/?r=site/termos','2025-09-06 17:50:18'),(410,2,'172.20.0.1','Mozilla/5.0 (Windows NT 10.0; Win64; x64) AppleWebKit/537.36 (KHTML, like Gecko) Chrome/139.0.0.0 Safari/537.36 Edg/139.0.0.0','http://localhost:8765/?r=site/termos','2025-09-06 17:50:18'),(411,2,'172.20.0.1','Mozilla/5.0 (Windows NT 10.0; Win64; x64) AppleWebKit/537.36 (KHTML, like Gecko) Chrome/139.0.0.0 Safari/537.36 Edg/139.0.0.0','http://localhost:8765/?r=site/termos','2025-09-06 17:50:18'),(412,2,'172.20.0.1','Mozilla/5.0 (Windows NT 10.0; Win64; x64) AppleWebKit/537.36 (KHTML, like Gecko) Chrome/139.0.0.0 Safari/537.36 Edg/139.0.0.0','http://localhost:8765/?r=auth/login','2025-09-06 17:50:22'),(413,2,'172.20.0.1','Mozilla/5.0 (Windows NT 10.0; Win64; x64) AppleWebKit/537.36 (KHTML, like Gecko) Chrome/139.0.0.0 Safari/537.36 Edg/139.0.0.0','http://localhost:8765/?r=auth/login','2025-09-06 17:50:22'),(414,2,'172.20.0.1','Mozilla/5.0 (Windows NT 10.0; Win64; x64) AppleWebKit/537.36 (KHTML, like Gecko) Chrome/139.0.0.0 Safari/537.36 Edg/139.0.0.0','http://localhost:8765/?r=auth/login','2025-09-06 17:50:22'),(415,2,'172.20.0.1','Mozilla/5.0 (Windows NT 10.0; Win64; x64) AppleWebKit/537.36 (KHTML, like Gecko) Chrome/139.0.0.0 Safari/537.36 Edg/139.0.0.0','http://localhost:8765/?r=auth/login','2025-09-06 17:50:22'),(416,2,'172.20.0.1','Mozilla/5.0 (Windows NT 10.0; Win64; x64) AppleWebKit/537.36 (KHTML, like Gecko) Chrome/139.0.0.0 Safari/537.36 Edg/139.0.0.0','http://localhost:8765/?r=auth/login','2025-09-06 17:50:54'),(417,2,'172.20.0.1','Mozilla/5.0 (Windows NT 10.0; Win64; x64) AppleWebKit/537.36 (KHTML, like Gecko) Chrome/139.0.0.0 Safari/537.36 Edg/139.0.0.0','http://localhost:8765/?r=auth/login','2025-09-06 17:50:54'),(418,2,'172.20.0.1','Mozilla/5.0 (Windows NT 10.0; Win64; x64) AppleWebKit/537.36 (KHTML, like Gecko) Chrome/139.0.0.0 Safari/537.36 Edg/139.0.0.0','http://localhost:8765/?r=auth/login','2025-09-06 17:50:54'),(419,2,'172.20.0.1','Mozilla/5.0 (Windows NT 10.0; Win64; x64) AppleWebKit/537.36 (KHTML, like Gecko) Chrome/139.0.0.0 Safari/537.36 Edg/139.0.0.0','http://localhost:8765/?r=auth/login','2025-09-06 17:50:54'),(420,2,'172.20.0.1','Mozilla/5.0 (Windows NT 10.0; Win64; x64) AppleWebKit/537.36 (KHTML, like Gecko) Chrome/139.0.0.0 Safari/537.36 Edg/139.0.0.0','http://localhost:8765/?r=auth/login','2025-09-06 17:51:10'),(421,2,'172.20.0.1','Mozilla/5.0 (Windows NT 10.0; Win64; x64) AppleWebKit/537.36 (KHTML, like Gecko) Chrome/139.0.0.0 Safari/537.36 Edg/139.0.0.0','http://localhost:8765/?r=auth/login','2025-09-06 17:51:10'),(422,2,'172.20.0.1','Mozilla/5.0 (Windows NT 10.0; Win64; x64) AppleWebKit/537.36 (KHTML, like Gecko) Chrome/139.0.0.0 Safari/537.36 Edg/139.0.0.0','http://localhost:8765/?r=auth/login','2025-09-06 17:51:10'),(423,2,'172.20.0.1','Mozilla/5.0 (Windows NT 10.0; Win64; x64) AppleWebKit/537.36 (KHTML, like Gecko) Chrome/139.0.0.0 Safari/537.36 Edg/139.0.0.0','http://localhost:8765/?r=auth/login','2025-09-06 17:51:10'),(424,2,'172.20.0.1','Mozilla/5.0 (Windows NT 10.0; Win64; x64) AppleWebKit/537.36 (KHTML, like Gecko) Chrome/139.0.0.0 Safari/537.36 Edg/139.0.0.0','http://localhost:8765/?r=auth/login','2025-09-06 17:51:29'),(425,2,'172.20.0.1','Mozilla/5.0 (Windows NT 10.0; Win64; x64) AppleWebKit/537.36 (KHTML, like Gecko) Chrome/139.0.0.0 Safari/537.36 Edg/139.0.0.0','http://localhost:8765/?r=auth/login','2025-09-06 17:51:29'),(426,2,'172.20.0.1','Mozilla/5.0 (Windows NT 10.0; Win64; x64) AppleWebKit/537.36 (KHTML, like Gecko) Chrome/139.0.0.0 Safari/537.36 Edg/139.0.0.0','http://localhost:8765/?r=auth/login','2025-09-06 17:51:29'),(427,2,'172.20.0.1','Mozilla/5.0 (Windows NT 10.0; Win64; x64) AppleWebKit/537.36 (KHTML, like Gecko) Chrome/139.0.0.0 Safari/537.36 Edg/139.0.0.0','http://localhost:8765/?r=auth/login','2025-09-06 17:51:29'),(428,2,'172.20.0.1','Mozilla/5.0 (Windows NT 10.0; Win64; x64) AppleWebKit/537.36 (KHTML, like Gecko) Chrome/139.0.0.0 Safari/537.36 Edg/139.0.0.0','http://localhost:8765/?r=auth/login','2025-09-06 17:52:06'),(429,2,'172.20.0.1','Mozilla/5.0 (Windows NT 10.0; Win64; x64) AppleWebKit/537.36 (KHTML, like Gecko) Chrome/139.0.0.0 Safari/537.36 Edg/139.0.0.0','http://localhost:8765/?r=auth/login','2025-09-06 17:52:06'),(430,2,'172.20.0.1','Mozilla/5.0 (Windows NT 10.0; Win64; x64) AppleWebKit/537.36 (KHTML, like Gecko) Chrome/139.0.0.0 Safari/537.36 Edg/139.0.0.0','http://localhost:8765/?r=auth/login','2025-09-06 17:52:06'),(431,2,'172.20.0.1','Mozilla/5.0 (Windows NT 10.0; Win64; x64) AppleWebKit/537.36 (KHTML, like Gecko) Chrome/139.0.0.0 Safari/537.36 Edg/139.0.0.0','http://localhost:8765/?r=auth/login','2025-09-06 17:52:06'),(432,2,'172.20.0.1','Mozilla/5.0 (Windows NT 10.0; Win64; x64) AppleWebKit/537.36 (KHTML, like Gecko) Chrome/139.0.0.0 Safari/537.36 Edg/139.0.0.0','http://localhost:8765/?r=auth/login','2025-09-06 17:56:01'),(433,2,'172.20.0.1','Mozilla/5.0 (Windows NT 10.0; Win64; x64) AppleWebKit/537.36 (KHTML, like Gecko) Chrome/139.0.0.0 Safari/537.36 Edg/139.0.0.0','http://localhost:8765/?r=auth/login','2025-09-06 17:56:01'),(434,2,'172.20.0.1','Mozilla/5.0 (Windows NT 10.0; Win64; x64) AppleWebKit/537.36 (KHTML, like Gecko) Chrome/139.0.0.0 Safari/537.36 Edg/139.0.0.0','http://localhost:8765/?r=auth/login','2025-09-06 17:56:01');
/*!40000 ALTER TABLE `partner_ad_impressions` ENABLE KEYS */;
UNLOCK TABLES;

--
-- Table structure for table `partner_ad_invoices`
--

DROP TABLE IF EXISTS `partner_ad_invoices`;
/*!40101 SET @saved_cs_client     = @@character_set_client */;
/*!50503 SET character_set_client = utf8mb4 */;
CREATE TABLE `partner_ad_invoices` (
  `id` bigint unsigned NOT NULL AUTO_INCREMENT,
  `ad_order_id` bigint unsigned NOT NULL,
  `asaas_payment_id` varchar(64) NOT NULL,
  `value` decimal(10,2) NOT NULL,
  `status` varchar(40) NOT NULL,
  `due_date` date DEFAULT NULL,
  `paid_at` datetime DEFAULT NULL,
  `raw` json DEFAULT NULL,
  `created_at` timestamp NOT NULL DEFAULT CURRENT_TIMESTAMP,
  PRIMARY KEY (`id`),
  KEY `idx_adinv_order` (`ad_order_id`),
  KEY `idx_adinv_asaas` (`asaas_payment_id`),
  CONSTRAINT `fk_adinv_order` FOREIGN KEY (`ad_order_id`) REFERENCES `partner_ad_orders` (`id`)
) ENGINE=InnoDB DEFAULT CHARSET=utf8mb4 COLLATE=utf8mb4_0900_ai_ci;
/*!40101 SET character_set_client = @saved_cs_client */;

--
-- Dumping data for table `partner_ad_invoices`
--

LOCK TABLES `partner_ad_invoices` WRITE;
/*!40000 ALTER TABLE `partner_ad_invoices` DISABLE KEYS */;
/*!40000 ALTER TABLE `partner_ad_invoices` ENABLE KEYS */;
UNLOCK TABLES;

--
-- Table structure for table `partner_ad_orders`
--

DROP TABLE IF EXISTS `partner_ad_orders`;
/*!40101 SET @saved_cs_client     = @@character_set_client */;
/*!50503 SET character_set_client = utf8mb4 */;
CREATE TABLE `partner_ad_orders` (
  `id` bigint unsigned NOT NULL AUTO_INCREMENT,
  `partner_id` bigint unsigned NOT NULL,
  `user_id` bigint unsigned NOT NULL,
  `plan_id` bigint unsigned NOT NULL,
  `campaign_id` bigint unsigned DEFAULT NULL,
  `title` varchar(160) NOT NULL,
  `banner_image` varchar(255) DEFAULT NULL,
  `target_url` varchar(255) DEFAULT NULL,
  `placements` json DEFAULT NULL,
  `specialties` json DEFAULT NULL,
  `start_at` datetime DEFAULT NULL,
  `end_at` datetime DEFAULT NULL,
  `status` enum('draft','pending_payment','active','paused','exhausted','canceled') NOT NULL DEFAULT 'pending_payment',
  `quota_total` int NOT NULL,
  `quota_used` int NOT NULL DEFAULT '0',
  `asaas_invoice_id` varchar(64) DEFAULT NULL,
  `amount` decimal(10,2) NOT NULL DEFAULT '0.00',
  `paid_at` datetime DEFAULT NULL,
  `created_at` timestamp NOT NULL DEFAULT CURRENT_TIMESTAMP,
  `updated_at` timestamp NULL DEFAULT NULL ON UPDATE CURRENT_TIMESTAMP,
  PRIMARY KEY (`id`),
  KEY `idx_adorders_partner` (`partner_id`),
  KEY `idx_adorders_user` (`user_id`),
  KEY `idx_adorders_plan` (`plan_id`),
  KEY `idx_adorders_campaign` (`campaign_id`),
  CONSTRAINT `fk_adorders_campaign` FOREIGN KEY (`campaign_id`) REFERENCES `partner_ad_campaigns` (`id`),
  CONSTRAINT `fk_adorders_partner` FOREIGN KEY (`partner_id`) REFERENCES `partners` (`id`),
  CONSTRAINT `fk_adorders_plan` FOREIGN KEY (`plan_id`) REFERENCES `ad_plans` (`id`),
  CONSTRAINT `fk_adorders_user` FOREIGN KEY (`user_id`) REFERENCES `users` (`id`)
) ENGINE=InnoDB AUTO_INCREMENT=7 DEFAULT CHARSET=utf8mb4 COLLATE=utf8mb4_0900_ai_ci;
/*!40101 SET character_set_client = @saved_cs_client */;

--
-- Dumping data for table `partner_ad_orders`
--

LOCK TABLES `partner_ad_orders` WRITE;
/*!40000 ALTER TABLE `partner_ad_orders` DISABLE KEYS */;
INSERT INTO `partner_ad_orders` VALUES (1,1,11,1,1,'Clinica Aviv CheckUP',NULL,NULL,'[]','[]',NULL,NULL,'pending_payment',500,0,NULL,0.00,NULL,'2025-09-05 02:11:43',NULL),(2,1,11,4,1,'Clinica Aviv CheckUP',NULL,NULL,'[]','[]',NULL,NULL,'active',20000,434,NULL,10.00,'2025-09-05 11:17:30','2025-09-05 02:11:50','2025-09-06 17:56:01'),(3,1,11,4,1,'Clinica Aviv CheckUP',NULL,NULL,'[]','[]',NULL,NULL,'pending_payment',20000,0,NULL,10.00,NULL,'2025-09-05 02:57:03',NULL),(4,1,11,4,1,'Clinica Aviv CheckUP',NULL,NULL,'[]','[]',NULL,NULL,'pending_payment',20000,0,NULL,10.00,NULL,'2025-09-05 12:45:45',NULL),(5,1,11,2,2,'Campanha AVIV Checkup2',NULL,NULL,'[]','[]',NULL,NULL,'pending_payment',1000,0,NULL,10.00,NULL,'2025-09-05 22:45:43',NULL),(6,1,11,2,2,'Campanha AVIV Checkup2',NULL,NULL,'[]','[]',NULL,NULL,'pending_payment',1000,0,NULL,10.00,NULL,'2025-09-05 22:45:52',NULL);
/*!40000 ALTER TABLE `partner_ad_orders` ENABLE KEYS */;
UNLOCK TABLES;

--
-- Table structure for table `partners`
--

DROP TABLE IF EXISTS `partners`;
/*!40101 SET @saved_cs_client     = @@character_set_client */;
/*!50503 SET character_set_client = utf8mb4 */;
CREATE TABLE `partners` (
  `id` bigint unsigned NOT NULL AUTO_INCREMENT,
  `user_id` bigint unsigned NOT NULL,
  `business_name` varchar(160) NOT NULL,
  `cnpj` varchar(32) DEFAULT NULL,
  `segment` varchar(80) DEFAULT NULL,
  `city` varchar(80) DEFAULT NULL,
  `status` enum('pending','approved','rejected') NOT NULL DEFAULT 'pending',
  `created_at` timestamp NOT NULL DEFAULT CURRENT_TIMESTAMP,
  PRIMARY KEY (`id`),
  KEY `fk_partners_user` (`user_id`),
  CONSTRAINT `fk_partners_user` FOREIGN KEY (`user_id`) REFERENCES `users` (`id`)
) ENGINE=InnoDB AUTO_INCREMENT=2 DEFAULT CHARSET=utf8mb4 COLLATE=utf8mb4_0900_ai_ci;
/*!40101 SET character_set_client = @saved_cs_client */;

--
-- Dumping data for table `partners`
--

LOCK TABLES `partners` WRITE;
/*!40000 ALTER TABLE `partners` DISABLE KEYS */;
INSERT INTO `partners` VALUES (1,11,'afiliado 7',NULL,NULL,NULL,'pending','2025-09-05 01:40:48');
/*!40000 ALTER TABLE `partners` ENABLE KEYS */;
UNLOCK TABLES;

--
-- Table structure for table `plans`
--

DROP TABLE IF EXISTS `plans`;
/*!40101 SET @saved_cs_client     = @@character_set_client */;
/*!50503 SET character_set_client = utf8mb4 */;
CREATE TABLE `plans` (
  `id` varchar(32) NOT NULL,
  `name` varchar(80) NOT NULL,
  `description` text,
  `monthly_price` decimal(10,2) DEFAULT '0.00',
  `yearly_monthly_price` decimal(10,2) DEFAULT NULL,
  `status` enum('active','inactive') NOT NULL DEFAULT 'active',
  `features` json DEFAULT NULL,
  `price_monthly` decimal(10,2) DEFAULT '0.00',
  `price_yearly` decimal(10,2) DEFAULT '0.00',
  `sort_order` int DEFAULT '0',
  `created_at` datetime DEFAULT CURRENT_TIMESTAMP,
  PRIMARY KEY (`id`)
) ENGINE=InnoDB DEFAULT CHARSET=utf8mb4 COLLATE=utf8mb4_0900_ai_ci;
/*!40101 SET character_set_client = @saved_cs_client */;

--
-- Dumping data for table `plans`
--

LOCK TABLES `plans` WRITE;
/*!40000 ALTER TABLE `plans` DISABLE KEYS */;
INSERT INTO `plans` VALUES ('Blaster','Blaster','teste7;\nteste8;',0.00,NULL,'active',NULL,90.00,900.00,5,'2025-08-25 11:47:58'),('Free','Free',NULL,0.00,NULL,'active',NULL,0.00,0.00,1,'2025-08-26 17:30:53'),('plus','Plus','teste3;\nteste4;',39.90,33.90,'active','[\"Tudo do Start\", \"Mais cupons\", \"Suporte priorizado\"]',39.90,0.00,3,'2025-08-24 14:48:10'),('start','Starter','teste1;\nteste2;',19.90,16.90,'active','[\"Carteirinha digital\", \"Rede de parceiros\"]',19.00,200.00,2,'2025-08-24 14:48:10'),('ultimate','Ultimate','teste5;\nteste6;',0.00,NULL,'active',NULL,39.00,299.00,4,'2025-08-24 15:00:08');
/*!40000 ALTER TABLE `plans` ENABLE KEYS */;
UNLOCK TABLES;

--
-- Table structure for table `settings`
--

DROP TABLE IF EXISTS `settings`;
/*!40101 SET @saved_cs_client     = @@character_set_client */;
/*!50503 SET character_set_client = utf8mb4 */;
CREATE TABLE `settings` (
  `k` varchar(64) NOT NULL,
  `v` text NOT NULL,
  PRIMARY KEY (`k`)
) ENGINE=InnoDB DEFAULT CHARSET=utf8mb4 COLLATE=utf8mb4_0900_ai_ci;
/*!40101 SET character_set_client = @saved_cs_client */;

--
-- Dumping data for table `settings`
--

LOCK TABLES `settings` WRITE;
/*!40000 ALTER TABLE `settings` DISABLE KEYS */;
INSERT INTO `settings` VALUES ('affiliate.cookie_days','30'),('affiliate.min_payout','50'),('affiliate.percent','20');
/*!40000 ALTER TABLE `settings` ENABLE KEYS */;
UNLOCK TABLES;

--
-- Table structure for table `subscriptions`
--

DROP TABLE IF EXISTS `subscriptions`;
/*!40101 SET @saved_cs_client     = @@character_set_client */;
/*!50503 SET character_set_client = utf8mb4 */;
CREATE TABLE `subscriptions` (
  `id` bigint unsigned NOT NULL AUTO_INCREMENT,
  `user_id` bigint unsigned NOT NULL,
  `plan_id` varchar(32) NOT NULL,
  `cycle` enum('monthly','yearly') NOT NULL DEFAULT 'monthly',
  `billing_period` enum('monthly','annual') NOT NULL DEFAULT 'monthly',
  `asaas_customer_id` varchar(64) DEFAULT NULL,
  `asaas_subscription_id` varchar(64) DEFAULT NULL,
  `status` varchar(20) NOT NULL,
  `started_at` date NOT NULL,
  `renew_at` date DEFAULT NULL,
  `amount` decimal(10,2) NOT NULL DEFAULT '0.00',
  `created_at` timestamp NOT NULL DEFAULT CURRENT_TIMESTAMP,
  `updated_at` timestamp NULL DEFAULT NULL ON UPDATE CURRENT_TIMESTAMP,
  PRIMARY KEY (`id`),
  KEY `fk_sub_plan` (`plan_id`),
  KEY `idx_sub_user` (`user_id`),
  KEY `idx_sub_asaas` (`asaas_subscription_id`),
  CONSTRAINT `fk_sub_plan` FOREIGN KEY (`plan_id`) REFERENCES `plans` (`id`),
  CONSTRAINT `fk_sub_user` FOREIGN KEY (`user_id`) REFERENCES `users` (`id`)
) ENGINE=InnoDB AUTO_INCREMENT=53 DEFAULT CHARSET=utf8mb4 COLLATE=utf8mb4_0900_ai_ci;
/*!40101 SET character_set_client = @saved_cs_client */;

--
-- Dumping data for table `subscriptions`
--

LOCK TABLES `subscriptions` WRITE;
/*!40000 ALTER TABLE `subscriptions` DISABLE KEYS */;
INSERT INTO `subscriptions` VALUES (1,1,'plus','monthly','monthly',NULL,NULL,'cancelada','2025-08-25','2025-09-24',39.90,'2025-08-25 06:20:03','2025-08-27 02:51:23'),(2,1,'start','monthly','monthly',NULL,NULL,'cancelada','2025-08-25','2025-09-24',19.00,'2025-08-25 06:20:12','2025-08-27 02:51:23'),(3,1,'plus','monthly','monthly',NULL,NULL,'cancelada','2025-08-25','2025-09-24',39.90,'2025-08-25 06:20:27','2025-08-27 02:51:23'),(4,1,'start','monthly','monthly',NULL,NULL,'cancelada','2025-08-25','2025-09-24',19.00,'2025-08-25 14:46:48','2025-08-27 02:51:23'),(5,1,'plus','monthly','monthly',NULL,NULL,'cancelada','2025-08-25','2025-09-24',39.90,'2025-08-25 17:19:01','2025-08-27 02:51:23'),(6,1,'Blaster','monthly','monthly',NULL,NULL,'cancelada','2025-08-25','2025-09-24',90.00,'2025-08-25 18:18:13','2025-08-27 02:03:07'),(8,3,'plus','monthly','monthly','cus_000006965903','sub_jg51aa2v8avfa0g2','ativa','2025-08-26','2025-09-25',39.90,'2025-08-26 20:20:53',NULL),(9,1,'plus','monthly','monthly','cus_000006966083','sub_w8aqe6npwmid2zrs','cancelada','2025-08-26','2025-09-25',39.90,'2025-08-26 21:22:18','2025-08-27 02:03:07'),(10,1,'Blaster','monthly','monthly','cus_000006966083','sub_76dve7k9nm1mkvmj','cancelada','2025-08-26','2025-09-25',90.00,'2025-08-26 21:45:35','2025-08-27 02:03:07'),(11,1,'plus','monthly','monthly','cus_000006966083','sub_1d0o52wyhev7ywe8','cancelada','2025-08-26','2025-09-25',39.90,'2025-08-26 22:02:07','2025-08-27 02:03:07'),(12,1,'ultimate','monthly','monthly','cus_000006966083','sub_5yya1srpt3mjskfr','cancelada','2025-08-26',NULL,39.00,'2025-08-26 22:14:55','2025-08-27 02:51:23'),(13,1,'start','monthly','monthly','cus_000006966083','sub_y8wu8v3f8yljnrmd','cancelada','2025-08-26',NULL,19.00,'2025-08-26 22:15:32','2025-08-27 02:51:23'),(14,1,'ultimate','monthly','monthly','cus_000006966083','sub_xz9lah4aolcuqd6m','cancelada','2025-08-26',NULL,39.00,'2025-08-26 22:15:41','2025-08-27 02:51:23'),(15,1,'plus','monthly','monthly','cus_000006966083','sub_jezfmvh7ovdyu11l','cancelada','2025-08-26',NULL,39.90,'2025-08-26 22:18:12','2025-08-27 02:51:23'),(16,1,'Blaster','monthly','monthly','cus_000006966083','sub_fnfhw7s54yrlck11','cancelada','2025-08-26',NULL,90.00,'2025-08-26 22:18:21','2025-08-27 02:51:23'),(17,1,'plus','monthly','monthly','cus_000006966083','sub_4a1rw7yi03ti69kx','cancelada','2025-08-26',NULL,39.90,'2025-08-26 22:18:28','2025-08-27 02:51:23'),(18,1,'ultimate','monthly','monthly','cus_000006966083','sub_stdpa40ltwfvstwb','cancelada','2025-08-26',NULL,39.00,'2025-08-26 22:18:34','2025-08-27 02:51:23'),(19,1,'plus','monthly','monthly','cus_000006966083','sub_dim0v3t4rc8wr9dh','cancelada','2025-08-26',NULL,39.90,'2025-08-26 23:19:32','2025-08-27 02:51:23'),(20,1,'start','monthly','monthly','cus_000006966366','sub_7wb7yhair0to3l4c','cancelada','2025-08-26',NULL,19.00,'2025-08-27 00:06:09','2025-08-27 02:51:23'),(21,1,'plus','monthly','monthly','cus_000006966366','sub_jdj9squ7er3m4cgt','cancelada','2025-08-26',NULL,39.90,'2025-08-27 00:06:25','2025-08-27 02:51:23'),(22,1,'plus','monthly','monthly','cus_000006966366','sub_pyjqu98vfvxmbnne','cancelada','2025-08-26',NULL,39.90,'2025-08-27 00:06:34','2025-08-27 02:51:23'),(23,1,'start','monthly','monthly','cus_000006966387','sub_gesfuvki4j65a6d8','cancelada','2025-08-26',NULL,19.00,'2025-08-27 00:19:36','2025-08-27 02:51:23'),(24,1,'plus','monthly','monthly','cus_000006966387','sub_2hxod9j6dqmdpfex','cancelada','2025-08-26','2025-08-28',39.90,'2025-08-27 00:28:21','2025-08-27 02:03:07'),(25,1,'plus','monthly','monthly','cus_000006966387','sub_8x7ltdszfzlcnsl3','cancelada','2025-08-26','2025-08-28',39.90,'2025-08-27 00:40:19','2025-08-27 02:03:07'),(26,1,'plus','monthly','monthly','cus_000006966387','sub_vffzo65nz504n248','cancelada','2025-08-26','2025-08-28',39.90,'2025-08-27 01:14:33','2025-08-27 02:03:07'),(27,1,'plus','monthly','monthly','cus_000006966387','sub_1gn75qo22d2doh1u','cancelada','2025-08-26','2025-08-28',39.90,'2025-08-27 01:36:57','2025-08-27 02:03:07'),(28,1,'plus','monthly','monthly','cus_000006966387','sub_48tatq7jho0969u8','cancelada','2025-08-26','2025-08-28',39.90,'2025-08-27 01:48:09','2025-08-27 02:03:07'),(29,1,'ultimate','monthly','monthly','cus_000006966387','sub_oj7reiut2zzofzz1','cancelada','2025-08-26','2025-08-28',39.00,'2025-08-27 01:51:28','2025-08-27 02:03:07'),(30,1,'plus','monthly','monthly','cus_000006966387','sub_m37otvjawtmxk9dz','cancelada','2025-08-26','2025-08-28',39.90,'2025-08-27 02:02:43','2025-08-27 02:51:23'),(31,1,'plus','monthly','monthly','cus_000006966387','sub_bkfv6nk32zy2iv68','cancelada','2025-08-26','2025-08-28',39.90,'2025-08-27 02:05:13','2025-08-27 02:51:23'),(32,1,'plus','monthly','monthly','cus_000006966387','sub_67szm169bttn99wo','cancelada','2025-08-26','2025-08-28',39.90,'2025-08-27 02:12:02','2025-08-27 03:28:50'),(33,1,'Blaster','monthly','monthly','cus_000006966387','sub_grpg69iludfrtd6w','cancelada','2025-08-26','2025-08-28',90.00,'2025-08-27 02:49:03','2025-08-27 02:51:23'),(34,1,'Blaster','monthly','monthly','cus_000006966387','sub_z2aye2fr8efvfue5','cancelada','2025-08-26','2025-08-28',90.00,'2025-08-27 02:50:47','2025-08-27 03:28:50'),(35,1,'plus','monthly','monthly','cus_000006966387','sub_0fy0e3k251d6nv7a','cancelada','2025-08-27','2025-08-28',39.90,'2025-08-27 03:00:02','2025-08-27 03:28:50'),(36,1,'start','monthly','monthly','cus_000006966387','sub_cr0mzl8tlvsbq9fj','cancelada','2025-08-27','2025-08-28',19.00,'2025-08-27 03:05:39','2025-08-27 03:28:50'),(37,1,'Blaster','monthly','monthly','cus_000006966387','sub_ygvrn3twrvo72zkq','cancelada','2025-08-27','2025-08-28',90.00,'2025-08-27 03:05:53','2025-08-27 03:28:50'),(38,1,'Blaster','monthly','monthly','cus_000006966387','sub_qif0lu19x18se0zp','cancelada','2025-08-27','2025-08-28',90.00,'2025-08-27 03:16:59','2025-08-27 03:28:50'),(39,1,'start','monthly','monthly','cus_000006966387','sub_y6vq2xdsun2tum47','cancelada','2025-08-27','2025-08-28',19.00,'2025-08-27 03:28:27','2025-08-27 03:29:30'),(40,1,'start','monthly','monthly','cus_000006966387','sub_5nqj2eqh5twmg2bb','ativa','2025-08-27','2025-08-28',19.00,'2025-08-27 03:29:13','2025-08-27 04:07:27'),(41,8,'start','monthly','monthly','cus_000006995636','sub_r4hj5fywhusywdwm','suspensa','2025-09-04','2025-09-05',19.00,'2025-09-04 14:40:39',NULL),(42,9,'start','monthly','monthly','cus_000006995743','sub_9isdvmdj1qywd1dg','suspensa','2025-09-04','2025-09-05',19.00,'2025-09-04 15:12:12','2025-09-04 23:00:27'),(43,10,'start','monthly','monthly','cus_000006995906','sub_f8j4lu2vcsphl2oo','suspensa','2025-09-04','2025-09-05',19.00,'2025-09-04 16:27:58',NULL),(44,12,'start','monthly','monthly','cus_000006996552','sub_bhxdz3xhqsrzmpzd','cancelada','2025-09-04','2025-09-05',19.00,'2025-09-04 19:39:50','2025-09-04 21:43:07'),(45,12,'start','monthly','monthly','cus_000006996552','sub_uv83yuov3zjpm9j2','cancelada','2025-09-04','2025-09-05',19.00,'2025-09-04 19:57:15','2025-09-04 21:43:07'),(46,12,'plus','monthly','monthly','cus_000006996552','sub_nmdmuaicl17ba6en','cancelada','2025-09-04','2025-09-05',39.90,'2025-09-04 20:20:38','2025-09-04 21:43:07'),(47,12,'start','monthly','monthly','cus_000006996552','sub_c7spesw2z2iilveb','cancelada','2025-09-04','2025-09-05',19.00,'2025-09-04 20:40:12','2025-09-04 21:43:07'),(48,12,'plus','monthly','monthly','cus_000006996552','sub_vjossxhs4chjx94i','cancelada','2025-09-04','2025-09-05',39.90,'2025-09-04 20:42:11','2025-09-04 21:43:07'),(49,12,'start','monthly','monthly','cus_000006996552','sub_8a2m6gdg9iiyn7nj','cancelada','2025-09-04','2025-09-05',19.00,'2025-09-04 20:43:23','2025-09-04 21:43:07'),(50,12,'plus','monthly','monthly','cus_000006996552','sub_9ldosxk0gxqg3ofv','cancelada','2025-09-04','2025-09-05',39.90,'2025-09-04 20:52:25','2025-09-04 21:43:07'),(51,12,'start','monthly','monthly','cus_000006996552','sub_df1pbnvwpjc9uecd','cancelada','2025-09-04','2025-09-05',19.00,'2025-09-04 21:08:18','2025-09-04 21:43:07'),(52,12,'plus','monthly','monthly','cus_000006996552','sub_exfk43j09dopy33m','ativa','2025-09-04','2025-10-05',39.90,'2025-09-04 21:42:36','2025-09-04 21:43:07');
/*!40000 ALTER TABLE `subscriptions` ENABLE KEYS */;
UNLOCK TABLES;

--
-- Table structure for table `users`
--

DROP TABLE IF EXISTS `users`;
/*!40101 SET @saved_cs_client     = @@character_set_client */;
/*!50503 SET character_set_client = utf8mb4 */;
CREATE TABLE `users` (
  `id` bigint unsigned NOT NULL AUTO_INCREMENT,
  `name` varchar(120) NOT NULL,
  `email` varchar(160) NOT NULL,
  `phone` varchar(32) DEFAULT NULL,
  `document` varchar(32) DEFAULT NULL,
  `birth_date` date DEFAULT NULL,
  `address` varchar(255) DEFAULT NULL,
  `city` varchar(120) DEFAULT NULL,
  `state` char(2) DEFAULT NULL,
  `zip` varchar(20) DEFAULT NULL,
  `avatar_url` varchar(255) DEFAULT NULL,
  `password_hash` varchar(255) NOT NULL,
  `role` enum('member','partner','affiliate','admin') NOT NULL DEFAULT 'member',
  `current_plan_id` varchar(32) NOT NULL DEFAULT 'Free',
  `status` enum('active','suspended') NOT NULL DEFAULT 'active',
  `created_at` timestamp NOT NULL DEFAULT CURRENT_TIMESTAMP,
  `updated_at` timestamp NULL DEFAULT NULL ON UPDATE CURRENT_TIMESTAMP,
  PRIMARY KEY (`id`),
  UNIQUE KEY `email` (`email`),
  KEY `idx_users_plan` (`current_plan_id`),
  CONSTRAINT `fk_users_current_plan` FOREIGN KEY (`current_plan_id`) REFERENCES `plans` (`id`) ON DELETE RESTRICT ON UPDATE CASCADE
) ENGINE=InnoDB AUTO_INCREMENT=13 DEFAULT CHARSET=utf8mb4 COLLATE=utf8mb4_0900_ai_ci;
/*!40101 SET character_set_client = @saved_cs_client */;

--
-- Dumping data for table `users`
--

LOCK TABLES `users` WRITE;
/*!40000 ALTER TABLE `users` DISABLE KEYS */;
INSERT INTO `users` VALUES (1,'Maximiliano dos Santos Fulco','membro1@gmail.com','11993216056','45345837880','1997-12-24','Rua Dirce Gomes de Souza, 344','São Paulo','SP','02990-170',NULL,'$2y$10$moRjIUhOOqYa.ankvUP7xO8Ic83MdsI0JPgOZCqEBJYX/nMFyZwpa','member','Blaster','active','2025-08-24 15:45:04','2025-08-27 03:29:30'),(2,'Admin Teste','admin@local',NULL,NULL,NULL,NULL,NULL,NULL,NULL,NULL,'$2y$10$j64OOjbJ1/JDSGIPVCnyTedFDHX5qZifMuwhULcs.9xHentsIeKqy','admin','Free','active','2025-08-24 16:44:13','2025-09-04 01:08:53'),(3,'Member 1','member1@gmail.com',NULL,NULL,NULL,NULL,NULL,NULL,NULL,NULL,'$2y$10$79mKlfLQgP9YxJxp5CNZSOTWI7pMsuxgRCqIDVKOWrFuLwVCcVQ46','member','Free','active','2025-08-26 19:41:29','2025-08-27 04:06:33'),(4,'Maximiliano Fulco 2','membro2@gmail.com',NULL,NULL,NULL,NULL,NULL,NULL,NULL,NULL,'$2y$10$EP6Q/B7Brd03ZnLi3riaFeHfuUZ43a/LBw4B3mixyx05MV011td4W','member','Free','active','2025-08-27 12:44:57',NULL),(5,'Afiliado 1','afiliado1@gmail.com',NULL,NULL,NULL,NULL,NULL,NULL,NULL,NULL,'$2y$10$HZn.1GAtCbkZusxXTBvFueAlcI00TuZgIfIMh9UIC1bzoaiLi66Ny','member','Free','active','2025-09-04 00:45:07',NULL),(6,'Afiliado 2','afiliado2@gmail.com',NULL,NULL,NULL,NULL,NULL,NULL,NULL,NULL,'$2y$10$LfeHSyjUoW36zOq9mET1Ke.h2D2BdrxtShKRFoWfAG4kN1G7WDj4C','affiliate','Free','active','2025-09-04 00:45:35',NULL),(7,'Afiliado 3','afiliado3@gmail.com',NULL,NULL,NULL,NULL,NULL,NULL,NULL,NULL,'$2y$10$/We4cwU2g5yoGImkI9UQY.txKa0fFiStu0jlyHX/Bk.gVjbPEavjS','affiliate','Free','active','2025-09-04 00:55:39',NULL),(8,'afiliado5@gmail.com','afiliado5@gmail.com',NULL,'45345837880',NULL,NULL,NULL,NULL,NULL,NULL,'$2y$10$5SmjQQOtMxca/vrvvlCVPeEs3QN5HT96VtaC5q9Ga/X0ukvMn.E4a','member','Free','active','2025-09-04 14:39:17','2025-09-04 14:40:31'),(9,'Afiliado 6','afiliado6@gmail.com','11993216056','45345837880',NULL,NULL,NULL,NULL,NULL,NULL,'$2y$10$j.nBxYwmvj6Ch5d3/Bpypu7KciBU9asUzx2O4BqSy6Xe1886lMndu','member','Free','active','2025-09-04 15:11:41',NULL),(10,'Afiliado 7','mfulco3@gmail.com','11993216056','45345837880',NULL,NULL,NULL,NULL,NULL,NULL,'$2y$10$mSODXs.xHUTkMfSm1di6RuN6Vysz3qy3Z9qGsLlNf7A6IcetJ.766','member','Free','active','2025-09-04 16:27:41',NULL),(11,'afiliado 7','afiliado7@gmail.com','11993216056','45345837880',NULL,NULL,NULL,NULL,NULL,NULL,'$2y$10$LntbrnYJP5qb4l5OCaZP8edrcq91sWic3h1vkM.WF3fvIsg/Sr7a.','partner','Free','active','2025-09-04 16:51:07','2025-09-04 23:45:43'),(12,'afiliado10','afiliado10@gmail.com','11993216056','45345837880',NULL,NULL,NULL,NULL,NULL,NULL,'$2y$10$SCM9gR1/fiYfXOZl8bAEW.L7SZQIXSgXNXgbBQNy3uF1YIOFZF7sG','member','plus','active','2025-09-04 16:59:40','2025-09-04 21:43:07');
/*!40000 ALTER TABLE `users` ENABLE KEYS */;
UNLOCK TABLES;

--
-- Table structure for table `webhooks_log`
--

DROP TABLE IF EXISTS `webhooks_log`;
/*!40101 SET @saved_cs_client     = @@character_set_client */;
/*!50503 SET character_set_client = utf8mb4 */;
CREATE TABLE `webhooks_log` (
  `id` bigint unsigned NOT NULL AUTO_INCREMENT,
  `provider` varchar(40) NOT NULL,
  `event` varchar(120) DEFAULT NULL,
  `signature` varchar(200) DEFAULT NULL,
  `payload` json DEFAULT NULL,
  `created_at` timestamp NOT NULL DEFAULT CURRENT_TIMESTAMP,
  PRIMARY KEY (`id`)
) ENGINE=InnoDB AUTO_INCREMENT=65 DEFAULT CHARSET=utf8mb4 COLLATE=utf8mb4_0900_ai_ci;
/*!40101 SET character_set_client = @saved_cs_client */;

--
-- Dumping data for table `webhooks_log`
--

LOCK TABLES `webhooks_log` WRITE;
/*!40000 ALTER TABLE `webhooks_log` DISABLE KEYS */;
INSERT INTO `webhooks_log` VALUES (1,'asaas','PAYMENT_CREATED','sist2016','{\"id\": \"evt_05b708f961d739ea7eba7e4db318f621&10217167\", \"event\": \"PAYMENT_CREATED\", \"payment\": {\"id\": \"pay_jls9cnl8tvfuafjk\", \"fine\": {\"type\": \"FIXED\", \"value\": 0.0}, \"value\": 39.9, \"escrow\": null, \"object\": \"payment\", \"status\": \"PENDING\", \"deleted\": false, \"dueDate\": \"2025-08-28\", \"refunds\": null, \"customer\": \"cus_000006966387\", \"discount\": {\"type\": \"FIXED\", \"value\": 0.0, \"limitDate\": null, \"dueDateLimitDays\": 0}, \"interest\": {\"type\": \"PERCENTAGE\", \"value\": 0.0}, \"netValue\": 38.91, \"creditDate\": null, \"invoiceUrl\": \"https://sandbox.asaas.com/i/jls9cnl8tvfuafjk\", \"anticipable\": false, \"anticipated\": false, \"bankSlipUrl\": \"https://sandbox.asaas.com/b/pdf/jls9cnl8tvfuafjk\", \"billingType\": \"BOLETO\", \"dateCreated\": \"2025-08-26\", \"description\": null, \"nossoNumero\": \"11294415\", \"paymentDate\": null, \"paymentLink\": null, \"subscription\": \"sub_m37otvjawtmxk9dz\", \"interestValue\": null, \"invoiceNumber\": \"11124099\", \"originalValue\": null, \"postalService\": false, \"pixTransaction\": null, \"checkoutSession\": null, \"originalDueDate\": \"2025-08-28\", \"clientPaymentDate\": null, \"externalReference\": null, \"installmentNumber\": null, \"estimatedCreditDate\": null, \"canBePaidAfterDueDate\": true, \"lastInvoiceViewedDate\": null, \"transactionReceiptUrl\": null, \"lastBankSlipViewedDate\": null}, \"dateCreated\": \"2025-08-26 23:02:49\"}','2025-08-27 02:02:45'),(2,'asaas','SUBSCRIPTION_CREATED','sist2016','{\"id\": \"evt_6561b631fa5580caadd00bbe3b858607&10217166\", \"event\": \"SUBSCRIPTION_CREATED\", \"dateCreated\": \"2025-08-26 23:02:49\", \"subscription\": {\"id\": \"sub_m37otvjawtmxk9dz\", \"fine\": {\"type\": \"FIXED\", \"value\": 0.0}, \"cycle\": \"MONTHLY\", \"split\": null, \"value\": 39.9, \"object\": \"subscription\", \"status\": \"ACTIVE\", \"deleted\": false, \"customer\": \"cus_000006966387\", \"interest\": {\"type\": \"PERCENTAGE\", \"value\": 0.0}, \"billingType\": \"BOLETO\", \"dateCreated\": \"26/08/2025\", \"description\": null, \"nextDueDate\": \"28/09/2025\", \"paymentLink\": null, \"checkoutSession\": null, \"externalReference\": null, \"sendPaymentByPostalService\": false}}','2025-08-27 02:02:52'),(3,'asaas','PAYMENT_RECEIVED','sist2016','{\"id\": \"evt_d26e303b238e509335ac9ba210e51b0f&10217172\", \"event\": \"PAYMENT_RECEIVED\", \"payment\": {\"id\": \"pay_jls9cnl8tvfuafjk\", \"fine\": {\"type\": \"FIXED\", \"value\": 0.0}, \"value\": 39.9, \"escrow\": null, \"object\": \"payment\", \"status\": \"RECEIVED\", \"deleted\": false, \"dueDate\": \"2025-08-28\", \"refunds\": null, \"customer\": \"cus_000006966387\", \"discount\": {\"type\": \"FIXED\", \"value\": 0.0, \"limitDate\": null, \"dueDateLimitDays\": 0}, \"interest\": {\"type\": \"PERCENTAGE\", \"value\": 0.0}, \"netValue\": 38.91, \"creditDate\": \"2025-08-26\", \"invoiceUrl\": \"https://sandbox.asaas.com/i/jls9cnl8tvfuafjk\", \"anticipable\": false, \"anticipated\": false, \"bankSlipUrl\": \"https://sandbox.asaas.com/b/pdf/jls9cnl8tvfuafjk\", \"billingType\": \"BOLETO\", \"dateCreated\": \"2025-08-26\", \"description\": null, \"nossoNumero\": \"11294415\", \"paymentDate\": \"2025-08-26\", \"paymentLink\": null, \"subscription\": \"sub_m37otvjawtmxk9dz\", \"confirmedDate\": \"2025-08-26\", \"interestValue\": null, \"invoiceNumber\": \"11124099\", \"originalValue\": null, \"postalService\": false, \"pixTransaction\": null, \"checkoutSession\": null, \"originalDueDate\": \"2025-08-28\", \"clientPaymentDate\": \"2025-08-26\", \"externalReference\": null, \"installmentNumber\": null, \"estimatedCreditDate\": \"2025-08-26\", \"canBePaidAfterDueDate\": true, \"lastInvoiceViewedDate\": null, \"transactionReceiptUrl\": \"https://sandbox.asaas.com/comprovantes/h/UEFZTUVOVF9SRUNFSVZFRDpwYXlfamxzOWNubDh0dmZ1YWZqaw%3D%3D\", \"lastBankSlipViewedDate\": null}, \"dateCreated\": \"2025-08-26 23:03:12\"}','2025-08-27 02:03:07'),(4,'asaas','PAYMENT_CREATED','sist2016','{\"id\": \"evt_05b708f961d739ea7eba7e4db318f621&10217182\", \"event\": \"PAYMENT_CREATED\", \"payment\": {\"id\": \"pay_fxko0m4sejjzw6xz\", \"fine\": {\"type\": \"FIXED\", \"value\": 0.0}, \"value\": 39.9, \"escrow\": null, \"object\": \"payment\", \"status\": \"PENDING\", \"deleted\": false, \"dueDate\": \"2025-08-28\", \"refunds\": null, \"customer\": \"cus_000006966387\", \"discount\": {\"type\": \"FIXED\", \"value\": 0.0, \"limitDate\": null, \"dueDateLimitDays\": 0}, \"interest\": {\"type\": \"PERCENTAGE\", \"value\": 0.0}, \"netValue\": 38.91, \"creditDate\": null, \"invoiceUrl\": \"https://sandbox.asaas.com/i/fxko0m4sejjzw6xz\", \"anticipable\": false, \"anticipated\": false, \"bankSlipUrl\": \"https://sandbox.asaas.com/b/pdf/fxko0m4sejjzw6xz\", \"billingType\": \"BOLETO\", \"dateCreated\": \"2025-08-26\", \"description\": null, \"nossoNumero\": \"11294423\", \"paymentDate\": null, \"paymentLink\": null, \"subscription\": \"sub_bkfv6nk32zy2iv68\", \"interestValue\": null, \"invoiceNumber\": \"11124114\", \"originalValue\": null, \"postalService\": false, \"pixTransaction\": null, \"checkoutSession\": null, \"originalDueDate\": \"2025-08-28\", \"clientPaymentDate\": null, \"externalReference\": null, \"installmentNumber\": null, \"estimatedCreditDate\": null, \"canBePaidAfterDueDate\": true, \"lastInvoiceViewedDate\": null, \"transactionReceiptUrl\": null, \"lastBankSlipViewedDate\": null}, \"dateCreated\": \"2025-08-26 23:05:21\"}','2025-08-27 02:05:16'),(5,'asaas','SUBSCRIPTION_CREATED','sist2016','{\"id\": \"evt_6561b631fa5580caadd00bbe3b858607&10217181\", \"event\": \"SUBSCRIPTION_CREATED\", \"dateCreated\": \"2025-08-26 23:05:19\", \"subscription\": {\"id\": \"sub_bkfv6nk32zy2iv68\", \"fine\": {\"type\": \"FIXED\", \"value\": 0.0}, \"cycle\": \"MONTHLY\", \"split\": null, \"value\": 39.9, \"object\": \"subscription\", \"status\": \"ACTIVE\", \"deleted\": false, \"customer\": \"cus_000006966387\", \"interest\": {\"type\": \"PERCENTAGE\", \"value\": 0.0}, \"billingType\": \"BOLETO\", \"dateCreated\": \"26/08/2025\", \"description\": null, \"nextDueDate\": \"28/09/2025\", \"paymentLink\": null, \"checkoutSession\": null, \"externalReference\": null, \"sendPaymentByPostalService\": false}}','2025-08-27 02:05:19'),(6,'asaas','PAYMENT_RECEIVED','sist2016','{\"id\": \"evt_d26e303b238e509335ac9ba210e51b0f&10217183\", \"event\": \"PAYMENT_RECEIVED\", \"payment\": {\"id\": \"pay_fxko0m4sejjzw6xz\", \"fine\": {\"type\": \"FIXED\", \"value\": 0.0}, \"value\": 39.9, \"escrow\": null, \"object\": \"payment\", \"status\": \"RECEIVED\", \"deleted\": false, \"dueDate\": \"2025-08-28\", \"refunds\": null, \"customer\": \"cus_000006966387\", \"discount\": {\"type\": \"FIXED\", \"value\": 0.0, \"limitDate\": null, \"dueDateLimitDays\": 0}, \"interest\": {\"type\": \"PERCENTAGE\", \"value\": 0.0}, \"netValue\": 38.91, \"creditDate\": \"2025-08-26\", \"invoiceUrl\": \"https://sandbox.asaas.com/i/fxko0m4sejjzw6xz\", \"anticipable\": false, \"anticipated\": false, \"bankSlipUrl\": \"https://sandbox.asaas.com/b/pdf/fxko0m4sejjzw6xz\", \"billingType\": \"BOLETO\", \"dateCreated\": \"2025-08-26\", \"description\": null, \"nossoNumero\": \"11294423\", \"paymentDate\": \"2025-08-26\", \"paymentLink\": null, \"subscription\": \"sub_bkfv6nk32zy2iv68\", \"confirmedDate\": \"2025-08-26\", \"interestValue\": null, \"invoiceNumber\": \"11124114\", \"originalValue\": null, \"postalService\": false, \"pixTransaction\": null, \"checkoutSession\": null, \"originalDueDate\": \"2025-08-28\", \"clientPaymentDate\": \"2025-08-26\", \"externalReference\": null, \"installmentNumber\": null, \"estimatedCreditDate\": \"2025-08-26\", \"canBePaidAfterDueDate\": true, \"lastInvoiceViewedDate\": null, \"transactionReceiptUrl\": \"https://sandbox.asaas.com/comprovantes/h/UEFZTUVOVF9SRUNFSVZFRDpwYXlfZnhrbzBtNHNlamp6dzZ4eg%3D%3D\", \"lastBankSlipViewedDate\": null}, \"dateCreated\": \"2025-08-26 23:05:52\"}','2025-08-27 02:05:48'),(7,'asaas','PAYMENT_CREATED','sist2016','{\"id\": \"evt_05b708f961d739ea7eba7e4db318f621&10217201\", \"event\": \"PAYMENT_CREATED\", \"payment\": {\"id\": \"pay_m3l0dbr06zykmnqs\", \"fine\": {\"type\": \"FIXED\", \"value\": 0.0}, \"value\": 39.9, \"escrow\": null, \"object\": \"payment\", \"status\": \"PENDING\", \"deleted\": false, \"dueDate\": \"2025-08-28\", \"refunds\": null, \"customer\": \"cus_000006966387\", \"discount\": {\"type\": \"FIXED\", \"value\": 0.0, \"limitDate\": null, \"dueDateLimitDays\": 0}, \"interest\": {\"type\": \"PERCENTAGE\", \"value\": 0.0}, \"netValue\": 38.91, \"creditDate\": null, \"invoiceUrl\": \"https://sandbox.asaas.com/i/m3l0dbr06zykmnqs\", \"anticipable\": false, \"anticipated\": false, \"bankSlipUrl\": \"https://sandbox.asaas.com/b/pdf/m3l0dbr06zykmnqs\", \"billingType\": \"BOLETO\", \"dateCreated\": \"2025-08-26\", \"description\": null, \"nossoNumero\": \"11294430\", \"paymentDate\": null, \"paymentLink\": null, \"subscription\": \"sub_67szm169bttn99wo\", \"interestValue\": null, \"invoiceNumber\": \"11124131\", \"originalValue\": null, \"postalService\": false, \"pixTransaction\": null, \"checkoutSession\": null, \"originalDueDate\": \"2025-08-28\", \"clientPaymentDate\": null, \"externalReference\": null, \"installmentNumber\": null, \"estimatedCreditDate\": null, \"canBePaidAfterDueDate\": true, \"lastInvoiceViewedDate\": null, \"transactionReceiptUrl\": null, \"lastBankSlipViewedDate\": null}, \"dateCreated\": \"2025-08-26 23:12:09\"}','2025-08-27 02:12:04'),(8,'asaas','SUBSCRIPTION_CREATED','sist2016','{\"id\": \"evt_6561b631fa5580caadd00bbe3b858607&10217200\", \"event\": \"SUBSCRIPTION_CREATED\", \"dateCreated\": \"2025-08-26 23:12:08\", \"subscription\": {\"id\": \"sub_67szm169bttn99wo\", \"fine\": {\"type\": \"FIXED\", \"value\": 0.0}, \"cycle\": \"MONTHLY\", \"split\": null, \"value\": 39.9, \"object\": \"subscription\", \"status\": \"ACTIVE\", \"deleted\": false, \"customer\": \"cus_000006966387\", \"interest\": {\"type\": \"PERCENTAGE\", \"value\": 0.0}, \"billingType\": \"BOLETO\", \"dateCreated\": \"26/08/2025\", \"description\": null, \"nextDueDate\": \"28/09/2025\", \"paymentLink\": null, \"checkoutSession\": null, \"externalReference\": null, \"sendPaymentByPostalService\": false}}','2025-08-27 02:12:09'),(9,'asaas','PAYMENT_RECEIVED','sist2016','{\"id\": \"evt_d26e303b238e509335ac9ba210e51b0f&10217202\", \"event\": \"PAYMENT_RECEIVED\", \"payment\": {\"id\": \"pay_m3l0dbr06zykmnqs\", \"fine\": {\"type\": \"FIXED\", \"value\": 0.0}, \"value\": 39.9, \"escrow\": null, \"object\": \"payment\", \"status\": \"RECEIVED\", \"deleted\": false, \"dueDate\": \"2025-08-28\", \"refunds\": null, \"customer\": \"cus_000006966387\", \"discount\": {\"type\": \"FIXED\", \"value\": 0.0, \"limitDate\": null, \"dueDateLimitDays\": 0}, \"interest\": {\"type\": \"PERCENTAGE\", \"value\": 0.0}, \"netValue\": 38.91, \"creditDate\": \"2025-08-26\", \"invoiceUrl\": \"https://sandbox.asaas.com/i/m3l0dbr06zykmnqs\", \"anticipable\": false, \"anticipated\": false, \"bankSlipUrl\": \"https://sandbox.asaas.com/b/pdf/m3l0dbr06zykmnqs\", \"billingType\": \"BOLETO\", \"dateCreated\": \"2025-08-26\", \"description\": null, \"nossoNumero\": \"11294430\", \"paymentDate\": \"2025-08-26\", \"paymentLink\": null, \"subscription\": \"sub_67szm169bttn99wo\", \"confirmedDate\": \"2025-08-26\", \"interestValue\": null, \"invoiceNumber\": \"11124131\", \"originalValue\": null, \"postalService\": false, \"pixTransaction\": null, \"checkoutSession\": null, \"originalDueDate\": \"2025-08-28\", \"clientPaymentDate\": \"2025-08-26\", \"externalReference\": null, \"installmentNumber\": null, \"estimatedCreditDate\": \"2025-08-26\", \"canBePaidAfterDueDate\": true, \"lastInvoiceViewedDate\": null, \"transactionReceiptUrl\": \"https://sandbox.asaas.com/comprovantes/h/UEFZTUVOVF9SRUNFSVZFRDpwYXlfbTNsMGRicjA2enlrbW5xcw%3D%3D\", \"lastBankSlipViewedDate\": null}, \"dateCreated\": \"2025-08-26 23:12:31\"}','2025-08-27 02:12:27'),(10,'asaas','SUBSCRIPTION_CREATED','sist2016','{\"id\": \"evt_6561b631fa5580caadd00bbe3b858607&10217323\", \"event\": \"SUBSCRIPTION_CREATED\", \"dateCreated\": \"2025-08-26 23:49:09\", \"subscription\": {\"id\": \"sub_grpg69iludfrtd6w\", \"fine\": {\"type\": \"FIXED\", \"value\": 0.0}, \"cycle\": \"MONTHLY\", \"split\": null, \"value\": 90, \"object\": \"subscription\", \"status\": \"ACTIVE\", \"deleted\": false, \"customer\": \"cus_000006966387\", \"interest\": {\"type\": \"PERCENTAGE\", \"value\": 0.0}, \"billingType\": \"BOLETO\", \"dateCreated\": \"26/08/2025\", \"description\": null, \"nextDueDate\": \"28/09/2025\", \"paymentLink\": null, \"checkoutSession\": null, \"externalReference\": null, \"sendPaymentByPostalService\": false}}','2025-08-27 02:49:04'),(11,'asaas','PAYMENT_CREATED','sist2016','{\"id\": \"evt_05b708f961d739ea7eba7e4db318f621&10217324\", \"event\": \"PAYMENT_CREATED\", \"payment\": {\"id\": \"pay_wvemcb2i9dfmegyo\", \"fine\": {\"type\": \"FIXED\", \"value\": 0.0}, \"value\": 90, \"escrow\": null, \"object\": \"payment\", \"status\": \"PENDING\", \"deleted\": false, \"dueDate\": \"2025-08-28\", \"refunds\": null, \"customer\": \"cus_000006966387\", \"discount\": {\"type\": \"FIXED\", \"value\": 0.0, \"limitDate\": null, \"dueDateLimitDays\": 0}, \"interest\": {\"type\": \"PERCENTAGE\", \"value\": 0.0}, \"netValue\": 89.01, \"creditDate\": null, \"invoiceUrl\": \"https://sandbox.asaas.com/i/wvemcb2i9dfmegyo\", \"anticipable\": false, \"anticipated\": false, \"bankSlipUrl\": \"https://sandbox.asaas.com/b/pdf/wvemcb2i9dfmegyo\", \"billingType\": \"BOLETO\", \"dateCreated\": \"2025-08-26\", \"description\": null, \"nossoNumero\": \"11294486\", \"paymentDate\": null, \"paymentLink\": null, \"subscription\": \"sub_grpg69iludfrtd6w\", \"interestValue\": null, \"invoiceNumber\": \"11124463\", \"originalValue\": null, \"postalService\": false, \"pixTransaction\": null, \"checkoutSession\": null, \"originalDueDate\": \"2025-08-28\", \"clientPaymentDate\": null, \"externalReference\": null, \"installmentNumber\": null, \"estimatedCreditDate\": null, \"canBePaidAfterDueDate\": true, \"lastInvoiceViewedDate\": null, \"transactionReceiptUrl\": null, \"lastBankSlipViewedDate\": null}, \"dateCreated\": \"2025-08-26 23:49:10\"}','2025-08-27 02:49:05'),(12,'asaas','PAYMENT_DELETED','sist2016','{\"id\": \"evt_d545b50fbb17a226c5f4f4fd193922b7&10217332\", \"event\": \"PAYMENT_DELETED\", \"payment\": {\"id\": \"pay_wvemcb2i9dfmegyo\", \"fine\": {\"type\": \"FIXED\", \"value\": 0.0}, \"value\": 90, \"escrow\": null, \"object\": \"payment\", \"status\": \"PENDING\", \"deleted\": true, \"dueDate\": \"2025-08-28\", \"refunds\": null, \"customer\": \"cus_000006966387\", \"discount\": {\"type\": \"FIXED\", \"value\": 0.0, \"limitDate\": null, \"dueDateLimitDays\": 0}, \"interest\": {\"type\": \"PERCENTAGE\", \"value\": 0.0}, \"netValue\": 89.01, \"creditDate\": null, \"invoiceUrl\": \"https://sandbox.asaas.com/i/wvemcb2i9dfmegyo\", \"anticipable\": false, \"anticipated\": false, \"bankSlipUrl\": \"https://sandbox.asaas.com/b/pdf/wvemcb2i9dfmegyo\", \"billingType\": \"BOLETO\", \"dateCreated\": \"2025-08-26\", \"description\": null, \"nossoNumero\": \"11294486\", \"paymentDate\": null, \"paymentLink\": null, \"subscription\": \"sub_grpg69iludfrtd6w\", \"interestValue\": null, \"invoiceNumber\": \"11124463\", \"originalValue\": null, \"postalService\": false, \"pixTransaction\": null, \"checkoutSession\": null, \"originalDueDate\": \"2025-08-28\", \"clientPaymentDate\": null, \"externalReference\": null, \"installmentNumber\": null, \"estimatedCreditDate\": null, \"canBePaidAfterDueDate\": true, \"lastInvoiceViewedDate\": null, \"transactionReceiptUrl\": \"https://sandbox.asaas.com/comprovantes/h/UEFZTUVOVF9ERUxFVEVEOnBheV93dmVtY2IyaTlkZm1lZ3lv\", \"lastBankSlipViewedDate\": null}, \"dateCreated\": \"2025-08-26 23:50:30\"}','2025-08-27 02:50:25'),(13,'asaas','PAYMENT_CREATED','sist2016','{\"id\": \"evt_05b708f961d739ea7eba7e4db318f621&10217337\", \"event\": \"PAYMENT_CREATED\", \"payment\": {\"id\": \"pay_g2zrs1gknrvp5hap\", \"fine\": {\"type\": \"FIXED\", \"value\": 0.0}, \"value\": 90, \"escrow\": null, \"object\": \"payment\", \"status\": \"PENDING\", \"deleted\": false, \"dueDate\": \"2025-08-28\", \"refunds\": null, \"customer\": \"cus_000006966387\", \"discount\": {\"type\": \"FIXED\", \"value\": 0.0, \"limitDate\": null, \"dueDateLimitDays\": 0}, \"interest\": {\"type\": \"PERCENTAGE\", \"value\": 0.0}, \"netValue\": 89.01, \"creditDate\": null, \"invoiceUrl\": \"https://sandbox.asaas.com/i/g2zrs1gknrvp5hap\", \"anticipable\": false, \"anticipated\": false, \"bankSlipUrl\": \"https://sandbox.asaas.com/b/pdf/g2zrs1gknrvp5hap\", \"billingType\": \"BOLETO\", \"dateCreated\": \"2025-08-26\", \"description\": null, \"nossoNumero\": \"11294492\", \"paymentDate\": null, \"paymentLink\": null, \"subscription\": \"sub_z2aye2fr8efvfue5\", \"interestValue\": null, \"invoiceNumber\": \"11124481\", \"originalValue\": null, \"postalService\": false, \"pixTransaction\": null, \"checkoutSession\": null, \"originalDueDate\": \"2025-08-28\", \"clientPaymentDate\": null, \"externalReference\": null, \"installmentNumber\": null, \"estimatedCreditDate\": null, \"canBePaidAfterDueDate\": true, \"lastInvoiceViewedDate\": null, \"transactionReceiptUrl\": null, \"lastBankSlipViewedDate\": null}, \"dateCreated\": \"2025-08-26 23:50:54\"}','2025-08-27 02:50:49'),(14,'asaas','SUBSCRIPTION_CREATED','sist2016','{\"id\": \"evt_6561b631fa5580caadd00bbe3b858607&10217336\", \"event\": \"SUBSCRIPTION_CREATED\", \"dateCreated\": \"2025-08-26 23:50:53\", \"subscription\": {\"id\": \"sub_z2aye2fr8efvfue5\", \"fine\": {\"type\": \"FIXED\", \"value\": 0.0}, \"cycle\": \"MONTHLY\", \"split\": null, \"value\": 90, \"object\": \"subscription\", \"status\": \"ACTIVE\", \"deleted\": false, \"customer\": \"cus_000006966387\", \"interest\": {\"type\": \"PERCENTAGE\", \"value\": 0.0}, \"billingType\": \"BOLETO\", \"dateCreated\": \"26/08/2025\", \"description\": null, \"nextDueDate\": \"28/09/2025\", \"paymentLink\": null, \"checkoutSession\": null, \"externalReference\": null, \"sendPaymentByPostalService\": false}}','2025-08-27 02:50:49'),(15,'asaas','PAYMENT_RECEIVED','sist2016','{\"id\": \"evt_d26e303b238e509335ac9ba210e51b0f&10217338\", \"event\": \"PAYMENT_RECEIVED\", \"payment\": {\"id\": \"pay_g2zrs1gknrvp5hap\", \"fine\": {\"type\": \"FIXED\", \"value\": 0.0}, \"value\": 90, \"escrow\": null, \"object\": \"payment\", \"status\": \"RECEIVED\", \"deleted\": false, \"dueDate\": \"2025-08-28\", \"refunds\": null, \"customer\": \"cus_000006966387\", \"discount\": {\"type\": \"FIXED\", \"value\": 0.0, \"limitDate\": null, \"dueDateLimitDays\": 0}, \"interest\": {\"type\": \"PERCENTAGE\", \"value\": 0.0}, \"netValue\": 89.01, \"creditDate\": \"2025-08-26\", \"invoiceUrl\": \"https://sandbox.asaas.com/i/g2zrs1gknrvp5hap\", \"anticipable\": false, \"anticipated\": false, \"bankSlipUrl\": \"https://sandbox.asaas.com/b/pdf/g2zrs1gknrvp5hap\", \"billingType\": \"BOLETO\", \"dateCreated\": \"2025-08-26\", \"description\": null, \"nossoNumero\": \"11294492\", \"paymentDate\": \"2025-08-26\", \"paymentLink\": null, \"subscription\": \"sub_z2aye2fr8efvfue5\", \"confirmedDate\": \"2025-08-26\", \"interestValue\": null, \"invoiceNumber\": \"11124481\", \"originalValue\": null, \"postalService\": false, \"pixTransaction\": null, \"checkoutSession\": null, \"originalDueDate\": \"2025-08-28\", \"clientPaymentDate\": \"2025-08-26\", \"externalReference\": null, \"installmentNumber\": null, \"estimatedCreditDate\": \"2025-08-26\", \"canBePaidAfterDueDate\": true, \"lastInvoiceViewedDate\": null, \"transactionReceiptUrl\": \"https://sandbox.asaas.com/comprovantes/h/UEFZTUVOVF9SRUNFSVZFRDpwYXlfZzJ6cnMxZ2tucnZwNWhhcA%3D%3D\", \"lastBankSlipViewedDate\": null}, \"dateCreated\": \"2025-08-26 23:51:28\"}','2025-08-27 02:51:23'),(16,'asaas','PAYMENT_CREATED','sist2016','{\"id\": \"evt_05b708f961d739ea7eba7e4db318f621&10217365\", \"event\": \"PAYMENT_CREATED\", \"payment\": {\"id\": \"pay_76xbhfx1ag5rkoc6\", \"fine\": {\"type\": \"FIXED\", \"value\": 0.0}, \"value\": 39, \"escrow\": null, \"object\": \"payment\", \"status\": \"PENDING\", \"deleted\": false, \"dueDate\": \"2025-09-28\", \"refunds\": null, \"customer\": \"cus_000006966387\", \"discount\": {\"type\": \"FIXED\", \"value\": 0.0, \"limitDate\": null, \"dueDateLimitDays\": 0}, \"interest\": {\"type\": \"PERCENTAGE\", \"value\": 0.0}, \"netValue\": 38.01, \"creditDate\": null, \"invoiceUrl\": \"https://sandbox.asaas.com/i/76xbhfx1ag5rkoc6\", \"anticipable\": false, \"anticipated\": false, \"bankSlipUrl\": \"https://sandbox.asaas.com/b/pdf/76xbhfx1ag5rkoc6\", \"billingType\": \"BOLETO\", \"dateCreated\": \"2025-08-26\", \"description\": null, \"nossoNumero\": \"11294500\", \"paymentDate\": null, \"paymentLink\": null, \"subscription\": \"sub_oj7reiut2zzofzz1\", \"interestValue\": null, \"invoiceNumber\": \"11124504\", \"originalValue\": null, \"postalService\": false, \"pixTransaction\": null, \"checkoutSession\": null, \"originalDueDate\": \"2025-09-28\", \"clientPaymentDate\": null, \"externalReference\": null, \"installmentNumber\": null, \"estimatedCreditDate\": null, \"canBePaidAfterDueDate\": true, \"lastInvoiceViewedDate\": null, \"transactionReceiptUrl\": null, \"lastBankSlipViewedDate\": null}, \"dateCreated\": \"2025-08-26 23:55:03\"}','2025-08-27 02:54:58'),(17,'asaas','PAYMENT_CREATED','sist2016','{\"id\": \"evt_05b708f961d739ea7eba7e4db318f621&10217392\", \"event\": \"PAYMENT_CREATED\", \"payment\": {\"id\": \"pay_grb9ecct76qjw6ap\", \"fine\": {\"type\": \"FIXED\", \"value\": 0.0}, \"value\": 39.9, \"escrow\": null, \"object\": \"payment\", \"status\": \"PENDING\", \"deleted\": false, \"dueDate\": \"2025-08-28\", \"refunds\": null, \"customer\": \"cus_000006966387\", \"discount\": {\"type\": \"FIXED\", \"value\": 0.0, \"limitDate\": null, \"dueDateLimitDays\": 0}, \"interest\": {\"type\": \"PERCENTAGE\", \"value\": 0.0}, \"netValue\": 38.91, \"creditDate\": null, \"invoiceUrl\": \"https://sandbox.asaas.com/i/grb9ecct76qjw6ap\", \"anticipable\": false, \"anticipated\": false, \"bankSlipUrl\": \"https://sandbox.asaas.com/b/pdf/grb9ecct76qjw6ap\", \"billingType\": \"BOLETO\", \"dateCreated\": \"2025-08-27\", \"description\": null, \"nossoNumero\": \"11294505\", \"paymentDate\": null, \"paymentLink\": null, \"subscription\": \"sub_0fy0e3k251d6nv7a\", \"interestValue\": null, \"invoiceNumber\": \"11124532\", \"originalValue\": null, \"postalService\": false, \"pixTransaction\": null, \"checkoutSession\": null, \"originalDueDate\": \"2025-08-28\", \"clientPaymentDate\": null, \"externalReference\": null, \"installmentNumber\": null, \"estimatedCreditDate\": null, \"canBePaidAfterDueDate\": true, \"lastInvoiceViewedDate\": null, \"transactionReceiptUrl\": null, \"lastBankSlipViewedDate\": null}, \"dateCreated\": \"2025-08-27 00:00:09\"}','2025-08-27 03:00:03'),(18,'asaas','SUBSCRIPTION_CREATED','sist2016','{\"id\": \"evt_6561b631fa5580caadd00bbe3b858607&10217391\", \"event\": \"SUBSCRIPTION_CREATED\", \"dateCreated\": \"2025-08-27 00:00:08\", \"subscription\": {\"id\": \"sub_0fy0e3k251d6nv7a\", \"fine\": {\"type\": \"FIXED\", \"value\": 0.0}, \"cycle\": \"MONTHLY\", \"split\": null, \"value\": 39.9, \"object\": \"subscription\", \"status\": \"ACTIVE\", \"deleted\": false, \"customer\": \"cus_000006966387\", \"interest\": {\"type\": \"PERCENTAGE\", \"value\": 0.0}, \"billingType\": \"BOLETO\", \"dateCreated\": \"27/08/2025\", \"description\": null, \"nextDueDate\": \"28/09/2025\", \"paymentLink\": null, \"checkoutSession\": null, \"externalReference\": null, \"sendPaymentByPostalService\": false}}','2025-08-27 03:00:06'),(19,'asaas','PAYMENT_DELETED','sist2016','{\"id\": \"evt_d545b50fbb17a226c5f4f4fd193922b7&10217601\", \"event\": \"PAYMENT_DELETED\", \"payment\": {\"id\": \"pay_76xbhfx1ag5rkoc6\", \"fine\": {\"type\": \"FIXED\", \"value\": 0.0}, \"value\": 39, \"escrow\": null, \"object\": \"payment\", \"status\": \"PENDING\", \"deleted\": true, \"dueDate\": \"2025-09-28\", \"refunds\": null, \"customer\": \"cus_000006966387\", \"discount\": {\"type\": \"FIXED\", \"value\": 0.0, \"limitDate\": null, \"dueDateLimitDays\": 0}, \"interest\": {\"type\": \"PERCENTAGE\", \"value\": 0.0}, \"netValue\": 38.01, \"creditDate\": null, \"invoiceUrl\": \"https://sandbox.asaas.com/i/76xbhfx1ag5rkoc6\", \"anticipable\": false, \"anticipated\": false, \"bankSlipUrl\": \"https://sandbox.asaas.com/b/pdf/76xbhfx1ag5rkoc6\", \"billingType\": \"BOLETO\", \"dateCreated\": \"2025-08-26\", \"description\": null, \"nossoNumero\": \"11294500\", \"paymentDate\": null, \"paymentLink\": null, \"subscription\": \"sub_oj7reiut2zzofzz1\", \"interestValue\": null, \"invoiceNumber\": \"11124504\", \"originalValue\": null, \"postalService\": false, \"pixTransaction\": null, \"checkoutSession\": null, \"originalDueDate\": \"2025-09-28\", \"clientPaymentDate\": null, \"externalReference\": null, \"installmentNumber\": null, \"estimatedCreditDate\": null, \"canBePaidAfterDueDate\": true, \"lastInvoiceViewedDate\": null, \"transactionReceiptUrl\": \"https://sandbox.asaas.com/comprovantes/h/UEFZTUVOVF9ERUxFVEVEOnBheV83NnhiaGZ4MWFnNXJrb2M2\", \"lastBankSlipViewedDate\": null}, \"dateCreated\": \"2025-08-27 00:00:42\"}','2025-08-27 03:00:36'),(20,'asaas','PAYMENT_RECEIVED','sist2016','{\"id\": \"evt_d26e303b238e509335ac9ba210e51b0f&10217757\", \"event\": \"PAYMENT_RECEIVED\", \"payment\": {\"id\": \"pay_grb9ecct76qjw6ap\", \"fine\": {\"type\": \"FIXED\", \"value\": 0.0}, \"value\": 39.9, \"escrow\": null, \"object\": \"payment\", \"status\": \"RECEIVED\", \"deleted\": false, \"dueDate\": \"2025-08-28\", \"refunds\": null, \"customer\": \"cus_000006966387\", \"discount\": {\"type\": \"FIXED\", \"value\": 0.0, \"limitDate\": null, \"dueDateLimitDays\": 0}, \"interest\": {\"type\": \"PERCENTAGE\", \"value\": 0.0}, \"netValue\": 38.91, \"creditDate\": \"2025-08-27\", \"invoiceUrl\": \"https://sandbox.asaas.com/i/grb9ecct76qjw6ap\", \"anticipable\": false, \"anticipated\": false, \"bankSlipUrl\": \"https://sandbox.asaas.com/b/pdf/grb9ecct76qjw6ap\", \"billingType\": \"BOLETO\", \"dateCreated\": \"2025-08-27\", \"description\": null, \"nossoNumero\": \"11294505\", \"paymentDate\": \"2025-08-27\", \"paymentLink\": null, \"subscription\": \"sub_0fy0e3k251d6nv7a\", \"confirmedDate\": \"2025-08-27\", \"interestValue\": null, \"invoiceNumber\": \"11124532\", \"originalValue\": null, \"postalService\": false, \"pixTransaction\": null, \"checkoutSession\": null, \"originalDueDate\": \"2025-08-28\", \"clientPaymentDate\": \"2025-08-27\", \"externalReference\": null, \"installmentNumber\": null, \"estimatedCreditDate\": \"2025-08-27\", \"canBePaidAfterDueDate\": true, \"lastInvoiceViewedDate\": null, \"transactionReceiptUrl\": \"https://sandbox.asaas.com/comprovantes/h/UEFZTUVOVF9SRUNFSVZFRDpwYXlfZ3JiOWVjY3Q3NnFqdzZhcA%3D%3D\", \"lastBankSlipViewedDate\": null}, \"dateCreated\": \"2025-08-27 00:00:54\"}','2025-08-27 03:00:48'),(21,'asaas','PAYMENT_CREATED','sist2016','{\"id\": \"evt_05b708f961d739ea7eba7e4db318f621&10218484\", \"event\": \"PAYMENT_CREATED\", \"payment\": {\"id\": \"pay_k1gymgv87rkii6mt\", \"fine\": {\"type\": \"FIXED\", \"value\": 0.0}, \"value\": 19, \"escrow\": null, \"object\": \"payment\", \"status\": \"PENDING\", \"deleted\": false, \"dueDate\": \"2025-08-28\", \"refunds\": null, \"customer\": \"cus_000006966387\", \"discount\": {\"type\": \"FIXED\", \"value\": 0.0, \"limitDate\": null, \"dueDateLimitDays\": 0}, \"interest\": {\"type\": \"PERCENTAGE\", \"value\": 0.0}, \"netValue\": 18.01, \"creditDate\": null, \"invoiceUrl\": \"https://sandbox.asaas.com/i/k1gymgv87rkii6mt\", \"anticipable\": false, \"anticipated\": false, \"bankSlipUrl\": \"https://sandbox.asaas.com/b/pdf/k1gymgv87rkii6mt\", \"billingType\": \"BOLETO\", \"dateCreated\": \"2025-08-27\", \"description\": null, \"nossoNumero\": \"11294790\", \"paymentDate\": null, \"paymentLink\": null, \"subscription\": \"sub_cr0mzl8tlvsbq9fj\", \"interestValue\": null, \"invoiceNumber\": \"11126157\", \"originalValue\": null, \"postalService\": false, \"pixTransaction\": null, \"checkoutSession\": null, \"originalDueDate\": \"2025-08-28\", \"clientPaymentDate\": null, \"externalReference\": null, \"installmentNumber\": null, \"estimatedCreditDate\": null, \"canBePaidAfterDueDate\": true, \"lastInvoiceViewedDate\": null, \"transactionReceiptUrl\": null, \"lastBankSlipViewedDate\": null}, \"dateCreated\": \"2025-08-27 00:05:45\"}','2025-08-27 03:05:39'),(22,'asaas','SUBSCRIPTION_CREATED','sist2016','{\"id\": \"evt_6561b631fa5580caadd00bbe3b858607&10218482\", \"event\": \"SUBSCRIPTION_CREATED\", \"dateCreated\": \"2025-08-27 00:05:45\", \"subscription\": {\"id\": \"sub_cr0mzl8tlvsbq9fj\", \"fine\": {\"type\": \"FIXED\", \"value\": 0.0}, \"cycle\": \"MONTHLY\", \"split\": null, \"value\": 19, \"object\": \"subscription\", \"status\": \"ACTIVE\", \"deleted\": false, \"customer\": \"cus_000006966387\", \"interest\": {\"type\": \"PERCENTAGE\", \"value\": 0.0}, \"billingType\": \"BOLETO\", \"dateCreated\": \"27/08/2025\", \"description\": null, \"nextDueDate\": \"28/09/2025\", \"paymentLink\": null, \"checkoutSession\": null, \"externalReference\": null, \"sendPaymentByPostalService\": false}}','2025-08-27 03:05:42'),(23,'asaas','PAYMENT_CREATED','sist2016','{\"id\": \"evt_05b708f961d739ea7eba7e4db318f621&10218508\", \"event\": \"PAYMENT_CREATED\", \"payment\": {\"id\": \"pay_kqa3wirrzaeb84q5\", \"fine\": {\"type\": \"FIXED\", \"value\": 0.0}, \"value\": 90, \"escrow\": null, \"object\": \"payment\", \"status\": \"PENDING\", \"deleted\": false, \"dueDate\": \"2025-08-28\", \"refunds\": null, \"customer\": \"cus_000006966387\", \"discount\": {\"type\": \"FIXED\", \"value\": 0.0, \"limitDate\": null, \"dueDateLimitDays\": 0}, \"interest\": {\"type\": \"PERCENTAGE\", \"value\": 0.0}, \"netValue\": 89.01, \"creditDate\": null, \"invoiceUrl\": \"https://sandbox.asaas.com/i/kqa3wirrzaeb84q5\", \"anticipable\": false, \"anticipated\": false, \"bankSlipUrl\": \"https://sandbox.asaas.com/b/pdf/kqa3wirrzaeb84q5\", \"billingType\": \"BOLETO\", \"dateCreated\": \"2025-08-27\", \"description\": null, \"nossoNumero\": \"11294796\", \"paymentDate\": null, \"paymentLink\": null, \"subscription\": \"sub_ygvrn3twrvo72zkq\", \"interestValue\": null, \"invoiceNumber\": \"11126236\", \"originalValue\": null, \"postalService\": false, \"pixTransaction\": null, \"checkoutSession\": null, \"originalDueDate\": \"2025-08-28\", \"clientPaymentDate\": null, \"externalReference\": null, \"installmentNumber\": null, \"estimatedCreditDate\": null, \"canBePaidAfterDueDate\": true, \"lastInvoiceViewedDate\": null, \"transactionReceiptUrl\": null, \"lastBankSlipViewedDate\": null}, \"dateCreated\": \"2025-08-27 00:06:00\"}','2025-08-27 03:05:54'),(24,'asaas','SUBSCRIPTION_CREATED','sist2016','{\"id\": \"evt_6561b631fa5580caadd00bbe3b858607&10218506\", \"event\": \"SUBSCRIPTION_CREATED\", \"dateCreated\": \"2025-08-27 00:05:59\", \"subscription\": {\"id\": \"sub_ygvrn3twrvo72zkq\", \"fine\": {\"type\": \"FIXED\", \"value\": 0.0}, \"cycle\": \"MONTHLY\", \"split\": null, \"value\": 90, \"object\": \"subscription\", \"status\": \"ACTIVE\", \"deleted\": false, \"customer\": \"cus_000006966387\", \"interest\": {\"type\": \"PERCENTAGE\", \"value\": 0.0}, \"billingType\": \"BOLETO\", \"dateCreated\": \"27/08/2025\", \"description\": null, \"nextDueDate\": \"28/09/2025\", \"paymentLink\": null, \"checkoutSession\": null, \"externalReference\": null, \"sendPaymentByPostalService\": false}}','2025-08-27 03:06:03'),(25,'asaas','PAYMENT_CREATED','sist2016','{\"id\": \"evt_05b708f961d739ea7eba7e4db318f621&10219004\", \"event\": \"PAYMENT_CREATED\", \"payment\": {\"id\": \"pay_m81tgvovpotaqgb2\", \"fine\": {\"type\": \"FIXED\", \"value\": 0.0}, \"value\": 39.9, \"escrow\": null, \"object\": \"payment\", \"status\": \"PENDING\", \"deleted\": false, \"dueDate\": \"2025-09-28\", \"refunds\": null, \"customer\": \"cus_000006966387\", \"discount\": {\"type\": \"FIXED\", \"value\": 0.0, \"limitDate\": null, \"dueDateLimitDays\": 0}, \"interest\": {\"type\": \"PERCENTAGE\", \"value\": 0.0}, \"netValue\": 38.91, \"creditDate\": null, \"invoiceUrl\": \"https://sandbox.asaas.com/i/m81tgvovpotaqgb2\", \"anticipable\": false, \"anticipated\": false, \"bankSlipUrl\": \"https://sandbox.asaas.com/b/pdf/m81tgvovpotaqgb2\", \"billingType\": \"BOLETO\", \"dateCreated\": \"2025-08-27\", \"description\": null, \"nossoNumero\": \"11295025\", \"paymentDate\": null, \"paymentLink\": null, \"subscription\": \"sub_m37otvjawtmxk9dz\", \"interestValue\": null, \"invoiceNumber\": \"11127006\", \"originalValue\": null, \"postalService\": false, \"pixTransaction\": null, \"checkoutSession\": null, \"originalDueDate\": \"2025-09-28\", \"clientPaymentDate\": null, \"externalReference\": null, \"installmentNumber\": null, \"estimatedCreditDate\": null, \"canBePaidAfterDueDate\": true, \"lastInvoiceViewedDate\": null, \"transactionReceiptUrl\": null, \"lastBankSlipViewedDate\": null}, \"dateCreated\": \"2025-08-27 00:08:27\"}','2025-08-27 03:08:21'),(26,'asaas','PAYMENT_CREATED','sist2016','{\"id\": \"evt_05b708f961d739ea7eba7e4db318f621&10219005\", \"event\": \"PAYMENT_CREATED\", \"payment\": {\"id\": \"pay_q3xib9okthkbf5jx\", \"fine\": {\"type\": \"FIXED\", \"value\": 0.0}, \"value\": 39.9, \"escrow\": null, \"object\": \"payment\", \"status\": \"PENDING\", \"deleted\": false, \"dueDate\": \"2025-09-28\", \"refunds\": null, \"customer\": \"cus_000006966387\", \"discount\": {\"type\": \"FIXED\", \"value\": 0.0, \"limitDate\": null, \"dueDateLimitDays\": 0}, \"interest\": {\"type\": \"PERCENTAGE\", \"value\": 0.0}, \"netValue\": 38.91, \"creditDate\": null, \"invoiceUrl\": \"https://sandbox.asaas.com/i/q3xib9okthkbf5jx\", \"anticipable\": false, \"anticipated\": false, \"bankSlipUrl\": \"https://sandbox.asaas.com/b/pdf/q3xib9okthkbf5jx\", \"billingType\": \"BOLETO\", \"dateCreated\": \"2025-08-27\", \"description\": null, \"nossoNumero\": \"11295026\", \"paymentDate\": null, \"paymentLink\": null, \"subscription\": \"sub_bkfv6nk32zy2iv68\", \"interestValue\": null, \"invoiceNumber\": \"11127007\", \"originalValue\": null, \"postalService\": false, \"pixTransaction\": null, \"checkoutSession\": null, \"originalDueDate\": \"2025-09-28\", \"clientPaymentDate\": null, \"externalReference\": null, \"installmentNumber\": null, \"estimatedCreditDate\": null, \"canBePaidAfterDueDate\": true, \"lastInvoiceViewedDate\": null, \"transactionReceiptUrl\": null, \"lastBankSlipViewedDate\": null}, \"dateCreated\": \"2025-08-27 00:08:27\"}','2025-08-27 03:08:21'),(27,'asaas','PAYMENT_CREATED','sist2016','{\"id\": \"evt_05b708f961d739ea7eba7e4db318f621&10219017\", \"event\": \"PAYMENT_CREATED\", \"payment\": {\"id\": \"pay_n4shp20ntvxun20g\", \"fine\": {\"type\": \"FIXED\", \"value\": 0.0}, \"value\": 39.9, \"escrow\": null, \"object\": \"payment\", \"status\": \"PENDING\", \"deleted\": false, \"dueDate\": \"2025-09-28\", \"refunds\": null, \"customer\": \"cus_000006966387\", \"discount\": {\"type\": \"FIXED\", \"value\": 0.0, \"limitDate\": null, \"dueDateLimitDays\": 0}, \"interest\": {\"type\": \"PERCENTAGE\", \"value\": 0.0}, \"netValue\": 38.91, \"creditDate\": null, \"invoiceUrl\": \"https://sandbox.asaas.com/i/n4shp20ntvxun20g\", \"anticipable\": false, \"anticipated\": false, \"bankSlipUrl\": \"https://sandbox.asaas.com/b/pdf/n4shp20ntvxun20g\", \"billingType\": \"BOLETO\", \"dateCreated\": \"2025-08-27\", \"description\": null, \"nossoNumero\": \"11295036\", \"paymentDate\": null, \"paymentLink\": null, \"subscription\": \"sub_67szm169bttn99wo\", \"interestValue\": null, \"invoiceNumber\": \"11127026\", \"originalValue\": null, \"postalService\": false, \"pixTransaction\": null, \"checkoutSession\": null, \"originalDueDate\": \"2025-09-28\", \"clientPaymentDate\": null, \"externalReference\": null, \"installmentNumber\": null, \"estimatedCreditDate\": null, \"canBePaidAfterDueDate\": true, \"lastInvoiceViewedDate\": null, \"transactionReceiptUrl\": null, \"lastBankSlipViewedDate\": null}, \"dateCreated\": \"2025-08-27 00:15:03\"}','2025-08-27 03:14:57'),(28,'asaas','PAYMENT_DELETED','sist2016','{\"id\": \"evt_d545b50fbb17a226c5f4f4fd193922b7&10219021\", \"event\": \"PAYMENT_DELETED\", \"payment\": {\"id\": \"pay_n4shp20ntvxun20g\", \"fine\": {\"type\": \"FIXED\", \"value\": 0.0}, \"value\": 39.9, \"escrow\": null, \"object\": \"payment\", \"status\": \"PENDING\", \"deleted\": true, \"dueDate\": \"2025-09-28\", \"refunds\": null, \"customer\": \"cus_000006966387\", \"discount\": {\"type\": \"FIXED\", \"value\": 0.0, \"limitDate\": null, \"dueDateLimitDays\": 0}, \"interest\": {\"type\": \"PERCENTAGE\", \"value\": 0.0}, \"netValue\": 38.91, \"creditDate\": null, \"invoiceUrl\": \"https://sandbox.asaas.com/i/n4shp20ntvxun20g\", \"anticipable\": false, \"anticipated\": false, \"bankSlipUrl\": \"https://sandbox.asaas.com/b/pdf/n4shp20ntvxun20g\", \"billingType\": \"BOLETO\", \"dateCreated\": \"2025-08-27\", \"description\": null, \"nossoNumero\": \"11295036\", \"paymentDate\": null, \"paymentLink\": null, \"subscription\": \"sub_67szm169bttn99wo\", \"interestValue\": null, \"invoiceNumber\": \"11127026\", \"originalValue\": null, \"postalService\": false, \"pixTransaction\": null, \"checkoutSession\": null, \"originalDueDate\": \"2025-09-28\", \"clientPaymentDate\": null, \"externalReference\": null, \"installmentNumber\": null, \"estimatedCreditDate\": null, \"canBePaidAfterDueDate\": true, \"lastInvoiceViewedDate\": null, \"transactionReceiptUrl\": \"https://sandbox.asaas.com/comprovantes/h/UEFZTUVOVF9ERUxFVEVEOnBheV9uNHNocDIwbnR2eHVuMjBn\", \"lastBankSlipViewedDate\": null}, \"dateCreated\": \"2025-08-27 00:16:19\"}','2025-08-27 03:16:14'),(29,'asaas','PAYMENT_DELETED','sist2016','{\"id\": \"evt_d545b50fbb17a226c5f4f4fd193922b7&10219022\", \"event\": \"PAYMENT_DELETED\", \"payment\": {\"id\": \"pay_k1gymgv87rkii6mt\", \"fine\": {\"type\": \"FIXED\", \"value\": 0.0}, \"value\": 19, \"escrow\": null, \"object\": \"payment\", \"status\": \"PENDING\", \"deleted\": true, \"dueDate\": \"2025-08-28\", \"refunds\": null, \"customer\": \"cus_000006966387\", \"discount\": {\"type\": \"FIXED\", \"value\": 0.0, \"limitDate\": null, \"dueDateLimitDays\": 0}, \"interest\": {\"type\": \"PERCENTAGE\", \"value\": 0.0}, \"netValue\": 18.01, \"creditDate\": null, \"invoiceUrl\": \"https://sandbox.asaas.com/i/k1gymgv87rkii6mt\", \"anticipable\": false, \"anticipated\": false, \"bankSlipUrl\": \"https://sandbox.asaas.com/b/pdf/k1gymgv87rkii6mt\", \"billingType\": \"BOLETO\", \"dateCreated\": \"2025-08-27\", \"description\": null, \"nossoNumero\": \"11294790\", \"paymentDate\": null, \"paymentLink\": null, \"subscription\": \"sub_cr0mzl8tlvsbq9fj\", \"interestValue\": null, \"invoiceNumber\": \"11126157\", \"originalValue\": null, \"postalService\": false, \"pixTransaction\": null, \"checkoutSession\": null, \"originalDueDate\": \"2025-08-28\", \"clientPaymentDate\": null, \"externalReference\": null, \"installmentNumber\": null, \"estimatedCreditDate\": null, \"canBePaidAfterDueDate\": true, \"lastInvoiceViewedDate\": null, \"transactionReceiptUrl\": \"https://sandbox.asaas.com/comprovantes/h/UEFZTUVOVF9ERUxFVEVEOnBheV9rMWd5bWd2ODdya2lpNm10\", \"lastBankSlipViewedDate\": null}, \"dateCreated\": \"2025-08-27 00:16:27\"}','2025-08-27 03:16:21'),(30,'asaas','PAYMENT_DELETED','sist2016','{\"id\": \"evt_d545b50fbb17a226c5f4f4fd193922b7&10219023\", \"event\": \"PAYMENT_DELETED\", \"payment\": {\"id\": \"pay_q3xib9okthkbf5jx\", \"fine\": {\"type\": \"FIXED\", \"value\": 0.0}, \"value\": 39.9, \"escrow\": null, \"object\": \"payment\", \"status\": \"PENDING\", \"deleted\": true, \"dueDate\": \"2025-09-28\", \"refunds\": null, \"customer\": \"cus_000006966387\", \"discount\": {\"type\": \"FIXED\", \"value\": 0.0, \"limitDate\": null, \"dueDateLimitDays\": 0}, \"interest\": {\"type\": \"PERCENTAGE\", \"value\": 0.0}, \"netValue\": 38.91, \"creditDate\": null, \"invoiceUrl\": \"https://sandbox.asaas.com/i/q3xib9okthkbf5jx\", \"anticipable\": false, \"anticipated\": false, \"bankSlipUrl\": \"https://sandbox.asaas.com/b/pdf/q3xib9okthkbf5jx\", \"billingType\": \"BOLETO\", \"dateCreated\": \"2025-08-27\", \"description\": null, \"nossoNumero\": \"11295026\", \"paymentDate\": null, \"paymentLink\": null, \"subscription\": \"sub_bkfv6nk32zy2iv68\", \"interestValue\": null, \"invoiceNumber\": \"11127007\", \"originalValue\": null, \"postalService\": false, \"pixTransaction\": null, \"checkoutSession\": null, \"originalDueDate\": \"2025-09-28\", \"clientPaymentDate\": null, \"externalReference\": null, \"installmentNumber\": null, \"estimatedCreditDate\": null, \"canBePaidAfterDueDate\": true, \"lastInvoiceViewedDate\": null, \"transactionReceiptUrl\": \"https://sandbox.asaas.com/comprovantes/h/UEFZTUVOVF9ERUxFVEVEOnBheV9xM3hpYjlva3Roa2JmNWp4\", \"lastBankSlipViewedDate\": null}, \"dateCreated\": \"2025-08-27 00:16:33\"}','2025-08-27 03:16:27'),(31,'asaas','PAYMENT_DELETED','sist2016','{\"id\": \"evt_d545b50fbb17a226c5f4f4fd193922b7&10219024\", \"event\": \"PAYMENT_DELETED\", \"payment\": {\"id\": \"pay_m81tgvovpotaqgb2\", \"fine\": {\"type\": \"FIXED\", \"value\": 0.0}, \"value\": 39.9, \"escrow\": null, \"object\": \"payment\", \"status\": \"PENDING\", \"deleted\": true, \"dueDate\": \"2025-09-28\", \"refunds\": null, \"customer\": \"cus_000006966387\", \"discount\": {\"type\": \"FIXED\", \"value\": 0.0, \"limitDate\": null, \"dueDateLimitDays\": 0}, \"interest\": {\"type\": \"PERCENTAGE\", \"value\": 0.0}, \"netValue\": 38.91, \"creditDate\": null, \"invoiceUrl\": \"https://sandbox.asaas.com/i/m81tgvovpotaqgb2\", \"anticipable\": false, \"anticipated\": false, \"bankSlipUrl\": \"https://sandbox.asaas.com/b/pdf/m81tgvovpotaqgb2\", \"billingType\": \"BOLETO\", \"dateCreated\": \"2025-08-27\", \"description\": null, \"nossoNumero\": \"11295025\", \"paymentDate\": null, \"paymentLink\": null, \"subscription\": \"sub_m37otvjawtmxk9dz\", \"interestValue\": null, \"invoiceNumber\": \"11127006\", \"originalValue\": null, \"postalService\": false, \"pixTransaction\": null, \"checkoutSession\": null, \"originalDueDate\": \"2025-09-28\", \"clientPaymentDate\": null, \"externalReference\": null, \"installmentNumber\": null, \"estimatedCreditDate\": null, \"canBePaidAfterDueDate\": true, \"lastInvoiceViewedDate\": null, \"transactionReceiptUrl\": \"https://sandbox.asaas.com/comprovantes/h/UEFZTUVOVF9ERUxFVEVEOnBheV9tODF0Z3ZvdnBvdGFxZ2Iy\", \"lastBankSlipViewedDate\": null}, \"dateCreated\": \"2025-08-27 00:16:42\"}','2025-08-27 03:16:36'),(32,'asaas','PAYMENT_DELETED','sist2016','{\"id\": \"evt_d545b50fbb17a226c5f4f4fd193922b7&10219025\", \"event\": \"PAYMENT_DELETED\", \"payment\": {\"id\": \"pay_kqa3wirrzaeb84q5\", \"fine\": {\"type\": \"FIXED\", \"value\": 0.0}, \"value\": 90, \"escrow\": null, \"object\": \"payment\", \"status\": \"PENDING\", \"deleted\": true, \"dueDate\": \"2025-08-28\", \"refunds\": null, \"customer\": \"cus_000006966387\", \"discount\": {\"type\": \"FIXED\", \"value\": 0.0, \"limitDate\": null, \"dueDateLimitDays\": 0}, \"interest\": {\"type\": \"PERCENTAGE\", \"value\": 0.0}, \"netValue\": 89.01, \"creditDate\": null, \"invoiceUrl\": \"https://sandbox.asaas.com/i/kqa3wirrzaeb84q5\", \"anticipable\": false, \"anticipated\": false, \"bankSlipUrl\": \"https://sandbox.asaas.com/b/pdf/kqa3wirrzaeb84q5\", \"billingType\": \"BOLETO\", \"dateCreated\": \"2025-08-27\", \"description\": null, \"nossoNumero\": \"11294796\", \"paymentDate\": null, \"paymentLink\": null, \"subscription\": \"sub_ygvrn3twrvo72zkq\", \"interestValue\": null, \"invoiceNumber\": \"11126236\", \"originalValue\": null, \"postalService\": false, \"pixTransaction\": null, \"checkoutSession\": null, \"originalDueDate\": \"2025-08-28\", \"clientPaymentDate\": null, \"externalReference\": null, \"installmentNumber\": null, \"estimatedCreditDate\": null, \"canBePaidAfterDueDate\": true, \"lastInvoiceViewedDate\": null, \"transactionReceiptUrl\": \"https://sandbox.asaas.com/comprovantes/h/UEFZTUVOVF9ERUxFVEVEOnBheV9rcWEzd2lycnphZWI4NHE1\", \"lastBankSlipViewedDate\": null}, \"dateCreated\": \"2025-08-27 00:16:52\"}','2025-08-27 03:16:47'),(33,'asaas','PAYMENT_CREATED','sist2016','{\"id\": \"evt_05b708f961d739ea7eba7e4db318f621&10219027\", \"event\": \"PAYMENT_CREATED\", \"payment\": {\"id\": \"pay_f0fjfp12wb1urenu\", \"fine\": {\"type\": \"FIXED\", \"value\": 0.0}, \"value\": 90, \"escrow\": null, \"object\": \"payment\", \"status\": \"PENDING\", \"deleted\": false, \"dueDate\": \"2025-08-28\", \"refunds\": null, \"customer\": \"cus_000006966387\", \"discount\": {\"type\": \"FIXED\", \"value\": 0.0, \"limitDate\": null, \"dueDateLimitDays\": 0}, \"interest\": {\"type\": \"PERCENTAGE\", \"value\": 0.0}, \"netValue\": 89.01, \"creditDate\": null, \"invoiceUrl\": \"https://sandbox.asaas.com/i/f0fjfp12wb1urenu\", \"anticipable\": false, \"anticipated\": false, \"bankSlipUrl\": \"https://sandbox.asaas.com/b/pdf/f0fjfp12wb1urenu\", \"billingType\": \"BOLETO\", \"dateCreated\": \"2025-08-27\", \"description\": null, \"nossoNumero\": \"11295038\", \"paymentDate\": null, \"paymentLink\": null, \"subscription\": \"sub_qif0lu19x18se0zp\", \"interestValue\": null, \"invoiceNumber\": \"11127029\", \"originalValue\": null, \"postalService\": false, \"pixTransaction\": null, \"checkoutSession\": null, \"originalDueDate\": \"2025-08-28\", \"clientPaymentDate\": null, \"externalReference\": null, \"installmentNumber\": null, \"estimatedCreditDate\": null, \"canBePaidAfterDueDate\": true, \"lastInvoiceViewedDate\": null, \"transactionReceiptUrl\": null, \"lastBankSlipViewedDate\": null}, \"dateCreated\": \"2025-08-27 00:17:06\"}','2025-08-27 03:17:00'),(34,'asaas','SUBSCRIPTION_CREATED','sist2016','{\"id\": \"evt_6561b631fa5580caadd00bbe3b858607&10219026\", \"event\": \"SUBSCRIPTION_CREATED\", \"dateCreated\": \"2025-08-27 00:17:05\", \"subscription\": {\"id\": \"sub_qif0lu19x18se0zp\", \"fine\": {\"type\": \"FIXED\", \"value\": 0.0}, \"cycle\": \"MONTHLY\", \"split\": null, \"value\": 90, \"object\": \"subscription\", \"status\": \"ACTIVE\", \"deleted\": false, \"customer\": \"cus_000006966387\", \"interest\": {\"type\": \"PERCENTAGE\", \"value\": 0.0}, \"billingType\": \"BOLETO\", \"dateCreated\": \"27/08/2025\", \"description\": null, \"nextDueDate\": \"28/09/2025\", \"paymentLink\": null, \"checkoutSession\": null, \"externalReference\": null, \"sendPaymentByPostalService\": false}}','2025-08-27 03:17:04'),(35,'asaas','PAYMENT_RECEIVED','sist2016','{\"id\": \"evt_d26e303b238e509335ac9ba210e51b0f&10219028\", \"event\": \"PAYMENT_RECEIVED\", \"payment\": {\"id\": \"pay_f0fjfp12wb1urenu\", \"fine\": {\"type\": \"FIXED\", \"value\": 0.0}, \"value\": 90, \"escrow\": null, \"object\": \"payment\", \"status\": \"RECEIVED\", \"deleted\": false, \"dueDate\": \"2025-08-28\", \"refunds\": null, \"customer\": \"cus_000006966387\", \"discount\": {\"type\": \"FIXED\", \"value\": 0.0, \"limitDate\": null, \"dueDateLimitDays\": 0}, \"interest\": {\"type\": \"PERCENTAGE\", \"value\": 0.0}, \"netValue\": 89.01, \"creditDate\": \"2025-08-27\", \"invoiceUrl\": \"https://sandbox.asaas.com/i/f0fjfp12wb1urenu\", \"anticipable\": false, \"anticipated\": false, \"bankSlipUrl\": \"https://sandbox.asaas.com/b/pdf/f0fjfp12wb1urenu\", \"billingType\": \"BOLETO\", \"dateCreated\": \"2025-08-27\", \"description\": null, \"nossoNumero\": \"11295038\", \"paymentDate\": \"2025-08-27\", \"paymentLink\": null, \"subscription\": \"sub_qif0lu19x18se0zp\", \"confirmedDate\": \"2025-08-27\", \"interestValue\": null, \"invoiceNumber\": \"11127029\", \"originalValue\": null, \"postalService\": false, \"pixTransaction\": null, \"checkoutSession\": null, \"originalDueDate\": \"2025-08-28\", \"clientPaymentDate\": \"2025-08-27\", \"externalReference\": null, \"installmentNumber\": null, \"estimatedCreditDate\": \"2025-08-27\", \"canBePaidAfterDueDate\": true, \"lastInvoiceViewedDate\": null, \"transactionReceiptUrl\": \"https://sandbox.asaas.com/comprovantes/h/UEFZTUVOVF9SRUNFSVZFRDpwYXlfZjBmamZwMTJ3YjF1cmVudQ%3D%3D\", \"lastBankSlipViewedDate\": null}, \"dateCreated\": \"2025-08-27 00:17:25\"}','2025-08-27 03:17:20'),(36,'asaas','PAYMENT_CREATED','sist2016','{\"id\": \"evt_05b708f961d739ea7eba7e4db318f621&10219071\", \"event\": \"PAYMENT_CREATED\", \"payment\": {\"id\": \"pay_6oulxw9z93631hh2\", \"fine\": {\"type\": \"FIXED\", \"value\": 0.0}, \"value\": 19, \"escrow\": null, \"object\": \"payment\", \"status\": \"PENDING\", \"deleted\": false, \"dueDate\": \"2025-08-28\", \"refunds\": null, \"customer\": \"cus_000006966387\", \"discount\": {\"type\": \"FIXED\", \"value\": 0.0, \"limitDate\": null, \"dueDateLimitDays\": 0}, \"interest\": {\"type\": \"PERCENTAGE\", \"value\": 0.0}, \"netValue\": 18.01, \"creditDate\": null, \"invoiceUrl\": \"https://sandbox.asaas.com/i/6oulxw9z93631hh2\", \"anticipable\": false, \"anticipated\": false, \"bankSlipUrl\": \"https://sandbox.asaas.com/b/pdf/6oulxw9z93631hh2\", \"billingType\": \"BOLETO\", \"dateCreated\": \"2025-08-27\", \"description\": null, \"nossoNumero\": \"11295049\", \"paymentDate\": null, \"paymentLink\": null, \"subscription\": \"sub_y6vq2xdsun2tum47\", \"interestValue\": null, \"invoiceNumber\": \"11127087\", \"originalValue\": null, \"postalService\": false, \"pixTransaction\": null, \"checkoutSession\": null, \"originalDueDate\": \"2025-08-28\", \"clientPaymentDate\": null, \"externalReference\": null, \"installmentNumber\": null, \"estimatedCreditDate\": null, \"canBePaidAfterDueDate\": true, \"lastInvoiceViewedDate\": null, \"transactionReceiptUrl\": null, \"lastBankSlipViewedDate\": null}, \"dateCreated\": \"2025-08-27 00:28:34\"}','2025-08-27 03:28:29'),(37,'asaas','SUBSCRIPTION_CREATED','sist2016','{\"id\": \"evt_6561b631fa5580caadd00bbe3b858607&10219070\", \"event\": \"SUBSCRIPTION_CREATED\", \"dateCreated\": \"2025-08-27 00:28:33\", \"subscription\": {\"id\": \"sub_y6vq2xdsun2tum47\", \"fine\": {\"type\": \"FIXED\", \"value\": 0.0}, \"cycle\": \"MONTHLY\", \"split\": null, \"value\": 19, \"object\": \"subscription\", \"status\": \"ACTIVE\", \"deleted\": false, \"customer\": \"cus_000006966387\", \"interest\": {\"type\": \"PERCENTAGE\", \"value\": 0.0}, \"billingType\": \"BOLETO\", \"dateCreated\": \"27/08/2025\", \"description\": null, \"nextDueDate\": \"28/09/2025\", \"paymentLink\": null, \"checkoutSession\": null, \"externalReference\": null, \"sendPaymentByPostalService\": false}}','2025-08-27 03:28:37'),(38,'asaas','PAYMENT_RECEIVED','sist2016','{\"id\": \"evt_d26e303b238e509335ac9ba210e51b0f&10219072\", \"event\": \"PAYMENT_RECEIVED\", \"payment\": {\"id\": \"pay_6oulxw9z93631hh2\", \"fine\": {\"type\": \"FIXED\", \"value\": 0.0}, \"value\": 19, \"escrow\": null, \"object\": \"payment\", \"status\": \"RECEIVED\", \"deleted\": false, \"dueDate\": \"2025-08-28\", \"refunds\": null, \"customer\": \"cus_000006966387\", \"discount\": {\"type\": \"FIXED\", \"value\": 0.0, \"limitDate\": null, \"dueDateLimitDays\": 0}, \"interest\": {\"type\": \"PERCENTAGE\", \"value\": 0.0}, \"netValue\": 18.01, \"creditDate\": \"2025-08-27\", \"invoiceUrl\": \"https://sandbox.asaas.com/i/6oulxw9z93631hh2\", \"anticipable\": false, \"anticipated\": false, \"bankSlipUrl\": \"https://sandbox.asaas.com/b/pdf/6oulxw9z93631hh2\", \"billingType\": \"BOLETO\", \"dateCreated\": \"2025-08-27\", \"description\": null, \"nossoNumero\": \"11295049\", \"paymentDate\": \"2025-08-27\", \"paymentLink\": null, \"subscription\": \"sub_y6vq2xdsun2tum47\", \"confirmedDate\": \"2025-08-27\", \"interestValue\": null, \"invoiceNumber\": \"11127087\", \"originalValue\": null, \"postalService\": false, \"pixTransaction\": null, \"checkoutSession\": null, \"originalDueDate\": \"2025-08-28\", \"clientPaymentDate\": \"2025-08-27\", \"externalReference\": null, \"installmentNumber\": null, \"estimatedCreditDate\": \"2025-08-27\", \"canBePaidAfterDueDate\": true, \"lastInvoiceViewedDate\": null, \"transactionReceiptUrl\": \"https://sandbox.asaas.com/comprovantes/h/UEFZTUVOVF9SRUNFSVZFRDpwYXlfNm91bHh3OXo5MzYzMWhoMg%3D%3D\", \"lastBankSlipViewedDate\": null}, \"dateCreated\": \"2025-08-27 00:28:55\"}','2025-08-27 03:28:50'),(39,'asaas','PAYMENT_CREATED','sist2016','{\"id\": \"evt_05b708f961d739ea7eba7e4db318f621&10219090\", \"event\": \"PAYMENT_CREATED\", \"payment\": {\"id\": \"pay_6a5jpyk4qxl0jrj4\", \"fine\": {\"type\": \"FIXED\", \"value\": 0.0}, \"value\": 90, \"escrow\": null, \"object\": \"payment\", \"status\": \"PENDING\", \"deleted\": false, \"dueDate\": \"2025-08-28\", \"refunds\": null, \"customer\": \"cus_000006966387\", \"discount\": {\"type\": \"FIXED\", \"value\": 0.0, \"limitDate\": null, \"dueDateLimitDays\": 0}, \"interest\": {\"type\": \"PERCENTAGE\", \"value\": 0.0}, \"netValue\": 89.01, \"creditDate\": null, \"invoiceUrl\": \"https://sandbox.asaas.com/i/6a5jpyk4qxl0jrj4\", \"anticipable\": false, \"anticipated\": false, \"bankSlipUrl\": \"https://sandbox.asaas.com/b/pdf/6a5jpyk4qxl0jrj4\", \"billingType\": \"BOLETO\", \"dateCreated\": \"2025-08-27\", \"description\": null, \"nossoNumero\": \"11295051\", \"paymentDate\": null, \"paymentLink\": null, \"subscription\": \"sub_5nqj2eqh5twmg2bb\", \"interestValue\": null, \"invoiceNumber\": \"11127094\", \"originalValue\": null, \"postalService\": false, \"pixTransaction\": null, \"checkoutSession\": null, \"originalDueDate\": \"2025-08-28\", \"clientPaymentDate\": null, \"externalReference\": null, \"installmentNumber\": null, \"estimatedCreditDate\": null, \"canBePaidAfterDueDate\": true, \"lastInvoiceViewedDate\": null, \"transactionReceiptUrl\": null, \"lastBankSlipViewedDate\": null}, \"dateCreated\": \"2025-08-27 00:29:19\"}','2025-08-27 03:29:14'),(40,'asaas','SUBSCRIPTION_CREATED','sist2016','{\"id\": \"evt_6561b631fa5580caadd00bbe3b858607&10219089\", \"event\": \"SUBSCRIPTION_CREATED\", \"dateCreated\": \"2025-08-27 00:29:19\", \"subscription\": {\"id\": \"sub_5nqj2eqh5twmg2bb\", \"fine\": {\"type\": \"FIXED\", \"value\": 0.0}, \"cycle\": \"MONTHLY\", \"split\": null, \"value\": 90, \"object\": \"subscription\", \"status\": \"ACTIVE\", \"deleted\": false, \"customer\": \"cus_000006966387\", \"interest\": {\"type\": \"PERCENTAGE\", \"value\": 0.0}, \"billingType\": \"BOLETO\", \"dateCreated\": \"27/08/2025\", \"description\": null, \"nextDueDate\": \"28/09/2025\", \"paymentLink\": null, \"checkoutSession\": null, \"externalReference\": null, \"sendPaymentByPostalService\": false}}','2025-08-27 03:29:19'),(41,'asaas','PAYMENT_RECEIVED','sist2016','{\"id\": \"evt_d26e303b238e509335ac9ba210e51b0f&10219091\", \"event\": \"PAYMENT_RECEIVED\", \"payment\": {\"id\": \"pay_6a5jpyk4qxl0jrj4\", \"fine\": {\"type\": \"FIXED\", \"value\": 0.0}, \"value\": 90, \"escrow\": null, \"object\": \"payment\", \"status\": \"RECEIVED\", \"deleted\": false, \"dueDate\": \"2025-08-28\", \"refunds\": null, \"customer\": \"cus_000006966387\", \"discount\": {\"type\": \"FIXED\", \"value\": 0.0, \"limitDate\": null, \"dueDateLimitDays\": 0}, \"interest\": {\"type\": \"PERCENTAGE\", \"value\": 0.0}, \"netValue\": 89.01, \"creditDate\": \"2025-08-27\", \"invoiceUrl\": \"https://sandbox.asaas.com/i/6a5jpyk4qxl0jrj4\", \"anticipable\": false, \"anticipated\": false, \"bankSlipUrl\": \"https://sandbox.asaas.com/b/pdf/6a5jpyk4qxl0jrj4\", \"billingType\": \"BOLETO\", \"dateCreated\": \"2025-08-27\", \"description\": null, \"nossoNumero\": \"11295051\", \"paymentDate\": \"2025-08-27\", \"paymentLink\": null, \"subscription\": \"sub_5nqj2eqh5twmg2bb\", \"confirmedDate\": \"2025-08-27\", \"interestValue\": null, \"invoiceNumber\": \"11127094\", \"originalValue\": null, \"postalService\": false, \"pixTransaction\": null, \"checkoutSession\": null, \"originalDueDate\": \"2025-08-28\", \"clientPaymentDate\": \"2025-08-27\", \"externalReference\": null, \"installmentNumber\": null, \"estimatedCreditDate\": \"2025-08-27\", \"canBePaidAfterDueDate\": true, \"lastInvoiceViewedDate\": null, \"transactionReceiptUrl\": \"https://sandbox.asaas.com/comprovantes/h/UEFZTUVOVF9SRUNFSVZFRDpwYXlfNmE1anB5azRxeGwwanJqNA%3D%3D\", \"lastBankSlipViewedDate\": null}, \"dateCreated\": \"2025-08-27 00:29:36\"}','2025-08-27 03:29:30'),(42,'asaas','PAYMENT_CREATED','sist2016','{\"id\": \"evt_05b708f961d739ea7eba7e4db318f621&10219147\", \"event\": \"PAYMENT_CREATED\", \"payment\": {\"id\": \"pay_dy0y8uby6uy1r321\", \"fine\": {\"type\": \"FIXED\", \"value\": 0.0}, \"value\": 90, \"escrow\": null, \"object\": \"payment\", \"status\": \"PENDING\", \"deleted\": false, \"dueDate\": \"2025-09-28\", \"refunds\": null, \"customer\": \"cus_000006966387\", \"discount\": {\"type\": \"FIXED\", \"value\": 0.0, \"limitDate\": null, \"dueDateLimitDays\": 0}, \"interest\": {\"type\": \"PERCENTAGE\", \"value\": 0.0}, \"netValue\": 89.01, \"creditDate\": null, \"invoiceUrl\": \"https://sandbox.asaas.com/i/dy0y8uby6uy1r321\", \"anticipable\": false, \"anticipated\": false, \"bankSlipUrl\": \"https://sandbox.asaas.com/b/pdf/dy0y8uby6uy1r321\", \"billingType\": \"BOLETO\", \"dateCreated\": \"2025-08-27\", \"description\": null, \"nossoNumero\": \"11295243\", \"paymentDate\": null, \"paymentLink\": null, \"subscription\": \"sub_grpg69iludfrtd6w\", \"interestValue\": null, \"invoiceNumber\": \"11127339\", \"originalValue\": null, \"postalService\": false, \"pixTransaction\": null, \"checkoutSession\": null, \"originalDueDate\": \"2025-09-28\", \"clientPaymentDate\": null, \"externalReference\": null, \"installmentNumber\": null, \"estimatedCreditDate\": null, \"canBePaidAfterDueDate\": true, \"lastInvoiceViewedDate\": null, \"transactionReceiptUrl\": null, \"lastBankSlipViewedDate\": null}, \"dateCreated\": \"2025-08-27 00:50:03\"}','2025-08-27 03:49:57'),(43,'asaas','PAYMENT_CREATED','sist2016','{\"id\": \"evt_05b708f961d739ea7eba7e4db318f621&10219149\", \"event\": \"PAYMENT_CREATED\", \"payment\": {\"id\": \"pay_2cv3i5wtvcpxxdhq\", \"fine\": {\"type\": \"FIXED\", \"value\": 0.0}, \"value\": 90, \"escrow\": null, \"object\": \"payment\", \"status\": \"PENDING\", \"deleted\": false, \"dueDate\": \"2025-09-28\", \"refunds\": null, \"customer\": \"cus_000006966387\", \"discount\": {\"type\": \"FIXED\", \"value\": 0.0, \"limitDate\": null, \"dueDateLimitDays\": 0}, \"interest\": {\"type\": \"PERCENTAGE\", \"value\": 0.0}, \"netValue\": 89.01, \"creditDate\": null, \"invoiceUrl\": \"https://sandbox.asaas.com/i/2cv3i5wtvcpxxdhq\", \"anticipable\": false, \"anticipated\": false, \"bankSlipUrl\": \"https://sandbox.asaas.com/b/pdf/2cv3i5wtvcpxxdhq\", \"billingType\": \"BOLETO\", \"dateCreated\": \"2025-08-27\", \"description\": null, \"nossoNumero\": \"11295290\", \"paymentDate\": null, \"paymentLink\": null, \"subscription\": \"sub_z2aye2fr8efvfue5\", \"interestValue\": null, \"invoiceNumber\": \"11127391\", \"originalValue\": null, \"postalService\": false, \"pixTransaction\": null, \"checkoutSession\": null, \"originalDueDate\": \"2025-09-28\", \"clientPaymentDate\": null, \"externalReference\": null, \"installmentNumber\": null, \"estimatedCreditDate\": null, \"canBePaidAfterDueDate\": true, \"lastInvoiceViewedDate\": null, \"transactionReceiptUrl\": null, \"lastBankSlipViewedDate\": null}, \"dateCreated\": \"2025-08-27 00:55:01\"}','2025-08-27 03:54:56'),(44,'asaas','PAYMENT_CREATED','sist2016','{\"id\": \"evt_05b708f961d739ea7eba7e4db318f621&10219160\", \"event\": \"PAYMENT_CREATED\", \"payment\": {\"id\": \"pay_8athlvo6v9jdciqq\", \"fine\": {\"type\": \"FIXED\", \"value\": 0.0}, \"value\": 39.9, \"escrow\": null, \"object\": \"payment\", \"status\": \"PENDING\", \"deleted\": false, \"dueDate\": \"2025-09-28\", \"refunds\": null, \"customer\": \"cus_000006966387\", \"discount\": {\"type\": \"FIXED\", \"value\": 0.0, \"limitDate\": null, \"dueDateLimitDays\": 0}, \"interest\": {\"type\": \"PERCENTAGE\", \"value\": 0.0}, \"netValue\": 38.91, \"creditDate\": null, \"invoiceUrl\": \"https://sandbox.asaas.com/i/8athlvo6v9jdciqq\", \"anticipable\": false, \"anticipated\": false, \"bankSlipUrl\": \"https://sandbox.asaas.com/b/pdf/8athlvo6v9jdciqq\", \"billingType\": \"BOLETO\", \"dateCreated\": \"2025-08-27\", \"description\": null, \"nossoNumero\": \"11295300\", \"paymentDate\": null, \"paymentLink\": null, \"subscription\": \"sub_0fy0e3k251d6nv7a\", \"interestValue\": null, \"invoiceNumber\": \"11127415\", \"originalValue\": null, \"postalService\": false, \"pixTransaction\": null, \"checkoutSession\": null, \"originalDueDate\": \"2025-09-28\", \"clientPaymentDate\": null, \"externalReference\": null, \"installmentNumber\": null, \"estimatedCreditDate\": null, \"canBePaidAfterDueDate\": true, \"lastInvoiceViewedDate\": null, \"transactionReceiptUrl\": null, \"lastBankSlipViewedDate\": null}, \"dateCreated\": \"2025-08-27 01:05:03\"}','2025-08-27 04:04:57'),(45,'asaas','','sist2016','{}','2025-09-04 21:16:42'),(46,'asaas','','sist2016','{}','2025-09-04 21:16:48'),(47,'asaas','PAYMENT_CREATED','sist2016','{\"id\": \"evt_05b708f961d739ea7eba7e4db318f621&10323125\", \"event\": \"PAYMENT_CREATED\", \"payment\": {\"id\": \"pay_5x51wb9ew1iqrovd\", \"fine\": {\"type\": \"FIXED\", \"value\": 0.0}, \"value\": 19, \"escrow\": null, \"object\": \"payment\", \"status\": \"PENDING\", \"deleted\": false, \"dueDate\": \"2025-09-05\", \"refunds\": null, \"customer\": \"cus_000006996552\", \"discount\": {\"type\": \"FIXED\", \"value\": 0.0, \"limitDate\": null, \"dueDateLimitDays\": 0}, \"interest\": {\"type\": \"PERCENTAGE\", \"value\": 0.0}, \"netValue\": 18.01, \"creditDate\": null, \"invoiceUrl\": \"https://sandbox.asaas.com/i/5x51wb9ew1iqrovd\", \"anticipable\": false, \"anticipated\": false, \"bankSlipUrl\": \"https://sandbox.asaas.com/b/pdf/5x51wb9ew1iqrovd\", \"billingType\": \"BOLETO\", \"dateCreated\": \"2025-09-04\", \"description\": null, \"nossoNumero\": \"11332030\", \"paymentDate\": null, \"paymentLink\": null, \"subscription\": \"sub_df1pbnvwpjc9uecd\", \"interestValue\": null, \"invoiceNumber\": \"11221872\", \"originalValue\": null, \"postalService\": false, \"pixTransaction\": null, \"checkoutSession\": null, \"originalDueDate\": \"2025-09-05\", \"clientPaymentDate\": null, \"externalReference\": null, \"installmentNumber\": null, \"estimatedCreditDate\": null, \"canBePaidAfterDueDate\": true, \"lastInvoiceViewedDate\": null, \"transactionReceiptUrl\": null, \"lastBankSlipViewedDate\": null}, \"dateCreated\": \"2025-09-04 18:08:24\"}','2025-09-04 21:42:19'),(48,'asaas','SUBSCRIPTION_CREATED','sist2016','{\"id\": \"evt_6561b631fa5580caadd00bbe3b858607&10323124\", \"event\": \"SUBSCRIPTION_CREATED\", \"dateCreated\": \"2025-09-04 18:08:23\", \"subscription\": {\"id\": \"sub_df1pbnvwpjc9uecd\", \"fine\": {\"type\": \"FIXED\", \"value\": 0.0}, \"cycle\": \"MONTHLY\", \"split\": null, \"value\": 19, \"object\": \"subscription\", \"status\": \"ACTIVE\", \"deleted\": false, \"customer\": \"cus_000006996552\", \"interest\": {\"type\": \"PERCENTAGE\", \"value\": 0.0}, \"billingType\": \"BOLETO\", \"dateCreated\": \"04/09/2025\", \"description\": null, \"nextDueDate\": \"05/10/2025\", \"paymentLink\": null, \"checkoutSession\": null, \"externalReference\": null, \"sendPaymentByPostalService\": false}}','2025-09-04 21:42:19'),(49,'asaas','PAYMENT_CREATED','sist2016','{\"id\": \"evt_05b708f961d739ea7eba7e4db318f621&10323300\", \"event\": \"PAYMENT_CREATED\", \"payment\": {\"id\": \"pay_aot5x8kcdclllvhy\", \"fine\": {\"type\": \"FIXED\", \"value\": 0.0}, \"value\": 39.9, \"escrow\": null, \"object\": \"payment\", \"status\": \"PENDING\", \"deleted\": false, \"dueDate\": \"2025-09-05\", \"refunds\": null, \"customer\": \"cus_000006996552\", \"discount\": {\"type\": \"FIXED\", \"value\": 0.0, \"limitDate\": null, \"dueDateLimitDays\": 0}, \"interest\": {\"type\": \"PERCENTAGE\", \"value\": 0.0}, \"netValue\": 38.91, \"creditDate\": null, \"invoiceUrl\": \"https://sandbox.asaas.com/i/aot5x8kcdclllvhy\", \"anticipable\": false, \"anticipated\": false, \"bankSlipUrl\": \"https://sandbox.asaas.com/b/pdf/aot5x8kcdclllvhy\", \"billingType\": \"BOLETO\", \"dateCreated\": \"2025-09-04\", \"description\": null, \"nossoNumero\": \"11332072\", \"paymentDate\": null, \"paymentLink\": null, \"subscription\": \"sub_exfk43j09dopy33m\", \"interestValue\": null, \"invoiceNumber\": \"11222016\", \"originalValue\": null, \"postalService\": false, \"pixTransaction\": null, \"checkoutSession\": null, \"originalDueDate\": \"2025-09-05\", \"clientPaymentDate\": null, \"externalReference\": null, \"installmentNumber\": null, \"estimatedCreditDate\": null, \"canBePaidAfterDueDate\": true, \"lastInvoiceViewedDate\": null, \"transactionReceiptUrl\": null, \"lastBankSlipViewedDate\": null}, \"dateCreated\": \"2025-09-04 18:42:42\"}','2025-09-04 21:42:37'),(50,'asaas','SUBSCRIPTION_CREATED','sist2016','{\"id\": \"evt_6561b631fa5580caadd00bbe3b858607&10323299\", \"event\": \"SUBSCRIPTION_CREATED\", \"dateCreated\": \"2025-09-04 18:42:41\", \"subscription\": {\"id\": \"sub_exfk43j09dopy33m\", \"fine\": {\"type\": \"FIXED\", \"value\": 0.0}, \"cycle\": \"MONTHLY\", \"split\": null, \"value\": 39.9, \"object\": \"subscription\", \"status\": \"ACTIVE\", \"deleted\": false, \"customer\": \"cus_000006996552\", \"interest\": {\"type\": \"PERCENTAGE\", \"value\": 0.0}, \"billingType\": \"BOLETO\", \"dateCreated\": \"04/09/2025\", \"description\": null, \"nextDueDate\": \"05/10/2025\", \"paymentLink\": null, \"checkoutSession\": null, \"externalReference\": null, \"sendPaymentByPostalService\": false}}','2025-09-04 21:42:40'),(51,'asaas','PAYMENT_DELETED','sist2016','{\"id\": \"evt_d545b50fbb17a226c5f4f4fd193922b7&10323302\", \"event\": \"PAYMENT_DELETED\", \"payment\": {\"id\": \"pay_5x51wb9ew1iqrovd\", \"fine\": {\"type\": \"FIXED\", \"value\": 0.0}, \"value\": 19, \"escrow\": null, \"object\": \"payment\", \"status\": \"PENDING\", \"deleted\": true, \"dueDate\": \"2025-09-05\", \"refunds\": null, \"customer\": \"cus_000006996552\", \"discount\": {\"type\": \"FIXED\", \"value\": 0.0, \"limitDate\": null, \"dueDateLimitDays\": 0}, \"interest\": {\"type\": \"PERCENTAGE\", \"value\": 0.0}, \"netValue\": 18.01, \"creditDate\": null, \"invoiceUrl\": \"https://sandbox.asaas.com/i/5x51wb9ew1iqrovd\", \"anticipable\": false, \"anticipated\": false, \"bankSlipUrl\": \"https://sandbox.asaas.com/b/pdf/5x51wb9ew1iqrovd\", \"billingType\": \"BOLETO\", \"dateCreated\": \"2025-09-04\", \"description\": null, \"nossoNumero\": \"11332030\", \"paymentDate\": null, \"paymentLink\": null, \"subscription\": \"sub_df1pbnvwpjc9uecd\", \"interestValue\": null, \"invoiceNumber\": \"11221872\", \"originalValue\": null, \"postalService\": false, \"pixTransaction\": null, \"checkoutSession\": null, \"originalDueDate\": \"2025-09-05\", \"clientPaymentDate\": null, \"externalReference\": null, \"installmentNumber\": null, \"estimatedCreditDate\": null, \"canBePaidAfterDueDate\": true, \"lastInvoiceViewedDate\": null, \"transactionReceiptUrl\": \"https://sandbox.asaas.com/comprovantes/h/UEFZTUVOVF9ERUxFVEVEOnBheV81eDUxd2I5ZXcxaXFyb3Zk\", \"lastBankSlipViewedDate\": null}, \"dateCreated\": \"2025-09-04 18:43:01\"}','2025-09-04 21:42:57'),(52,'asaas','PAYMENT_RECEIVED','sist2016','{\"id\": \"evt_d26e303b238e509335ac9ba210e51b0f&10323303\", \"event\": \"PAYMENT_RECEIVED\", \"payment\": {\"id\": \"pay_aot5x8kcdclllvhy\", \"fine\": {\"type\": \"FIXED\", \"value\": 0.0}, \"value\": 39.9, \"escrow\": null, \"object\": \"payment\", \"status\": \"RECEIVED\", \"deleted\": false, \"dueDate\": \"2025-09-05\", \"refunds\": null, \"customer\": \"cus_000006996552\", \"discount\": {\"type\": \"FIXED\", \"value\": 0.0, \"limitDate\": null, \"dueDateLimitDays\": 0}, \"interest\": {\"type\": \"PERCENTAGE\", \"value\": 0.0}, \"netValue\": 38.91, \"creditDate\": \"2025-09-04\", \"invoiceUrl\": \"https://sandbox.asaas.com/i/aot5x8kcdclllvhy\", \"anticipable\": false, \"anticipated\": false, \"bankSlipUrl\": \"https://sandbox.asaas.com/b/pdf/aot5x8kcdclllvhy\", \"billingType\": \"BOLETO\", \"dateCreated\": \"2025-09-04\", \"description\": null, \"nossoNumero\": \"11332072\", \"paymentDate\": \"2025-09-04\", \"paymentLink\": null, \"subscription\": \"sub_exfk43j09dopy33m\", \"confirmedDate\": \"2025-09-04\", \"interestValue\": null, \"invoiceNumber\": \"11222016\", \"originalValue\": null, \"postalService\": false, \"pixTransaction\": null, \"checkoutSession\": null, \"originalDueDate\": \"2025-09-05\", \"clientPaymentDate\": \"2025-09-04\", \"externalReference\": null, \"installmentNumber\": null, \"estimatedCreditDate\": \"2025-09-04\", \"canBePaidAfterDueDate\": true, \"lastInvoiceViewedDate\": null, \"transactionReceiptUrl\": \"https://sandbox.asaas.com/comprovantes/h/UEFZTUVOVF9SRUNFSVZFRDpwYXlfYW90NXg4a2NkY2xsbHZoeQ%3D%3D\", \"lastBankSlipViewedDate\": null}, \"dateCreated\": \"2025-09-04 18:43:12\"}','2025-09-04 21:43:07'),(53,'asaas','PAYMENT_CREATED','sist2016','{\"id\": \"evt_05b708f961d739ea7eba7e4db318f621&10323871\", \"event\": \"PAYMENT_CREATED\", \"payment\": {\"id\": \"pay_hke3jxfovomh9rsq\", \"fine\": {\"type\": \"FIXED\", \"value\": 0.0}, \"value\": 19, \"escrow\": null, \"object\": \"payment\", \"status\": \"PENDING\", \"deleted\": false, \"dueDate\": \"2025-10-05\", \"refunds\": null, \"customer\": \"cus_000006995636\", \"discount\": {\"type\": \"FIXED\", \"value\": 0.0, \"limitDate\": null, \"dueDateLimitDays\": 0}, \"interest\": {\"type\": \"PERCENTAGE\", \"value\": 0.0}, \"netValue\": 18.01, \"creditDate\": null, \"invoiceUrl\": \"https://sandbox.asaas.com/i/hke3jxfovomh9rsq\", \"anticipable\": false, \"anticipated\": false, \"bankSlipUrl\": \"https://sandbox.asaas.com/b/pdf/hke3jxfovomh9rsq\", \"billingType\": \"BOLETO\", \"dateCreated\": \"2025-09-04\", \"description\": null, \"nossoNumero\": \"11332179\", \"paymentDate\": null, \"paymentLink\": null, \"subscription\": \"sub_r4hj5fywhusywdwm\", \"interestValue\": null, \"invoiceNumber\": \"11222592\", \"originalValue\": null, \"postalService\": false, \"pixTransaction\": null, \"checkoutSession\": null, \"originalDueDate\": \"2025-10-05\", \"clientPaymentDate\": null, \"externalReference\": null, \"installmentNumber\": null, \"estimatedCreditDate\": null, \"canBePaidAfterDueDate\": true, \"lastInvoiceViewedDate\": null, \"transactionReceiptUrl\": null, \"lastBankSlipViewedDate\": null}, \"dateCreated\": \"2025-09-04 20:00:31\"}','2025-09-04 23:00:27'),(54,'asaas','PAYMENT_CREATED','sist2016','{\"id\": \"evt_05b708f961d739ea7eba7e4db318f621&10323872\", \"event\": \"PAYMENT_CREATED\", \"payment\": {\"id\": \"pay_r8uqshba3qvotfal\", \"fine\": {\"type\": \"FIXED\", \"value\": 0.0}, \"value\": 19, \"escrow\": null, \"object\": \"payment\", \"status\": \"PENDING\", \"deleted\": false, \"dueDate\": \"2025-10-05\", \"refunds\": null, \"customer\": \"cus_000006995743\", \"discount\": {\"type\": \"FIXED\", \"value\": 0.0, \"limitDate\": null, \"dueDateLimitDays\": 0}, \"interest\": {\"type\": \"PERCENTAGE\", \"value\": 0.0}, \"netValue\": 18.01, \"creditDate\": null, \"invoiceUrl\": \"https://sandbox.asaas.com/i/r8uqshba3qvotfal\", \"anticipable\": false, \"anticipated\": false, \"bankSlipUrl\": \"https://sandbox.asaas.com/b/pdf/r8uqshba3qvotfal\", \"billingType\": \"BOLETO\", \"dateCreated\": \"2025-09-04\", \"description\": null, \"nossoNumero\": \"11332181\", \"paymentDate\": null, \"paymentLink\": null, \"subscription\": \"sub_9isdvmdj1qywd1dg\", \"interestValue\": null, \"invoiceNumber\": \"11222594\", \"originalValue\": null, \"postalService\": false, \"pixTransaction\": null, \"checkoutSession\": null, \"originalDueDate\": \"2025-10-05\", \"clientPaymentDate\": null, \"externalReference\": null, \"installmentNumber\": null, \"estimatedCreditDate\": null, \"canBePaidAfterDueDate\": true, \"lastInvoiceViewedDate\": null, \"transactionReceiptUrl\": null, \"lastBankSlipViewedDate\": null}, \"dateCreated\": \"2025-09-04 20:00:31\"}','2025-09-04 23:00:27'),(55,'asaas','PAYMENT_CREATED','sist2016','{\"id\": \"evt_05b708f961d739ea7eba7e4db318f621&10323873\", \"event\": \"PAYMENT_CREATED\", \"payment\": {\"id\": \"pay_jnfh50uzt2zasiq0\", \"fine\": {\"type\": \"FIXED\", \"value\": 0.0}, \"value\": 19, \"escrow\": null, \"object\": \"payment\", \"status\": \"PENDING\", \"deleted\": false, \"dueDate\": \"2025-10-05\", \"refunds\": null, \"customer\": \"cus_000006995906\", \"discount\": {\"type\": \"FIXED\", \"value\": 0.0, \"limitDate\": null, \"dueDateLimitDays\": 0}, \"interest\": {\"type\": \"PERCENTAGE\", \"value\": 0.0}, \"netValue\": 18.01, \"creditDate\": null, \"invoiceUrl\": \"https://sandbox.asaas.com/i/jnfh50uzt2zasiq0\", \"anticipable\": false, \"anticipated\": false, \"bankSlipUrl\": \"https://sandbox.asaas.com/b/pdf/jnfh50uzt2zasiq0\", \"billingType\": \"BOLETO\", \"dateCreated\": \"2025-09-04\", \"description\": null, \"nossoNumero\": \"11332184\", \"paymentDate\": null, \"paymentLink\": null, \"subscription\": \"sub_f8j4lu2vcsphl2oo\", \"interestValue\": null, \"invoiceNumber\": \"11222597\", \"originalValue\": null, \"postalService\": false, \"pixTransaction\": null, \"checkoutSession\": null, \"originalDueDate\": \"2025-10-05\", \"clientPaymentDate\": null, \"externalReference\": null, \"installmentNumber\": null, \"estimatedCreditDate\": null, \"canBePaidAfterDueDate\": true, \"lastInvoiceViewedDate\": null, \"transactionReceiptUrl\": null, \"lastBankSlipViewedDate\": null}, \"dateCreated\": \"2025-09-04 20:00:31\"}','2025-09-04 23:00:27'),(56,'asaas','PAYMENT_CREATED','sist2016','{\"id\": \"evt_05b708f961d739ea7eba7e4db318f621&10323875\", \"event\": \"PAYMENT_CREATED\", \"payment\": {\"id\": \"pay_ffmcc6uwejcom11i\", \"fine\": {\"type\": \"FIXED\", \"value\": 0.0}, \"value\": 19, \"escrow\": null, \"object\": \"payment\", \"status\": \"PENDING\", \"deleted\": false, \"dueDate\": \"2025-10-05\", \"refunds\": null, \"customer\": \"cus_000006996552\", \"discount\": {\"type\": \"FIXED\", \"value\": 0.0, \"limitDate\": null, \"dueDateLimitDays\": 0}, \"interest\": {\"type\": \"PERCENTAGE\", \"value\": 0.0}, \"netValue\": 18.01, \"creditDate\": null, \"invoiceUrl\": \"https://sandbox.asaas.com/i/ffmcc6uwejcom11i\", \"anticipable\": false, \"anticipated\": false, \"bankSlipUrl\": \"https://sandbox.asaas.com/b/pdf/ffmcc6uwejcom11i\", \"billingType\": \"BOLETO\", \"dateCreated\": \"2025-09-04\", \"description\": null, \"nossoNumero\": \"11332186\", \"paymentDate\": null, \"paymentLink\": null, \"subscription\": \"sub_bhxdz3xhqsrzmpzd\", \"interestValue\": null, \"invoiceNumber\": \"11222601\", \"originalValue\": null, \"postalService\": false, \"pixTransaction\": null, \"checkoutSession\": null, \"originalDueDate\": \"2025-10-05\", \"clientPaymentDate\": null, \"externalReference\": null, \"installmentNumber\": null, \"estimatedCreditDate\": null, \"canBePaidAfterDueDate\": true, \"lastInvoiceViewedDate\": null, \"transactionReceiptUrl\": null, \"lastBankSlipViewedDate\": null}, \"dateCreated\": \"2025-09-04 20:00:33\"}','2025-09-04 23:00:28'),(57,'asaas','PAYMENT_CREATED','sist2016','{\"id\": \"evt_05b708f961d739ea7eba7e4db318f621&10323877\", \"event\": \"PAYMENT_CREATED\", \"payment\": {\"id\": \"pay_9cs1glolwkdkvdf8\", \"fine\": {\"type\": \"FIXED\", \"value\": 0.0}, \"value\": 19, \"escrow\": null, \"object\": \"payment\", \"status\": \"PENDING\", \"deleted\": false, \"dueDate\": \"2025-10-05\", \"refunds\": null, \"customer\": \"cus_000006996552\", \"discount\": {\"type\": \"FIXED\", \"value\": 0.0, \"limitDate\": null, \"dueDateLimitDays\": 0}, \"interest\": {\"type\": \"PERCENTAGE\", \"value\": 0.0}, \"netValue\": 18.01, \"creditDate\": null, \"invoiceUrl\": \"https://sandbox.asaas.com/i/9cs1glolwkdkvdf8\", \"anticipable\": false, \"anticipated\": false, \"bankSlipUrl\": \"https://sandbox.asaas.com/b/pdf/9cs1glolwkdkvdf8\", \"billingType\": \"BOLETO\", \"dateCreated\": \"2025-09-04\", \"description\": null, \"nossoNumero\": \"11332189\", \"paymentDate\": null, \"paymentLink\": null, \"subscription\": \"sub_uv83yuov3zjpm9j2\", \"interestValue\": null, \"invoiceNumber\": \"11222604\", \"originalValue\": null, \"postalService\": false, \"pixTransaction\": null, \"checkoutSession\": null, \"originalDueDate\": \"2025-10-05\", \"clientPaymentDate\": null, \"externalReference\": null, \"installmentNumber\": null, \"estimatedCreditDate\": null, \"canBePaidAfterDueDate\": true, \"lastInvoiceViewedDate\": null, \"transactionReceiptUrl\": null, \"lastBankSlipViewedDate\": null}, \"dateCreated\": \"2025-09-04 20:00:33\"}','2025-09-04 23:00:28'),(58,'asaas','PAYMENT_CREATED','sist2016','{\"id\": \"evt_05b708f961d739ea7eba7e4db318f621&10323880\", \"event\": \"PAYMENT_CREATED\", \"payment\": {\"id\": \"pay_z3lhisjxjfo5h3oa\", \"fine\": {\"type\": \"FIXED\", \"value\": 0.0}, \"value\": 39.9, \"escrow\": null, \"object\": \"payment\", \"status\": \"PENDING\", \"deleted\": false, \"dueDate\": \"2025-10-05\", \"refunds\": null, \"customer\": \"cus_000006996552\", \"discount\": {\"type\": \"FIXED\", \"value\": 0.0, \"limitDate\": null, \"dueDateLimitDays\": 0}, \"interest\": {\"type\": \"PERCENTAGE\", \"value\": 0.0}, \"netValue\": 38.91, \"creditDate\": null, \"invoiceUrl\": \"https://sandbox.asaas.com/i/z3lhisjxjfo5h3oa\", \"anticipable\": false, \"anticipated\": false, \"bankSlipUrl\": \"https://sandbox.asaas.com/b/pdf/z3lhisjxjfo5h3oa\", \"billingType\": \"BOLETO\", \"dateCreated\": \"2025-09-04\", \"description\": null, \"nossoNumero\": \"11332190\", \"paymentDate\": null, \"paymentLink\": null, \"subscription\": \"sub_nmdmuaicl17ba6en\", \"interestValue\": null, \"invoiceNumber\": \"11222605\", \"originalValue\": null, \"postalService\": false, \"pixTransaction\": null, \"checkoutSession\": null, \"originalDueDate\": \"2025-10-05\", \"clientPaymentDate\": null, \"externalReference\": null, \"installmentNumber\": null, \"estimatedCreditDate\": null, \"canBePaidAfterDueDate\": true, \"lastInvoiceViewedDate\": null, \"transactionReceiptUrl\": null, \"lastBankSlipViewedDate\": null}, \"dateCreated\": \"2025-09-04 20:00:33\"}','2025-09-04 23:00:30'),(59,'asaas','PAYMENT_CREATED','sist2016','{\"id\": \"evt_05b708f961d739ea7eba7e4db318f621&10323882\", \"event\": \"PAYMENT_CREATED\", \"payment\": {\"id\": \"pay_aclf90mej8vu3qmo\", \"fine\": {\"type\": \"FIXED\", \"value\": 0.0}, \"value\": 19, \"escrow\": null, \"object\": \"payment\", \"status\": \"PENDING\", \"deleted\": false, \"dueDate\": \"2025-10-05\", \"refunds\": null, \"customer\": \"cus_000006996552\", \"discount\": {\"type\": \"FIXED\", \"value\": 0.0, \"limitDate\": null, \"dueDateLimitDays\": 0}, \"interest\": {\"type\": \"PERCENTAGE\", \"value\": 0.0}, \"netValue\": 18.01, \"creditDate\": null, \"invoiceUrl\": \"https://sandbox.asaas.com/i/aclf90mej8vu3qmo\", \"anticipable\": false, \"anticipated\": false, \"bankSlipUrl\": \"https://sandbox.asaas.com/b/pdf/aclf90mej8vu3qmo\", \"billingType\": \"BOLETO\", \"dateCreated\": \"2025-09-04\", \"description\": null, \"nossoNumero\": \"11332191\", \"paymentDate\": null, \"paymentLink\": null, \"subscription\": \"sub_c7spesw2z2iilveb\", \"interestValue\": null, \"invoiceNumber\": \"11222606\", \"originalValue\": null, \"postalService\": false, \"pixTransaction\": null, \"checkoutSession\": null, \"originalDueDate\": \"2025-10-05\", \"clientPaymentDate\": null, \"externalReference\": null, \"installmentNumber\": null, \"estimatedCreditDate\": null, \"canBePaidAfterDueDate\": true, \"lastInvoiceViewedDate\": null, \"transactionReceiptUrl\": null, \"lastBankSlipViewedDate\": null}, \"dateCreated\": \"2025-09-04 20:00:33\"}','2025-09-04 23:00:30'),(60,'asaas','PAYMENT_CREATED','sist2016','{\"id\": \"evt_05b708f961d739ea7eba7e4db318f621&10323884\", \"event\": \"PAYMENT_CREATED\", \"payment\": {\"id\": \"pay_w0dhsh8u61nq8uvn\", \"fine\": {\"type\": \"FIXED\", \"value\": 0.0}, \"value\": 39.9, \"escrow\": null, \"object\": \"payment\", \"status\": \"PENDING\", \"deleted\": false, \"dueDate\": \"2025-10-05\", \"refunds\": null, \"customer\": \"cus_000006996552\", \"discount\": {\"type\": \"FIXED\", \"value\": 0.0, \"limitDate\": null, \"dueDateLimitDays\": 0}, \"interest\": {\"type\": \"PERCENTAGE\", \"value\": 0.0}, \"netValue\": 38.91, \"creditDate\": null, \"invoiceUrl\": \"https://sandbox.asaas.com/i/w0dhsh8u61nq8uvn\", \"anticipable\": false, \"anticipated\": false, \"bankSlipUrl\": \"https://sandbox.asaas.com/b/pdf/w0dhsh8u61nq8uvn\", \"billingType\": \"BOLETO\", \"dateCreated\": \"2025-09-04\", \"description\": null, \"nossoNumero\": \"11332192\", \"paymentDate\": null, \"paymentLink\": null, \"subscription\": \"sub_vjossxhs4chjx94i\", \"interestValue\": null, \"invoiceNumber\": \"11222607\", \"originalValue\": null, \"postalService\": false, \"pixTransaction\": null, \"checkoutSession\": null, \"originalDueDate\": \"2025-10-05\", \"clientPaymentDate\": null, \"externalReference\": null, \"installmentNumber\": null, \"estimatedCreditDate\": null, \"canBePaidAfterDueDate\": true, \"lastInvoiceViewedDate\": null, \"transactionReceiptUrl\": null, \"lastBankSlipViewedDate\": null}, \"dateCreated\": \"2025-09-04 20:00:33\"}','2025-09-04 23:00:30'),(61,'asaas','PAYMENT_CREATED','sist2016','{\"id\": \"evt_05b708f961d739ea7eba7e4db318f621&10323885\", \"event\": \"PAYMENT_CREATED\", \"payment\": {\"id\": \"pay_jp5wdb904vbqxuvl\", \"fine\": {\"type\": \"FIXED\", \"value\": 0.0}, \"value\": 19, \"escrow\": null, \"object\": \"payment\", \"status\": \"PENDING\", \"deleted\": false, \"dueDate\": \"2025-10-05\", \"refunds\": null, \"customer\": \"cus_000006996552\", \"discount\": {\"type\": \"FIXED\", \"value\": 0.0, \"limitDate\": null, \"dueDateLimitDays\": 0}, \"interest\": {\"type\": \"PERCENTAGE\", \"value\": 0.0}, \"netValue\": 18.01, \"creditDate\": null, \"invoiceUrl\": \"https://sandbox.asaas.com/i/jp5wdb904vbqxuvl\", \"anticipable\": false, \"anticipated\": false, \"bankSlipUrl\": \"https://sandbox.asaas.com/b/pdf/jp5wdb904vbqxuvl\", \"billingType\": \"BOLETO\", \"dateCreated\": \"2025-09-04\", \"description\": null, \"nossoNumero\": \"11332193\", \"paymentDate\": null, \"paymentLink\": null, \"subscription\": \"sub_8a2m6gdg9iiyn7nj\", \"interestValue\": null, \"invoiceNumber\": \"11222608\", \"originalValue\": null, \"postalService\": false, \"pixTransaction\": null, \"checkoutSession\": null, \"originalDueDate\": \"2025-10-05\", \"clientPaymentDate\": null, \"externalReference\": null, \"installmentNumber\": null, \"estimatedCreditDate\": null, \"canBePaidAfterDueDate\": true, \"lastInvoiceViewedDate\": null, \"transactionReceiptUrl\": null, \"lastBankSlipViewedDate\": null}, \"dateCreated\": \"2025-09-04 20:00:33\"}','2025-09-04 23:00:30'),(62,'asaas','PAYMENT_CREATED','sist2016','{\"id\": \"evt_05b708f961d739ea7eba7e4db318f621&10323886\", \"event\": \"PAYMENT_CREATED\", \"payment\": {\"id\": \"pay_uia3pxq6yzpfjr6k\", \"fine\": {\"type\": \"FIXED\", \"value\": 0.0}, \"value\": 39.9, \"escrow\": null, \"object\": \"payment\", \"status\": \"PENDING\", \"deleted\": false, \"dueDate\": \"2025-10-05\", \"refunds\": null, \"customer\": \"cus_000006996552\", \"discount\": {\"type\": \"FIXED\", \"value\": 0.0, \"limitDate\": null, \"dueDateLimitDays\": 0}, \"interest\": {\"type\": \"PERCENTAGE\", \"value\": 0.0}, \"netValue\": 38.91, \"creditDate\": null, \"invoiceUrl\": \"https://sandbox.asaas.com/i/uia3pxq6yzpfjr6k\", \"anticipable\": false, \"anticipated\": false, \"bankSlipUrl\": \"https://sandbox.asaas.com/b/pdf/uia3pxq6yzpfjr6k\", \"billingType\": \"BOLETO\", \"dateCreated\": \"2025-09-04\", \"description\": null, \"nossoNumero\": \"11332194\", \"paymentDate\": null, \"paymentLink\": null, \"subscription\": \"sub_9ldosxk0gxqg3ofv\", \"interestValue\": null, \"invoiceNumber\": \"11222609\", \"originalValue\": null, \"postalService\": false, \"pixTransaction\": null, \"checkoutSession\": null, \"originalDueDate\": \"2025-10-05\", \"clientPaymentDate\": null, \"externalReference\": null, \"installmentNumber\": null, \"estimatedCreditDate\": null, \"canBePaidAfterDueDate\": true, \"lastInvoiceViewedDate\": null, \"transactionReceiptUrl\": null, \"lastBankSlipViewedDate\": null}, \"dateCreated\": \"2025-09-04 20:00:33\"}','2025-09-04 23:00:30'),(63,'asaas','PAYMENT_CREATED','sist2016','{\"id\": \"evt_05b708f961d739ea7eba7e4db318f621&10323887\", \"event\": \"PAYMENT_CREATED\", \"payment\": {\"id\": \"pay_vdqfl9r7s7sqa7x9\", \"fine\": {\"type\": \"FIXED\", \"value\": 0.0}, \"value\": 19, \"escrow\": null, \"object\": \"payment\", \"status\": \"PENDING\", \"deleted\": false, \"dueDate\": \"2025-10-05\", \"refunds\": null, \"customer\": \"cus_000006996552\", \"discount\": {\"type\": \"FIXED\", \"value\": 0.0, \"limitDate\": null, \"dueDateLimitDays\": 0}, \"interest\": {\"type\": \"PERCENTAGE\", \"value\": 0.0}, \"netValue\": 18.01, \"creditDate\": null, \"invoiceUrl\": \"https://sandbox.asaas.com/i/vdqfl9r7s7sqa7x9\", \"anticipable\": false, \"anticipated\": false, \"bankSlipUrl\": \"https://sandbox.asaas.com/b/pdf/vdqfl9r7s7sqa7x9\", \"billingType\": \"BOLETO\", \"dateCreated\": \"2025-09-04\", \"description\": null, \"nossoNumero\": \"11332195\", \"paymentDate\": null, \"paymentLink\": null, \"subscription\": \"sub_df1pbnvwpjc9uecd\", \"interestValue\": null, \"invoiceNumber\": \"11222610\", \"originalValue\": null, \"postalService\": false, \"pixTransaction\": null, \"checkoutSession\": null, \"originalDueDate\": \"2025-10-05\", \"clientPaymentDate\": null, \"externalReference\": null, \"installmentNumber\": null, \"estimatedCreditDate\": null, \"canBePaidAfterDueDate\": true, \"lastInvoiceViewedDate\": null, \"transactionReceiptUrl\": null, \"lastBankSlipViewedDate\": null}, \"dateCreated\": \"2025-09-04 20:00:33\"}','2025-09-04 23:00:30'),(64,'asaas','PAYMENT_CREATED','sist2016','{\"id\": \"evt_05b708f961d739ea7eba7e4db318f621&10323888\", \"event\": \"PAYMENT_CREATED\", \"payment\": {\"id\": \"pay_vca1zjx76aqmd162\", \"fine\": {\"type\": \"FIXED\", \"value\": 0.0}, \"value\": 39.9, \"escrow\": null, \"object\": \"payment\", \"status\": \"PENDING\", \"deleted\": false, \"dueDate\": \"2025-10-05\", \"refunds\": null, \"customer\": \"cus_000006996552\", \"discount\": {\"type\": \"FIXED\", \"value\": 0.0, \"limitDate\": null, \"dueDateLimitDays\": 0}, \"interest\": {\"type\": \"PERCENTAGE\", \"value\": 0.0}, \"netValue\": 38.91, \"creditDate\": null, \"invoiceUrl\": \"https://sandbox.asaas.com/i/vca1zjx76aqmd162\", \"anticipable\": false, \"anticipated\": false, \"bankSlipUrl\": \"https://sandbox.asaas.com/b/pdf/vca1zjx76aqmd162\", \"billingType\": \"BOLETO\", \"dateCreated\": \"2025-09-04\", \"description\": null, \"nossoNumero\": \"11332196\", \"paymentDate\": null, \"paymentLink\": null, \"subscription\": \"sub_exfk43j09dopy33m\", \"interestValue\": null, \"invoiceNumber\": \"11222611\", \"originalValue\": null, \"postalService\": false, \"pixTransaction\": null, \"checkoutSession\": null, \"originalDueDate\": \"2025-10-05\", \"clientPaymentDate\": null, \"externalReference\": null, \"installmentNumber\": null, \"estimatedCreditDate\": null, \"canBePaidAfterDueDate\": true, \"lastInvoiceViewedDate\": null, \"transactionReceiptUrl\": null, \"lastBankSlipViewedDate\": null}, \"dateCreated\": \"2025-09-04 20:00:34\"}','2025-09-04 23:00:30');
/*!40000 ALTER TABLE `webhooks_log` ENABLE KEYS */;
UNLOCK TABLES;

--
-- Dumping events for database 'aviv'
--

--
-- Dumping routines for database 'aviv'
--
/*!40103 SET TIME_ZONE=@OLD_TIME_ZONE */;

/*!40101 SET SQL_MODE=@OLD_SQL_MODE */;
/*!40014 SET FOREIGN_KEY_CHECKS=@OLD_FOREIGN_KEY_CHECKS */;
/*!40014 SET UNIQUE_CHECKS=@OLD_UNIQUE_CHECKS */;
/*!40101 SET CHARACTER_SET_CLIENT=@OLD_CHARACTER_SET_CLIENT */;
/*!40101 SET CHARACTER_SET_RESULTS=@OLD_CHARACTER_SET_RESULTS */;
/*!40101 SET COLLATION_CONNECTION=@OLD_COLLATION_CONNECTION */;
/*!40111 SET SQL_NOTES=@OLD_SQL_NOTES */;

-- Dump completed on 2025-09-06 19:11:09
